{"type":"FeatureCollection","features":[{"type":"Feature","geometry":{"type":"Point","coordinates":[2.1815806522877668,48.85956353048998]},"properties":{"id":"IDFM:C01491","route_long_name":"37","stop_id":"IDFM:32274","stop_name":"Coll\u00e8ge Passy - Buzenval","stop_lon":"2.1815806522877668","stop_lat":"48.85956353048998","operatorname":"Keolis Argenteuil Boucles de Seine","shortname":"37","bookingrules":null,"mode":"Bus","nom_commune":"Rueil-Malmaison","code_insee":"92063"}},{"type":"Feature","geometry":{"type":"Point","coordinates":[2.194624285951372,48.826096204942594]},"properties":{"id":"IDFM:C01491","route_long_name":"37","stop_id":"IDFM:34352","stop_name":"Parc de Lesser","stop_lon":"2.194624285951372","stop_lat":"48.826096204942594","operatorname":"Keolis Argenteuil Boucles de Seine","shortname":"37","bookingrules":null,"mode":"Bus","nom_commune":"Ville-d'Avray","code_insee":"92077"}},{"type":"Feature","geometry":{"type":"Point","coordinates":[2.18176510160259,48.82178175252003]},"properties":{"id":"IDFM:C01491","route_long_name":"37","stop_id":"IDFM:20245","stop_name":"Les \u00c9tangs","stop_lon":"2.18176510160259","stop_lat":"48.82178175252003","operatorname":"Keolis Argenteuil Boucles de Seine","shortname":"37","bookingrules":null,"mode":"Bus","nom_commune":"Ville-d'Avray","code_insee":"92077"}},{"type":"Feature","geometry":{"type":"Point","coordinates":[2.1773132135038815,48.83028645878021]},"properties":{"id":"IDFM:C01491","route_long_name":"37","stop_id":"IDFM:34234","stop_name":"Mairie","stop_lon":"2.1773132135038815","stop_lat":"48.83028645878021","operatorname":"Keolis Argenteuil Boucles de Seine","shortname":"37","bookingrules":null,"mode":"Bus","nom_commune":"Marnes-la-Coquette","code_insee":"92047"}},{"type":"Feature","geometry":{"type":"Point","coordinates":[2.171260599259322,48.838258221936734]},"properties":{"id":"IDFM:C01491","route_long_name":"37","stop_id":"IDFM:34421","stop_name":"H\u00f4pital de Garches","stop_lon":"2.171260599259322","stop_lat":"48.838258221936734","operatorname":"Keolis Argenteuil Boucles de Seine","shortname":"37","bookingrules":null,"mode":"Bus","nom_commune":"Marnes-la-Coquette","code_insee":"92047"}},{"type":"Feature","geometry":{"type":"Point","coordinates":[2.1666438503618135,48.818529423768695]},"properties":{"id":"IDFM:C01491","route_long_name":"37","stop_id":"IDFM:20229","stop_name":"Fausses Reposes","stop_lon":"2.1666438503618135","stop_lat":"48.818529423768695","operatorname":"Keolis Argenteuil Boucles de Seine","shortname":"37","bookingrules":null,"mode":"Bus","nom_commune":"Ville-d'Avray","code_insee":"92077"}},{"type":"Feature","geometry":{"type":"Point","coordinates":[2.190415219030481,48.82258712890007]},"properties":{"id":"IDFM:C01491","route_long_name":"37","stop_id":"IDFM:34358","stop_name":"La Ronce","stop_lon":"2.190415219030481","stop_lat":"48.82258712890007","operatorname":"Keolis Argenteuil Boucles de Seine","shortname":"37","bookingrules":null,"mode":"Bus","nom_commune":"Ville-d'Avray","code_insee":"92077"}},{"type":"Feature","geometry":{"type":"Point","coordinates":[2.194745200663038,48.826204946262166]},"properties":{"id":"IDFM:C01491","route_long_name":"37","stop_id":"IDFM:35994","stop_name":"Parc de Lesser","stop_lon":"2.194745200663038","stop_lat":"48.826204946262166","operatorname":"Keolis Argenteuil Boucles de Seine","shortname":"37","bookingrules":null,"mode":"Bus","nom_commune":"Ville-d'Avray","code_insee":"92077"}},{"type":"Feature","geometry":{"type":"Point","coordinates":[2.2051346979299087,48.84789560219237]},"properties":{"id":"IDFM:C01492","route_long_name":"40","stop_id":"IDFM:34372","stop_name":"Cimeti\u00e8re","stop_lon":"2.2051346979299087","stop_lat":"48.84789560219237","operatorname":"Keolis Argenteuil Boucles de Seine","shortname":"40","bookingrules":null,"mode":"Bus","nom_commune":"Saint-Cloud","code_insee":"92064"}},{"type":"Feature","geometry":{"type":"Point","coordinates":[2.213718180677688,48.849814020955016]},"properties":{"id":"IDFM:C01492","route_long_name":"40","stop_id":"IDFM:21196","stop_name":"Lyc\u00e9e Alexandre Dumas","stop_lon":"2.213718180677688","stop_lat":"48.849814020955016","operatorname":"Keolis Argenteuil Boucles de Seine","shortname":"40","bookingrules":null,"mode":"Bus","nom_commune":"Saint-Cloud","code_insee":"92064"}},{"type":"Feature","geometry":{"type":"Point","coordinates":[2.211259815651757,48.856471154556225]},"properties":{"id":"IDFM:C01492","route_long_name":"40","stop_id":"IDFM:24914","stop_name":"La B\u00e9rang\u00e8re","stop_lon":"2.211259815651757","stop_lat":"48.856471154556225","operatorname":"Keolis Argenteuil Boucles de Seine","shortname":"40","bookingrules":null,"mode":"Bus","nom_commune":"Saint-Cloud","code_insee":"92064"}},{"type":"Feature","geometry":{"type":"Point","coordinates":[2.2125481879209032,48.85238751835673]},"properties":{"id":"IDFM:C01492","route_long_name":"40","stop_id":"IDFM:26096","stop_name":"Marie Bonaparte","stop_lon":"2.2125481879209032","stop_lat":"48.85238751835673","operatorname":"Keolis Argenteuil Boucles de Seine","shortname":"40","bookingrules":null,"mode":"Bus","nom_commune":"Saint-Cloud","code_insee":"92064"}},{"type":"Feature","geometry":{"type":"Point","coordinates":[2.2137440189280455,48.84900475658292]},"properties":{"id":"IDFM:C01492","route_long_name":"40","stop_id":"IDFM:24915","stop_name":"Lyc\u00e9e Alexandre Dumas","stop_lon":"2.2137440189280455","stop_lat":"48.84900475658292","operatorname":"Keolis Argenteuil Boucles de Seine","shortname":"40","bookingrules":null,"mode":"Bus","nom_commune":"Saint-Cloud","code_insee":"92064"}},{"type":"Feature","geometry":{"type":"Point","coordinates":[2.2086941967445357,48.84771234212501]},"properties":{"id":"IDFM:C01492","route_long_name":"40","stop_id":"IDFM:413293","stop_name":"\u00c9glise de Saint-Cloud","stop_lon":"2.2086941967445357","stop_lat":"48.84771234212501","operatorname":"Keolis Argenteuil Boucles de Seine","shortname":"40","bookingrules":null,"mode":"Bus","nom_commune":"Saint-Cloud","code_insee":"92064"}},{"type":"Feature","geometry":{"type":"Point","coordinates":[2.139212177530877,48.85987783854257]},"properties":{"id":"IDFM:C01755","route_long_name":"D","stop_id":"IDFM:32069","stop_name":"La Feuilleraie","stop_lon":"2.139212177530877","stop_lat":"48.85987783854257","operatorname":"Keolis Argenteuil Boucles de Seine","shortname":"D","bookingrules":null,"mode":"Bus","nom_commune":"Bougival","code_insee":"78092"}},{"type":"Feature","geometry":{"type":"Point","coordinates":[2.1298889095822924,48.838656959666594]},"properties":{"id":"IDFM:C01755","route_long_name":"D","stop_id":"IDFM:474277","stop_name":"Puits d'Angle","stop_lon":"2.1298889095822924","stop_lat":"48.838656959666594","operatorname":"Keolis Argenteuil Boucles de Seine","shortname":"D","bookingrules":null,"mode":"Bus","nom_commune":"La Celle-Saint-Cloud","code_insee":"78126"}},{"type":"Feature","geometry":{"type":"Point","coordinates":[2.130910739163285,48.846830818310515]},"properties":{"id":"IDFM:C01755","route_long_name":"D","stop_id":"IDFM:32180","stop_name":"Pr\u00e9 d'Orient","stop_lon":"2.130910739163285","stop_lat":"48.846830818310515","operatorname":"Keolis Argenteuil Boucles de Seine","shortname":"D","bookingrules":null,"mode":"Bus","nom_commune":"La Celle-Saint-Cloud","code_insee":"78126"}},{"type":"Feature","geometry":{"type":"Point","coordinates":[2.131049143698507,48.85078910296662]},"properties":{"id":"IDFM:C01755","route_long_name":"D","stop_id":"IDFM:32090","stop_name":"Les Gressets","stop_lon":"2.131049143698507","stop_lat":"48.85078910296662","operatorname":"Keolis Argenteuil Boucles de Seine","shortname":"D","bookingrules":null,"mode":"Bus","nom_commune":"La Celle-Saint-Cloud","code_insee":"78126"}},{"type":"Feature","geometry":{"type":"Point","coordinates":[2.138064241292612,48.87241574177927]},"properties":{"id":"IDFM:C01755","route_long_name":"D","stop_id":"IDFM:32012","stop_name":"Augier","stop_lon":"2.138064241292612","stop_lat":"48.87241574177927","operatorname":"Keolis Argenteuil Boucles de Seine","shortname":"D","bookingrules":null,"mode":"Bus","nom_commune":"Croissy-sur-Seine","code_insee":"78190"}},{"type":"Feature","geometry":{"type":"Point","coordinates":[2.1490818707881876,48.879833326755325]},"properties":{"id":"IDFM:C01755","route_long_name":"D","stop_id":"IDFM:32197","stop_name":"La Roseraie","stop_lon":"2.1490818707881876","stop_lat":"48.879833326755325","operatorname":"Keolis Argenteuil Boucles de Seine","shortname":"D","bookingrules":null,"mode":"Bus","nom_commune":"Croissy-sur-Seine","code_insee":"78190"}},{"type":"Feature","geometry":{"type":"Point","coordinates":[2.185970125529728,48.93193611351462]},"properties":{"id":"IDFM:C01775","route_long_name":"S6","stop_id":"IDFM:7617","stop_name":"Cimeti\u00e8re","stop_lon":"2.185970125529728","stop_lat":"48.93193611351462","operatorname":"Keolis Argenteuil Boucles de Seine","shortname":"S6","bookingrules":null,"mode":"Bus","nom_commune":"Houilles","code_insee":"78311"}},{"type":"Feature","geometry":{"type":"Point","coordinates":[2.186127431282724,48.93322318994297]},"properties":{"id":"IDFM:C01775","route_long_name":"S6","stop_id":"IDFM:7622","stop_name":"\u00c9coles","stop_lon":"2.186127431282724","stop_lat":"48.93322318994297","operatorname":"Keolis Argenteuil Boucles de Seine","shortname":"S6","bookingrules":null,"mode":"Bus","nom_commune":"Houilles","code_insee":"78311"}},{"type":"Feature","geometry":{"type":"Point","coordinates":[2.1977378998418806,48.922950432042434]},"properties":{"id":"IDFM:C02629","route_long_name":"N","stop_id":"IDFM:488672","stop_name":"Sarrazin - Yser","stop_lon":"2.1977378998418806","stop_lat":"48.922950432042434","operatorname":"Keolis Argenteuil Boucles de Seine","shortname":"N","bookingrules":null,"mode":"Bus","nom_commune":"Houilles","code_insee":"78311"}},{"type":"Feature","geometry":{"type":"Point","coordinates":[2.194407151745492,48.92829697201112]},"properties":{"id":"IDFM:C02629","route_long_name":"N","stop_id":"IDFM:488645","stop_name":"Stalingrad","stop_lon":"2.194407151745492","stop_lat":"48.92829697201112","operatorname":"Keolis Argenteuil Boucles de Seine","shortname":"N","bookingrules":null,"mode":"Bus","nom_commune":"Houilles","code_insee":"78311"}},{"type":"Feature","geometry":{"type":"Point","coordinates":[2.1924539057210675,48.92224045086112]},"properties":{"id":"IDFM:C02629","route_long_name":"N","stop_id":"IDFM:490990","stop_name":"M\u00e9diath\u00e8que - Joffre","stop_lon":"2.1924539057210675","stop_lat":"48.92224045086112","operatorname":"Keolis Argenteuil Boucles de Seine","shortname":"N","bookingrules":null,"mode":"Bus","nom_commune":"Houilles","code_insee":"78311"}},{"type":"Feature","geometry":{"type":"Point","coordinates":[2.1912887166342796,48.9278442988151]},"properties":{"id":"IDFM:C02629","route_long_name":"N","stop_id":"IDFM:488658","stop_name":"Barbusse","stop_lon":"2.1912887166342796","stop_lat":"48.9278442988151","operatorname":"Keolis Argenteuil Boucles de Seine","shortname":"N","bookingrules":null,"mode":"Bus","nom_commune":"Houilles","code_insee":"78311"}},{"type":"Feature","geometry":{"type":"Point","coordinates":[2.184746202874003,48.936873970998846]},"properties":{"id":"IDFM:C02629","route_long_name":"N","stop_id":"IDFM:488664","stop_name":"Dalverny","stop_lon":"2.184746202874003","stop_lat":"48.936873970998846","operatorname":"Keolis Argenteuil Boucles de Seine","shortname":"N","bookingrules":null,"mode":"Bus","nom_commune":"Houilles","code_insee":"78311"}},{"type":"Feature","geometry":{"type":"Point","coordinates":[2.180421208986294,48.930666241751375]},"properties":{"id":"IDFM:C02629","route_long_name":"N","stop_id":"IDFM:494542","stop_name":"Somme","stop_lon":"2.180421208986294","stop_lat":"48.930666241751375","operatorname":"Keolis Argenteuil Boucles de Seine","shortname":"N","bookingrules":null,"mode":"Bus","nom_commune":"Houilles","code_insee":"78311"}},{"type":"Feature","geometry":{"type":"Point","coordinates":[2.0913816903118625,48.88806112367658]},"properties":{"id":"IDFM:C02360","route_long_name":"56","stop_id":"IDFM:32312","stop_name":"Schnapper","stop_lon":"2.0913816903118625","stop_lat":"48.88806112367658","operatorname":"Keolis Argenteuil Boucles de Seine","shortname":"56","bookingrules":null,"mode":"Bus","nom_commune":"Saint-Germain-en-Laye","code_insee":"78551"}},{"type":"Feature","geometry":{"type":"Point","coordinates":[2.0954955569406373,48.88755265871351]},"properties":{"id":"IDFM:C02360","route_long_name":"56","stop_id":"IDFM:424444","stop_name":"Ermitage","stop_lon":"2.0954955569406373","stop_lat":"48.88755265871351","operatorname":"Keolis Argenteuil Boucles de Seine","shortname":"56","bookingrules":null,"mode":"Bus","nom_commune":"Saint-Germain-en-Laye","code_insee":"78551"}},{"type":"Feature","geometry":{"type":"Point","coordinates":[2.1426874489152734,48.878960298588275]},"properties":{"id":"IDFM:C02360","route_long_name":"56","stop_id":"IDFM:32156","stop_name":"Patte d'Oie","stop_lon":"2.1426874489152734","stop_lat":"48.878960298588275","operatorname":"Keolis Argenteuil Boucles de Seine","shortname":"56","bookingrules":null,"mode":"Bus","nom_commune":"Croissy-sur-Seine","code_insee":"78190"}},{"type":"Feature","geometry":{"type":"Point","coordinates":[2.1374537716013355,48.872231471912855]},"properties":{"id":"IDFM:C02360","route_long_name":"56","stop_id":"IDFM:32011","stop_name":"Augier","stop_lon":"2.1374537716013355","stop_lat":"48.872231471912855","operatorname":"Keolis Argenteuil Boucles de Seine","shortname":"56","bookingrules":null,"mode":"Bus","nom_commune":"Croissy-sur-Seine","code_insee":"78190"}},{"type":"Feature","geometry":{"type":"Point","coordinates":[2.1408186253702097,48.875700220836436]},"properties":{"id":"IDFM:C02360","route_long_name":"56","stop_id":"IDFM:32155","stop_name":"Les Moulins","stop_lon":"2.1408186253702097","stop_lat":"48.875700220836436","operatorname":"Keolis Argenteuil Boucles de Seine","shortname":"56","bookingrules":null,"mode":"Bus","nom_commune":"Croissy-sur-Seine","code_insee":"78190"}},{"type":"Feature","geometry":{"type":"Point","coordinates":[2.137196502925485,48.88282405001859]},"properties":{"id":"IDFM:C02360","route_long_name":"56","stop_id":"IDFM:32277","stop_name":"Carrefour de la Croix","stop_lon":"2.137196502925485","stop_lat":"48.88282405001859","operatorname":"Keolis Argenteuil Boucles de Seine","shortname":"56","bookingrules":null,"mode":"Bus","nom_commune":"Croissy-sur-Seine","code_insee":"78190"}},{"type":"Feature","geometry":{"type":"Point","coordinates":[2.1259391758674604,48.888938929400126]},"properties":{"id":"IDFM:C02360","route_long_name":"56","stop_id":"IDFM:32272","stop_name":"All\u00e9e de la Gare","stop_lon":"2.1259391758674604","stop_lat":"48.888938929400126","operatorname":"Keolis Argenteuil Boucles de Seine","shortname":"56","bookingrules":null,"mode":"Bus","nom_commune":"Le V\u00e9sinet","code_insee":"78650"}},{"type":"Feature","geometry":{"type":"Point","coordinates":[2.076635121307304,48.89443265365491]},"properties":{"id":"IDFM:C02360","route_long_name":"56","stop_id":"IDFM:32318","stop_name":"Nicot \/ \u00c9cole Notre-Dame","stop_lon":"2.076635121307304","stop_lat":"48.89443265365491","operatorname":"Keolis Argenteuil Boucles de Seine","shortname":"56","bookingrules":null,"mode":"Bus","nom_commune":"Saint-Germain-en-Laye","code_insee":"78551"}},{"type":"Feature","geometry":{"type":"Point","coordinates":[2.128548400251577,48.830822479220686]},"properties":{"id":"IDFM:C02361","route_long_name":"57","stop_id":"IDFM:4346","stop_name":"H\u00f4pital Andr\u00e9 Mignot - Les Ch\u00eanes d'Or","stop_lon":"2.128548400251577","stop_lat":"48.830822479220686","operatorname":"Keolis Argenteuil Boucles de Seine","shortname":"57","bookingrules":null,"mode":"Bus","nom_commune":"Le Chesnay-Rocquencourt","code_insee":"78158"}},{"type":"Feature","geometry":{"type":"Point","coordinates":[2.131049143698507,48.85078910296662]},"properties":{"id":"IDFM:C02361","route_long_name":"57","stop_id":"IDFM:32090","stop_name":"Les Gressets","stop_lon":"2.131049143698507","stop_lat":"48.85078910296662","operatorname":"Keolis Argenteuil Boucles de Seine","shortname":"57","bookingrules":null,"mode":"Bus","nom_commune":"La Celle-Saint-Cloud","code_insee":"78126"}},{"type":"Feature","geometry":{"type":"Point","coordinates":[2.1228346786259578,48.86354526911708]},"properties":{"id":"IDFM:C02361","route_long_name":"57","stop_id":"IDFM:32248","stop_name":"Montbuisson","stop_lon":"2.1228346786259578","stop_lat":"48.86354526911708","operatorname":"Keolis Argenteuil Boucles de Seine","shortname":"57","bookingrules":null,"mode":"Bus","nom_commune":"Louveciennes","code_insee":"78350"}},{"type":"Feature","geometry":{"type":"Point","coordinates":[2.1224377583467833,48.86121298637921]},"properties":{"id":"IDFM:C02361","route_long_name":"57","stop_id":"IDFM:32250","stop_name":"Gare de Louveciennes","stop_lon":"2.1224377583467833","stop_lat":"48.86121298637921","operatorname":"Keolis Argenteuil Boucles de Seine","shortname":"57","bookingrules":null,"mode":"Bus","nom_commune":"Louveciennes","code_insee":"78350"}},{"type":"Feature","geometry":{"type":"Point","coordinates":[2.1309646002292624,48.854224115494894]},"properties":{"id":"IDFM:C02361","route_long_name":"57","stop_id":"IDFM:32171","stop_name":"Gare de Bougival","stop_lon":"2.1309646002292624","stop_lat":"48.854224115494894","operatorname":"Keolis Argenteuil Boucles de Seine","shortname":"57","bookingrules":null,"mode":"Bus","nom_commune":"Bougival","code_insee":"78092"}},{"type":"Feature","geometry":{"type":"Point","coordinates":[2.1282095224653594,48.83072107587977]},"properties":{"id":"IDFM:C02361","route_long_name":"57","stop_id":"IDFM:4345","stop_name":"H\u00f4pital Andr\u00e9 Mignot - Les Ch\u00eanes d'Or","stop_lon":"2.1282095224653594","stop_lat":"48.83072107587977","operatorname":"Keolis Argenteuil Boucles de Seine","shortname":"57","bookingrules":null,"mode":"Bus","nom_commune":"Le Chesnay-Rocquencourt","code_insee":"78158"}},{"type":"Feature","geometry":{"type":"Point","coordinates":[2.193579012531821,48.94826487028113]},"properties":{"id":"IDFM:C00292","route_long_name":"1","stop_id":"IDFM:20150","stop_name":"Robert Schumann","stop_lon":"2.193579012531821","stop_lat":"48.94826487028113","operatorname":"Keolis Argenteuil Boucles de Seine","shortname":"1","bookingrules":null,"mode":"Bus","nom_commune":"Sartrouville","code_insee":"78586"}},{"type":"Feature","geometry":{"type":"Point","coordinates":[2.188488359350106,48.94637797307706]},"properties":{"id":"IDFM:C00292","route_long_name":"1","stop_id":"IDFM:7701","stop_name":"Neruda","stop_lon":"2.188488359350106","stop_lat":"48.94637797307706","operatorname":"Keolis Argenteuil Boucles de Seine","shortname":"1","bookingrules":null,"mode":"Bus","nom_commune":"Sartrouville","code_insee":"78586"}},{"type":"Feature","geometry":{"type":"Point","coordinates":[2.1713083716191837,48.944938474025115]},"properties":{"id":"IDFM:C00292","route_long_name":"1","stop_id":"IDFM:7728","stop_name":"Roosevelt","stop_lon":"2.1713083716191837","stop_lat":"48.944938474025115","operatorname":"Keolis Argenteuil Boucles de Seine","shortname":"1","bookingrules":null,"mode":"Bus","nom_commune":"Sartrouville","code_insee":"78586"}},{"type":"Feature","geometry":{"type":"Point","coordinates":[2.176810398046435,48.94494041179066]},"properties":{"id":"IDFM:C00292","route_long_name":"1","stop_id":"IDFM:7714","stop_name":"Picardie","stop_lon":"2.176810398046435","stop_lat":"48.94494041179066","operatorname":"Keolis Argenteuil Boucles de Seine","shortname":"1","bookingrules":null,"mode":"Bus","nom_commune":"Sartrouville","code_insee":"78586"}},{"type":"Feature","geometry":{"type":"Point","coordinates":[2.1887637768867587,48.946226957138585]},"properties":{"id":"IDFM:C00292","route_long_name":"1","stop_id":"IDFM:7702","stop_name":"Neruda","stop_lon":"2.1887637768867587","stop_lat":"48.946226957138585","operatorname":"Keolis Argenteuil Boucles de Seine","shortname":"1","bookingrules":null,"mode":"Bus","nom_commune":"Sartrouville","code_insee":"78586"}},{"type":"Feature","geometry":{"type":"Point","coordinates":[2.1935691250386724,48.94802199480359]},"properties":{"id":"IDFM:C00292","route_long_name":"1","stop_id":"IDFM:20151","stop_name":"Robert Schumann","stop_lon":"2.1935691250386724","stop_lat":"48.94802199480359","operatorname":"Keolis Argenteuil Boucles de Seine","shortname":"1","bookingrules":null,"mode":"Bus","nom_commune":"Sartrouville","code_insee":"78586"}},{"type":"Feature","geometry":{"type":"Point","coordinates":[2.201488900556696,48.94619548794548]},"properties":{"id":"IDFM:C00292","route_long_name":"1","stop_id":"IDFM:7691","stop_name":"Cit\u00e9 des Indes","stop_lon":"2.201488900556696","stop_lat":"48.94619548794548","operatorname":"Keolis Argenteuil Boucles de Seine","shortname":"1","bookingrules":null,"mode":"Bus","nom_commune":"Sartrouville","code_insee":"78586"}},{"type":"Feature","geometry":{"type":"Point","coordinates":[2.2320291910395116,48.95091844655486]},"properties":{"id":"IDFM:C00292","route_long_name":"1","stop_id":"IDFM:13101","stop_name":"Gare du Val d'Argenteuil","stop_lon":"2.2320291910395116","stop_lat":"48.95091844655486","operatorname":"Keolis Argenteuil Boucles de Seine","shortname":"1","bookingrules":null,"mode":"Bus","nom_commune":"Argenteuil","code_insee":"95018"}},{"type":"Feature","geometry":{"type":"Point","coordinates":[2.2503767748154475,48.95590867850053]},"properties":{"id":"IDFM:C00292","route_long_name":"1","stop_id":"IDFM:7540","stop_name":"Saint-Quentin","stop_lon":"2.2503767748154475","stop_lat":"48.95590867850053","operatorname":"Keolis Argenteuil Boucles de Seine","shortname":"1","bookingrules":null,"mode":"Bus","nom_commune":"Argenteuil","code_insee":"95018"}},{"type":"Feature","geometry":{"type":"Point","coordinates":[2.23336451707725,48.965926972171395]},"properties":{"id":"IDFM:C00294","route_long_name":"2","stop_id":"IDFM:7550","stop_name":"Rosi\u00e8res","stop_lon":"2.23336451707725","stop_lat":"48.965926972171395","operatorname":"Keolis Argenteuil Boucles de Seine","shortname":"2","bookingrules":null,"mode":"Bus","nom_commune":"Argenteuil","code_insee":"95018"}},{"type":"Feature","geometry":{"type":"Point","coordinates":[2.2391242712550627,48.958733479662385]},"properties":{"id":"IDFM:C00294","route_long_name":"2","stop_id":"IDFM:7446","stop_name":"Cl\u00e9menceau","stop_lon":"2.2391242712550627","stop_lat":"48.958733479662385","operatorname":"Keolis Argenteuil Boucles de Seine","shortname":"2","bookingrules":null,"mode":"Bus","nom_commune":"Argenteuil","code_insee":"95018"}},{"type":"Feature","geometry":{"type":"Point","coordinates":[2.242115011103827,48.954984438363326]},"properties":{"id":"IDFM:C00294","route_long_name":"2","stop_id":"IDFM:7486","stop_name":"Marceau Guillot","stop_lon":"2.242115011103827","stop_lat":"48.954984438363326","operatorname":"Keolis Argenteuil Boucles de Seine","shortname":"2","bookingrules":null,"mode":"Bus","nom_commune":"Argenteuil","code_insee":"95018"}},{"type":"Feature","geometry":{"type":"Point","coordinates":[2.243581070652475,48.951828222357975]},"properties":{"id":"IDFM:C00294","route_long_name":"2","stop_id":"IDFM:7461","stop_name":"Pierre Curie","stop_lon":"2.243581070652475","stop_lat":"48.951828222357975","operatorname":"Keolis Argenteuil Boucles de Seine","shortname":"2","bookingrules":null,"mode":"Bus","nom_commune":"Argenteuil","code_insee":"95018"}},{"type":"Feature","geometry":{"type":"Point","coordinates":[2.2523818934909277,48.948466146040786]},"properties":{"id":"IDFM:C00294","route_long_name":"2","stop_id":"IDFM:27435","stop_name":"L\u00e9on Feix","stop_lon":"2.2523818934909277","stop_lat":"48.948466146040786","operatorname":"Keolis Argenteuil Boucles de Seine","shortname":"2","bookingrules":null,"mode":"Bus","nom_commune":"Argenteuil","code_insee":"95018"}},{"type":"Feature","geometry":{"type":"Point","coordinates":[2.247342004114962,48.94669898628388]},"properties":{"id":"IDFM:C00294","route_long_name":"2","stop_id":"IDFM:7422","stop_name":"Antonin-Georges Belin","stop_lon":"2.247342004114962","stop_lat":"48.94669898628388","operatorname":"Keolis Argenteuil Boucles de Seine","shortname":"2","bookingrules":null,"mode":"Bus","nom_commune":"Argenteuil","code_insee":"95018"}},{"type":"Feature","geometry":{"type":"Point","coordinates":[2.241918349216651,48.95536089315978]},"properties":{"id":"IDFM:C00294","route_long_name":"2","stop_id":"IDFM:7487","stop_name":"Marceau Guillot","stop_lon":"2.241918349216651","stop_lat":"48.95536089315978","operatorname":"Keolis Argenteuil Boucles de Seine","shortname":"2","bookingrules":null,"mode":"Bus","nom_commune":"Argenteuil","code_insee":"95018"}},{"type":"Feature","geometry":{"type":"Point","coordinates":[2.2331440176735433,48.96606045334268]},"properties":{"id":"IDFM:C00294","route_long_name":"2","stop_id":"IDFM:7551","stop_name":"Rosi\u00e8res","stop_lon":"2.2331440176735433","stop_lat":"48.96606045334268","operatorname":"Keolis Argenteuil Boucles de Seine","shortname":"2","bookingrules":null,"mode":"Bus","nom_commune":"Argenteuil","code_insee":"95018"}},{"type":"Feature","geometry":{"type":"Point","coordinates":[2.247342004114962,48.94669898628388]},"properties":{"id":"IDFM:C00295","route_long_name":"4","stop_id":"IDFM:7422","stop_name":"Antonin-Georges Belin","stop_lon":"2.247342004114962","stop_lat":"48.94669898628388","operatorname":"Keolis Argenteuil Boucles de Seine","shortname":"4","bookingrules":null,"mode":"Bus","nom_commune":"Argenteuil","code_insee":"95018"}},{"type":"Feature","geometry":{"type":"Point","coordinates":[2.2438047949239057,48.94771090635111]},"properties":{"id":"IDFM:C00295","route_long_name":"4","stop_id":"IDFM:420615","stop_name":"Rechsteiner","stop_lon":"2.2438047949239057","stop_lat":"48.94771090635111","operatorname":"Keolis Argenteuil Boucles de Seine","shortname":"4","bookingrules":null,"mode":"Bus","nom_commune":"Argenteuil","code_insee":"95018"}},{"type":"Feature","geometry":{"type":"Point","coordinates":[2.23413657589939,48.94596785976827]},"properties":{"id":"IDFM:C00295","route_long_name":"4","stop_id":"IDFM:7431","stop_name":"Bretagne","stop_lon":"2.23413657589939","stop_lat":"48.94596785976827","operatorname":"Keolis Argenteuil Boucles de Seine","shortname":"4","bookingrules":null,"mode":"Bus","nom_commune":"Argenteuil","code_insee":"95018"}},{"type":"Feature","geometry":{"type":"Point","coordinates":[2.231636898760851,48.94512451669911]},"properties":{"id":"IDFM:C00295","route_long_name":"4","stop_id":"IDFM:7500","stop_name":"Square Aquitaine","stop_lon":"2.231636898760851","stop_lat":"48.94512451669911","operatorname":"Keolis Argenteuil Boucles de Seine","shortname":"4","bookingrules":null,"mode":"Bus","nom_commune":"Argenteuil","code_insee":"95018"}},{"type":"Feature","geometry":{"type":"Point","coordinates":[2.2204072776883628,48.94650886356721]},"properties":{"id":"IDFM:C00295","route_long_name":"4","stop_id":"IDFM:7570","stop_name":"Victoire","stop_lon":"2.2204072776883628","stop_lat":"48.94650886356721","operatorname":"Keolis Argenteuil Boucles de Seine","shortname":"4","bookingrules":null,"mode":"Bus","nom_commune":"Argenteuil","code_insee":"95018"}},{"type":"Feature","geometry":{"type":"Point","coordinates":[2.2159091578429524,48.94511260311058]},"properties":{"id":"IDFM:C00295","route_long_name":"4","stop_id":"IDFM:7457","stop_name":"Courlis","stop_lon":"2.2159091578429524","stop_lat":"48.94511260311058","operatorname":"Keolis Argenteuil Boucles de Seine","shortname":"4","bookingrules":null,"mode":"Bus","nom_commune":"Argenteuil","code_insee":"95018"}},{"type":"Feature","geometry":{"type":"Point","coordinates":[2.1968221328759077,48.920390244869964]},"properties":{"id":"IDFM:C00295","route_long_name":"4","stop_id":"IDFM:27036","stop_name":"La Fontaine","stop_lon":"2.1968221328759077","stop_lat":"48.920390244869964","operatorname":"Keolis Argenteuil Boucles de Seine","shortname":"4","bookingrules":null,"mode":"Bus","nom_commune":"Houilles","code_insee":"78311"}},{"type":"Feature","geometry":{"type":"Point","coordinates":[2.185797672373244,48.919407524614826]},"properties":{"id":"IDFM:C00295","route_long_name":"4","stop_id":"IDFM:27038","stop_name":"Gare de Houilles - Carri\u00e8res-sur-Seine","stop_lon":"2.185797672373244","stop_lat":"48.919407524614826","operatorname":"Keolis Argenteuil Boucles de Seine","shortname":"4","bookingrules":null,"mode":"Bus","nom_commune":"Houilles","code_insee":"78311"}},{"type":"Feature","geometry":{"type":"Point","coordinates":[2.204920262795098,48.92268354732822]},"properties":{"id":"IDFM:C00295","route_long_name":"4","stop_id":"IDFM:27040","stop_name":"Calmette","stop_lon":"2.204920262795098","stop_lat":"48.92268354732822","operatorname":"Keolis Argenteuil Boucles de Seine","shortname":"4","bookingrules":null,"mode":"Bus","nom_commune":"Bezons","code_insee":"95063"}},{"type":"Feature","geometry":{"type":"Point","coordinates":[2.207080026992549,48.92334536378372]},"properties":{"id":"IDFM:C00295","route_long_name":"4","stop_id":"IDFM:27041","stop_name":"Grand-Cerf","stop_lon":"2.207080026992549","stop_lat":"48.92334536378372","operatorname":"Keolis Argenteuil Boucles de Seine","shortname":"4","bookingrules":null,"mode":"Bus","nom_commune":"Bezons","code_insee":"95063"}},{"type":"Feature","geometry":{"type":"Point","coordinates":[2.206173791176796,48.937125723333956]},"properties":{"id":"IDFM:C00295","route_long_name":"4","stop_id":"IDFM:7599","stop_name":"Sacco et Vanzetti","stop_lon":"2.206173791176796","stop_lat":"48.937125723333956","operatorname":"Keolis Argenteuil Boucles de Seine","shortname":"4","bookingrules":null,"mode":"Bus","nom_commune":"Bezons","code_insee":"95063"}},{"type":"Feature","geometry":{"type":"Point","coordinates":[2.2071735577551483,48.93780681571874]},"properties":{"id":"IDFM:C00295","route_long_name":"4","stop_id":"IDFM:13107","stop_name":"La Berthie","stop_lon":"2.2071735577551483","stop_lat":"48.93780681571874","operatorname":"Keolis Argenteuil Boucles de Seine","shortname":"4","bookingrules":null,"mode":"Bus","nom_commune":"Bezons","code_insee":"95063"}},{"type":"Feature","geometry":{"type":"Point","coordinates":[2.213501732894286,48.94270471075827]},"properties":{"id":"IDFM:C00295","route_long_name":"4","stop_id":"IDFM:7547","stop_name":"R\u00e9s\u00e9das","stop_lon":"2.213501732894286","stop_lat":"48.94270471075827","operatorname":"Keolis Argenteuil Boucles de Seine","shortname":"4","bookingrules":null,"mode":"Bus","nom_commune":"Argenteuil","code_insee":"95018"}},{"type":"Feature","geometry":{"type":"Point","coordinates":[2.2203403669434936,48.946418499330214]},"properties":{"id":"IDFM:C00295","route_long_name":"4","stop_id":"IDFM:7569","stop_name":"Victoire","stop_lon":"2.2203403669434936","stop_lat":"48.946418499330214","operatorname":"Keolis Argenteuil Boucles de Seine","shortname":"4","bookingrules":null,"mode":"Bus","nom_commune":"Argenteuil","code_insee":"95018"}},{"type":"Feature","geometry":{"type":"Point","coordinates":[2.2283835090507997,48.94355683741888]},"properties":{"id":"IDFM:C00295","route_long_name":"4","stop_id":"IDFM:7525","stop_name":"Place L\u00e9opold Hirsch","stop_lon":"2.2283835090507997","stop_lat":"48.94355683741888","operatorname":"Keolis Argenteuil Boucles de Seine","shortname":"4","bookingrules":null,"mode":"Bus","nom_commune":"Argenteuil","code_insee":"95018"}},{"type":"Feature","geometry":{"type":"Point","coordinates":[2.2523567864280243,48.94831311089982]},"properties":{"id":"IDFM:C00295","route_long_name":"4","stop_id":"IDFM:8530","stop_name":"L\u00e9on Feix","stop_lon":"2.2523567864280243","stop_lat":"48.94831311089982","operatorname":"Keolis Argenteuil Boucles de Seine","shortname":"4","bookingrules":null,"mode":"Bus","nom_commune":"Argenteuil","code_insee":"95018"}},{"type":"Feature","geometry":{"type":"Point","coordinates":[2.257031740411655,48.94697526066576]},"properties":{"id":"IDFM:C00295","route_long_name":"4","stop_id":"IDFM:5079","stop_name":"Gare d'Argenteuil","stop_lon":"2.257031740411655","stop_lat":"48.94697526066576","operatorname":"Keolis Argenteuil Boucles de Seine","shortname":"4","bookingrules":null,"mode":"Bus","nom_commune":"Argenteuil","code_insee":"95018"}},{"type":"Feature","geometry":{"type":"Point","coordinates":[2.2214563005871493,48.95304451125516]},"properties":{"id":"IDFM:C00297","route_long_name":"8","stop_id":"IDFM:7425","stop_name":"B\u00e9rionne","stop_lon":"2.2214563005871493","stop_lat":"48.95304451125516","operatorname":"Keolis Argenteuil Boucles de Seine","shortname":"8","bookingrules":null,"mode":"Bus","nom_commune":"Argenteuil","code_insee":"95018"}},{"type":"Feature","geometry":{"type":"Point","coordinates":[2.227554817464766,48.95615051337738]},"properties":{"id":"IDFM:C00297","route_long_name":"8","stop_id":"IDFM:7452","stop_name":"Pierre de Coubertin","stop_lon":"2.227554817464766","stop_lat":"48.95615051337738","operatorname":"Keolis Argenteuil Boucles de Seine","shortname":"8","bookingrules":null,"mode":"Bus","nom_commune":"Argenteuil","code_insee":"95018"}},{"type":"Feature","geometry":{"type":"Point","coordinates":[2.231836449974685,48.955647444643205]},"properties":{"id":"IDFM:C00297","route_long_name":"8","stop_id":"IDFM:7451","stop_name":"Route de Cormeilles","stop_lon":"2.231836449974685","stop_lat":"48.955647444643205","operatorname":"Keolis Argenteuil Boucles de Seine","shortname":"8","bookingrules":null,"mode":"Bus","nom_commune":"Argenteuil","code_insee":"95018"}},{"type":"Feature","geometry":{"type":"Point","coordinates":[2.22814499577802,48.9522694095662]},"properties":{"id":"IDFM:C00297","route_long_name":"8","stop_id":"IDFM:26485","stop_name":"Jean Lur\u00e7at","stop_lon":"2.22814499577802","stop_lat":"48.9522694095662","operatorname":"Keolis Argenteuil Boucles de Seine","shortname":"8","bookingrules":null,"mode":"Bus","nom_commune":"Argenteuil","code_insee":"95018"}},{"type":"Feature","geometry":{"type":"Point","coordinates":[2.2307857576111187,48.950056153040904]},"properties":{"id":"IDFM:C00297","route_long_name":"8","stop_id":"IDFM:7489","stop_name":"Gare du Val d'Argenteuil","stop_lon":"2.2307857576111187","stop_lat":"48.950056153040904","operatorname":"Keolis Argenteuil Boucles de Seine","shortname":"8","bookingrules":null,"mode":"Bus","nom_commune":"Argenteuil","code_insee":"95018"}},{"type":"Feature","geometry":{"type":"Point","coordinates":[2.252613997030901,48.94276610760878]},"properties":{"id":"IDFM:C00297","route_long_name":"8","stop_id":"IDFM:7429","stop_name":"Jean Borderel","stop_lon":"2.252613997030901","stop_lat":"48.94276610760878","operatorname":"Keolis Argenteuil Boucles de Seine","shortname":"8","bookingrules":null,"mode":"Bus","nom_commune":"Argenteuil","code_insee":"95018"}},{"type":"Feature","geometry":{"type":"Point","coordinates":[2.254336192037163,48.94262395386167]},"properties":{"id":"IDFM:C00297","route_long_name":"8","stop_id":"IDFM:25818","stop_name":"Borderel - H\u00e9lo\u00efse","stop_lon":"2.254336192037163","stop_lat":"48.94262395386167","operatorname":"Keolis Argenteuil Boucles de Seine","shortname":"8","bookingrules":null,"mode":"Bus","nom_commune":"Argenteuil","code_insee":"95018"}},{"type":"Feature","geometry":{"type":"Point","coordinates":[2.2484123831210203,48.93970922239939]},"properties":{"id":"IDFM:C00297","route_long_name":"8","stop_id":"IDFM:7490","stop_name":"H\u00e9lo\u00efse","stop_lon":"2.2484123831210203","stop_lat":"48.93970922239939","operatorname":"Keolis Argenteuil Boucles de Seine","shortname":"8","bookingrules":null,"mode":"Bus","nom_commune":"Argenteuil","code_insee":"95018"}},{"type":"Feature","geometry":{"type":"Point","coordinates":[2.158289983001609,48.93779723938083]},"properties":{"id":"IDFM:C00298","route_long_name":"9","stop_id":"IDFM:7686","stop_name":"Gare de Sartrouville","stop_lon":"2.158289983001609","stop_lat":"48.93779723938083","operatorname":"Keolis Argenteuil Boucles de Seine","shortname":"9","bookingrules":null,"mode":"Bus","nom_commune":"Sartrouville","code_insee":"78586"}},{"type":"Feature","geometry":{"type":"Point","coordinates":[2.176810398046435,48.94494041179066]},"properties":{"id":"IDFM:C00298","route_long_name":"9","stop_id":"IDFM:7714","stop_name":"Picardie","stop_lon":"2.176810398046435","stop_lat":"48.94494041179066","operatorname":"Keolis Argenteuil Boucles de Seine","shortname":"9","bookingrules":null,"mode":"Bus","nom_commune":"Sartrouville","code_insee":"78586"}},{"type":"Feature","geometry":{"type":"Point","coordinates":[2.1880577190421793,48.9433534230095]},"properties":{"id":"IDFM:C00298","route_long_name":"9","stop_id":"IDFM:7659","stop_name":"Rue de Chatou","stop_lon":"2.1880577190421793","stop_lat":"48.9433534230095","operatorname":"Keolis Argenteuil Boucles de Seine","shortname":"9","bookingrules":null,"mode":"Bus","nom_commune":"Sartrouville","code_insee":"78586"}},{"type":"Feature","geometry":{"type":"Point","coordinates":[2.218185966957836,48.940783884092326]},"properties":{"id":"IDFM:C00298","route_long_name":"9","stop_id":"IDFM:7557","stop_name":"Alouettes","stop_lon":"2.218185966957836","stop_lat":"48.940783884092326","operatorname":"Keolis Argenteuil Boucles de Seine","shortname":"9","bookingrules":null,"mode":"Bus","nom_commune":"Argenteuil","code_insee":"95018"}},{"type":"Feature","geometry":{"type":"Point","coordinates":[2.2254970199007404,48.9402827776601]},"properties":{"id":"IDFM:C00298","route_long_name":"9","stop_id":"IDFM:7536","stop_name":"Lyc\u00e9e Jean Jaur\u00e8s","stop_lon":"2.2254970199007404","stop_lat":"48.9402827776601","operatorname":"Keolis Argenteuil Boucles de Seine","shortname":"9","bookingrules":null,"mode":"Bus","nom_commune":"Argenteuil","code_insee":"95018"}},{"type":"Feature","geometry":{"type":"Point","coordinates":[2.2386561534817617,48.940340105502635]},"properties":{"id":"IDFM:C00298","route_long_name":"9","stop_id":"IDFM:7516","stop_name":"Jean Moulin","stop_lon":"2.2386561534817617","stop_lat":"48.940340105502635","operatorname":"Keolis Argenteuil Boucles de Seine","shortname":"9","bookingrules":null,"mode":"Bus","nom_commune":"Argenteuil","code_insee":"95018"}},{"type":"Feature","geometry":{"type":"Point","coordinates":[2.257031740411655,48.94697526066576]},"properties":{"id":"IDFM:C00298","route_long_name":"9","stop_id":"IDFM:5079","stop_name":"Gare d'Argenteuil","stop_lon":"2.257031740411655","stop_lat":"48.94697526066576","operatorname":"Keolis Argenteuil Boucles de Seine","shortname":"9","bookingrules":null,"mode":"Bus","nom_commune":"Argenteuil","code_insee":"95018"}},{"type":"Feature","geometry":{"type":"Point","coordinates":[2.249345191424791,48.946963347059686]},"properties":{"id":"IDFM:C00298","route_long_name":"9","stop_id":"IDFM:7573","stop_name":"H\u00f4tel de Ville","stop_lon":"2.249345191424791","stop_lat":"48.946963347059686","operatorname":"Keolis Argenteuil Boucles de Seine","shortname":"9","bookingrules":null,"mode":"Bus","nom_commune":"Argenteuil","code_insee":"95018"}},{"type":"Feature","geometry":{"type":"Point","coordinates":[2.247057285246361,48.94561805259776]},"properties":{"id":"IDFM:C00298","route_long_name":"9","stop_id":"IDFM:7423","stop_name":"Antonin-Georges Belin","stop_lon":"2.247057285246361","stop_lat":"48.94561805259776","operatorname":"Keolis Argenteuil Boucles de Seine","shortname":"9","bookingrules":null,"mode":"Bus","nom_commune":"Argenteuil","code_insee":"95018"}},{"type":"Feature","geometry":{"type":"Point","coordinates":[2.244313064887105,48.94373925503932]},"properties":{"id":"IDFM:C00298","route_long_name":"9","stop_id":"IDFM:7434","stop_name":"Calais","stop_lon":"2.244313064887105","stop_lat":"48.94373925503932","operatorname":"Keolis Argenteuil Boucles de Seine","shortname":"9","bookingrules":null,"mode":"Bus","nom_commune":"Argenteuil","code_insee":"95018"}},{"type":"Feature","geometry":{"type":"Point","coordinates":[2.241745189227426,48.94195143501387]},"properties":{"id":"IDFM:C00298","route_long_name":"9","stop_id":"IDFM:7561","stop_name":"Gandon Texier","stop_lon":"2.241745189227426","stop_lat":"48.94195143501387","operatorname":"Keolis Argenteuil Boucles de Seine","shortname":"9","bookingrules":null,"mode":"Bus","nom_commune":"Argenteuil","code_insee":"95018"}},{"type":"Feature","geometry":{"type":"Point","coordinates":[2.230282815315217,48.93975604308073]},"properties":{"id":"IDFM:C00298","route_long_name":"9","stop_id":"IDFM:13098","stop_name":"Baratier","stop_lon":"2.230282815315217","stop_lat":"48.93975604308073","operatorname":"Keolis Argenteuil Boucles de Seine","shortname":"9","bookingrules":null,"mode":"Bus","nom_commune":"Argenteuil","code_insee":"95018"}},{"type":"Feature","geometry":{"type":"Point","coordinates":[2.209506184372726,48.94150934351071]},"properties":{"id":"IDFM:C00298","route_long_name":"9","stop_id":"IDFM:7501","stop_name":"Liserons","stop_lon":"2.209506184372726","stop_lat":"48.94150934351071","operatorname":"Keolis Argenteuil Boucles de Seine","shortname":"9","bookingrules":null,"mode":"Bus","nom_commune":"Argenteuil","code_insee":"95018"}},{"type":"Feature","geometry":{"type":"Point","coordinates":[2.197795590995793,48.94222292321256]},"properties":{"id":"IDFM:C00298","route_long_name":"9","stop_id":"IDFM:488461","stop_name":"Florian","stop_lon":"2.197795590995793","stop_lat":"48.94222292321256","operatorname":"Keolis Argenteuil Boucles de Seine","shortname":"9","bookingrules":null,"mode":"Bus","nom_commune":"Sartrouville","code_insee":"78586"}},{"type":"Feature","geometry":{"type":"Point","coordinates":[2.1850032922197955,48.94398918171037]},"properties":{"id":"IDFM:C00298","route_long_name":"9","stop_id":"IDFM:28354","stop_name":"Quatre Chemins","stop_lon":"2.1850032922197955","stop_lat":"48.94398918171037","operatorname":"Keolis Argenteuil Boucles de Seine","shortname":"9","bookingrules":null,"mode":"Bus","nom_commune":"Sartrouville","code_insee":"78586"}},{"type":"Feature","geometry":{"type":"Point","coordinates":[2.118597275990714,48.88920887595211]},"properties":{"id":"IDFM:C02264","route_long_name":"20","stop_id":"IDFM:477591","stop_name":"Chemin de Ronde","stop_lon":"2.118597275990714","stop_lat":"48.88920887595211","operatorname":"Keolis Argenteuil Boucles de Seine","shortname":"20","bookingrules":null,"mode":"Bus","nom_commune":"Croissy-sur-Seine","code_insee":"78190"}},{"type":"Feature","geometry":{"type":"Point","coordinates":[2.1334831543908934,48.88225761915098]},"properties":{"id":"IDFM:C02264","route_long_name":"20","stop_id":"IDFM:32055","stop_name":"Cr\u00e8che","stop_lon":"2.1334831543908934","stop_lat":"48.88225761915098","operatorname":"Keolis Argenteuil Boucles de Seine","shortname":"20","bookingrules":null,"mode":"Bus","nom_commune":"Croissy-sur-Seine","code_insee":"78190"}},{"type":"Feature","geometry":{"type":"Point","coordinates":[2.134472967286012,48.88998120977584]},"properties":{"id":"IDFM:C02264","route_long_name":"20","stop_id":"IDFM:477603","stop_name":"Gare du V\u00e9sinet - Centre","stop_lon":"2.134472967286012","stop_lat":"48.88998120977584","operatorname":"Keolis Argenteuil Boucles de Seine","shortname":"20","bookingrules":null,"mode":"Bus","nom_commune":"Le V\u00e9sinet","code_insee":"78650"}},{"type":"Feature","geometry":{"type":"Point","coordinates":[2.111956028328686,48.89557216060261]},"properties":{"id":"IDFM:C02264","route_long_name":"20","stop_id":"IDFM:411702","stop_name":"Aligre","stop_lon":"2.111956028328686","stop_lat":"48.89557216060261","operatorname":"Keolis Argenteuil Boucles de Seine","shortname":"20","bookingrules":null,"mode":"Bus","nom_commune":"Le Pecq","code_insee":"78481"}},{"type":"Feature","geometry":{"type":"Point","coordinates":[2.1213188898346673,48.89845617131727]},"properties":{"id":"IDFM:C02264","route_long_name":"20","stop_id":"IDFM:411956","stop_name":"Gare du V\u00e9sinet - Le Pecq","stop_lon":"2.1213188898346673","stop_lat":"48.89845617131727","operatorname":"Keolis Argenteuil Boucles de Seine","shortname":"20","bookingrules":null,"mode":"Bus","nom_commune":"Le V\u00e9sinet","code_insee":"78650"}},{"type":"Feature","geometry":{"type":"Point","coordinates":[2.1854378460326505,48.919728832994]},"properties":{"id":"IDFM:C02142","route_long_name":"L","stop_id":"IDFM:471014","stop_name":"Gare de Houilles - Carri\u00e8res-sur-Seine","stop_lon":"2.1854378460326505","stop_lat":"48.919728832994","operatorname":"Keolis Argenteuil Boucles de Seine","shortname":"L","bookingrules":null,"mode":"Bus","nom_commune":"Houilles","code_insee":"78311"}},{"type":"Feature","geometry":{"type":"Point","coordinates":[2.1772873331624862,48.91219978440529]},"properties":{"id":"IDFM:C02142","route_long_name":"L","stop_id":"IDFM:32086","stop_name":"Grande Rue","stop_lon":"2.1772873331624862","stop_lat":"48.91219978440529","operatorname":"Keolis Argenteuil Boucles de Seine","shortname":"L","bookingrules":null,"mode":"Bus","nom_commune":"Carri\u00e8res-sur-Seine","code_insee":"78124"}},{"type":"Feature","geometry":{"type":"Point","coordinates":[2.168052091581511,48.90440177737852]},"properties":{"id":"IDFM:C02142","route_long_name":"L","stop_id":"IDFM:32146","stop_name":"Monceau","stop_lon":"2.168052091581511","stop_lat":"48.90440177737852","operatorname":"Keolis Argenteuil Boucles de Seine","shortname":"L","bookingrules":null,"mode":"Bus","nom_commune":"Carri\u00e8res-sur-Seine","code_insee":"78124"}},{"type":"Feature","geometry":{"type":"Point","coordinates":[2.1603730033778277,48.902621472644555]},"properties":{"id":"IDFM:C02142","route_long_name":"L","stop_id":"IDFM:32032","stop_name":"Coll\u00e8ge Auguste Renoir","stop_lon":"2.1603730033778277","stop_lat":"48.902621472644555","operatorname":"Keolis Argenteuil Boucles de Seine","shortname":"L","bookingrules":null,"mode":"Bus","nom_commune":"Chatou","code_insee":"78146"}},{"type":"Feature","geometry":{"type":"Point","coordinates":[2.1566615241034577,48.903521710898346]},"properties":{"id":"IDFM:C02142","route_long_name":"L","stop_id":"IDFM:474312","stop_name":"Maupassant","stop_lon":"2.1566615241034577","stop_lat":"48.903521710898346","operatorname":"Keolis Argenteuil Boucles de Seine","shortname":"L","bookingrules":null,"mode":"Bus","nom_commune":"Chatou","code_insee":"78146"}},{"type":"Feature","geometry":{"type":"Point","coordinates":[2.1577925838489316,48.90528336888716]},"properties":{"id":"IDFM:C02142","route_long_name":"L","stop_id":"IDFM:32066","stop_name":"Europe","stop_lon":"2.1577925838489316","stop_lat":"48.90528336888716","operatorname":"Keolis Argenteuil Boucles de Seine","shortname":"L","bookingrules":null,"mode":"Bus","nom_commune":"Chatou","code_insee":"78146"}},{"type":"Feature","geometry":{"type":"Point","coordinates":[2.1609212177544634,48.90246343437718]},"properties":{"id":"IDFM:C02142","route_long_name":"L","stop_id":"IDFM:32033","stop_name":"Coll\u00e8ge Auguste Renoir","stop_lon":"2.1609212177544634","stop_lat":"48.90246343437718","operatorname":"Keolis Argenteuil Boucles de Seine","shortname":"L","bookingrules":null,"mode":"Bus","nom_commune":"Chatou","code_insee":"78146"}},{"type":"Feature","geometry":{"type":"Point","coordinates":[2.176930803498791,48.909724190724454]},"properties":{"id":"IDFM:C02142","route_long_name":"L","stop_id":"IDFM:32085","stop_name":"G\u00e9n\u00e9ral Leclerc","stop_lon":"2.176930803498791","stop_lat":"48.909724190724454","operatorname":"Keolis Argenteuil Boucles de Seine","shortname":"L","bookingrules":null,"mode":"Bus","nom_commune":"Carri\u00e8res-sur-Seine","code_insee":"78124"}},{"type":"Feature","geometry":{"type":"Point","coordinates":[2.1833825519652392,48.91156699677283]},"properties":{"id":"IDFM:C02142","route_long_name":"L","stop_id":"IDFM:32205","stop_name":"Salle des F\u00eates","stop_lon":"2.1833825519652392","stop_lat":"48.91156699677283","operatorname":"Keolis Argenteuil Boucles de Seine","shortname":"L","bookingrules":null,"mode":"Bus","nom_commune":"Carri\u00e8res-sur-Seine","code_insee":"78124"}},{"type":"Feature","geometry":{"type":"Point","coordinates":[2.1862764981310603,48.91932983905741]},"properties":{"id":"IDFM:C02142","route_long_name":"L","stop_id":"IDFM:37348","stop_name":"Gare de Houilles - Carri\u00e8res-sur-Seine","stop_lon":"2.1862764981310603","stop_lat":"48.91932983905741","operatorname":"Keolis Argenteuil Boucles de Seine","shortname":"L","bookingrules":null,"mode":"Bus","nom_commune":"Houilles","code_insee":"78311"}},{"type":"Feature","geometry":{"type":"Point","coordinates":[2.157419192729842,48.89379620853815]},"properties":{"id":"IDFM:C02144","route_long_name":"T","stop_id":"IDFM:32038","stop_name":"Ch\u00e2telet","stop_lon":"2.157419192729842","stop_lat":"48.89379620853815","operatorname":"Keolis Argenteuil Boucles de Seine","shortname":"T","bookingrules":null,"mode":"Bus","nom_commune":"Chatou","code_insee":"78146"}},{"type":"Feature","geometry":{"type":"Point","coordinates":[2.1556209896532272,48.90291182586972]},"properties":{"id":"IDFM:C02144","route_long_name":"T","stop_id":"IDFM:32137","stop_name":"Renoir","stop_lon":"2.1556209896532272","stop_lat":"48.90291182586972","operatorname":"Keolis Argenteuil Boucles de Seine","shortname":"T","bookingrules":null,"mode":"Bus","nom_commune":"Chatou","code_insee":"78146"}},{"type":"Feature","geometry":{"type":"Point","coordinates":[2.1556909408925464,48.90280439885476]},"properties":{"id":"IDFM:C02144","route_long_name":"T","stop_id":"IDFM:474311","stop_name":"Renoir","stop_lon":"2.1556909408925464","stop_lat":"48.90280439885476","operatorname":"Keolis Argenteuil Boucles de Seine","shortname":"T","bookingrules":null,"mode":"Bus","nom_commune":"Chatou","code_insee":"78146"}},{"type":"Feature","geometry":{"type":"Point","coordinates":[2.1572832512561613,48.893768271695905]},"properties":{"id":"IDFM:C02144","route_long_name":"T","stop_id":"IDFM:32037","stop_name":"Ch\u00e2telet","stop_lon":"2.1572832512561613","stop_lat":"48.893768271695905","operatorname":"Keolis Argenteuil Boucles de Seine","shortname":"T","bookingrules":null,"mode":"Bus","nom_commune":"Chatou","code_insee":"78146"}},{"type":"Feature","geometry":{"type":"Point","coordinates":[2.1574530381328354,48.89591889121222]},"properties":{"id":"IDFM:C02144","route_long_name":"T","stop_id":"IDFM:32136","stop_name":"Maurice Hardouin","stop_lon":"2.1574530381328354","stop_lat":"48.89591889121222","operatorname":"Keolis Argenteuil Boucles de Seine","shortname":"T","bookingrules":null,"mode":"Bus","nom_commune":"Chatou","code_insee":"78146"}},{"type":"Feature","geometry":{"type":"Point","coordinates":[2.1639281560390393,48.89700750553382]},"properties":{"id":"IDFM:C02145","route_long_name":"S3","stop_id":"IDFM:32072","stop_name":"Gambetta","stop_lon":"2.1639281560390393","stop_lat":"48.89700750553382","operatorname":"Keolis Argenteuil Boucles de Seine","shortname":"S3","bookingrules":null,"mode":"Bus","nom_commune":"Chatou","code_insee":"78146"}},{"type":"Feature","geometry":{"type":"Point","coordinates":[2.1621965866408837,48.899504556006995]},"properties":{"id":"IDFM:C02145","route_long_name":"S3","stop_id":"IDFM:32025","stop_name":"Carri\u00e8res Bellevue","stop_lon":"2.1621965866408837","stop_lat":"48.899504556006995","operatorname":"Keolis Argenteuil Boucles de Seine","shortname":"S3","bookingrules":null,"mode":"Bus","nom_commune":"Chatou","code_insee":"78146"}},{"type":"Feature","geometry":{"type":"Point","coordinates":[2.161589096321601,48.90080434204862]},"properties":{"id":"IDFM:C02145","route_long_name":"S3","stop_id":"IDFM:32109","stop_name":"Jean Jaur\u00e8s","stop_lon":"2.161589096321601","stop_lat":"48.90080434204862","operatorname":"Keolis Argenteuil Boucles de Seine","shortname":"S3","bookingrules":null,"mode":"Bus","nom_commune":"Chatou","code_insee":"78146"}},{"type":"Feature","geometry":{"type":"Point","coordinates":[2.128729936605441,48.90961712732201]},"properties":{"id":"IDFM:C02145","route_long_name":"S3","stop_id":"IDFM:32054","stop_name":"Cormeilles","stop_lon":"2.128729936605441","stop_lat":"48.90961712732201","operatorname":"Keolis Argenteuil Boucles de Seine","shortname":"S3","bookingrules":null,"mode":"Bus","nom_commune":"Chatou","code_insee":"78146"}},{"type":"Feature","geometry":{"type":"Point","coordinates":[2.132087649837766,48.90871519028165]},"properties":{"id":"IDFM:C02145","route_long_name":"S3","stop_id":"IDFM:32221","stop_name":"Terres Blanches","stop_lon":"2.132087649837766","stop_lat":"48.90871519028165","operatorname":"Keolis Argenteuil Boucles de Seine","shortname":"S3","bookingrules":null,"mode":"Bus","nom_commune":"Chatou","code_insee":"78146"}},{"type":"Feature","geometry":{"type":"Point","coordinates":[2.141853178498029,48.910557230332216]},"properties":{"id":"IDFM:C02145","route_long_name":"S3","stop_id":"IDFM:32031","stop_name":"Coll\u00e8ge Pablo Picasso","stop_lon":"2.141853178498029","stop_lat":"48.910557230332216","operatorname":"Keolis Argenteuil Boucles de Seine","shortname":"S3","bookingrules":null,"mode":"Bus","nom_commune":"Montesson","code_insee":"78418"}},{"type":"Feature","geometry":{"type":"Point","coordinates":[2.139934052115303,48.90284517354759]},"properties":{"id":"IDFM:C02145","route_long_name":"S3","stop_id":"IDFM:32119","stop_name":"Landes","stop_lon":"2.139934052115303","stop_lat":"48.90284517354759","operatorname":"Keolis Argenteuil Boucles de Seine","shortname":"S3","bookingrules":null,"mode":"Bus","nom_commune":"Chatou","code_insee":"78146"}},{"type":"Feature","geometry":{"type":"Point","coordinates":[2.143580414995052,48.89845555348158]},"properties":{"id":"IDFM:C02145","route_long_name":"S3","stop_id":"IDFM:32115","stop_name":"Sabinettes","stop_lon":"2.143580414995052","stop_lat":"48.89845555348158","operatorname":"Keolis Argenteuil Boucles de Seine","shortname":"S3","bookingrules":null,"mode":"Bus","nom_commune":"Chatou","code_insee":"78146"}},{"type":"Feature","geometry":{"type":"Point","coordinates":[2.14635798197459,48.8979357802131]},"properties":{"id":"IDFM:C02145","route_long_name":"S3","stop_id":"IDFM:32052","stop_name":"Cormiers Ricard","stop_lon":"2.14635798197459","stop_lat":"48.8979357802131","operatorname":"Keolis Argenteuil Boucles de Seine","shortname":"S3","bookingrules":null,"mode":"Bus","nom_commune":"Chatou","code_insee":"78146"}},{"type":"Feature","geometry":{"type":"Point","coordinates":[2.1619992993686212,48.900744259440415]},"properties":{"id":"IDFM:C02145","route_long_name":"S3","stop_id":"IDFM:32108","stop_name":"Jean Jaur\u00e8s","stop_lon":"2.1619992993686212","stop_lat":"48.900744259440415","operatorname":"Keolis Argenteuil Boucles de Seine","shortname":"S3","bookingrules":null,"mode":"Bus","nom_commune":"Chatou","code_insee":"78146"}},{"type":"Feature","geometry":{"type":"Point","coordinates":[2.163371083754336,48.89602333577805]},"properties":{"id":"IDFM:C02145","route_long_name":"S3","stop_id":"IDFM:32099","stop_name":"\u00cele Verte","stop_lon":"2.163371083754336","stop_lat":"48.89602333577805","operatorname":"Keolis Argenteuil Boucles de Seine","shortname":"S3","bookingrules":null,"mode":"Bus","nom_commune":"Chatou","code_insee":"78146"}},{"type":"Feature","geometry":{"type":"Point","coordinates":[2.1528317958672023,48.890724061420734]},"properties":{"id":"IDFM:C02145","route_long_name":"S3","stop_id":"IDFM:32162","stop_name":"Paul Bert","stop_lon":"2.1528317958672023","stop_lat":"48.890724061420734","operatorname":"Keolis Argenteuil Boucles de Seine","shortname":"S3","bookingrules":null,"mode":"Bus","nom_commune":"Chatou","code_insee":"78146"}},{"type":"Feature","geometry":{"type":"Point","coordinates":[2.1590797205094368,48.94805481332613]},"properties":{"id":"IDFM:C02683","route_long_name":"60","stop_id":"IDFM:492000","stop_name":"Eug\u00e8ne Adam","stop_lon":"2.1590797205094368","stop_lat":"48.94805481332613","operatorname":"Keolis Argenteuil Boucles de Seine","shortname":"60","bookingrules":null,"mode":"Bus","nom_commune":"Maisons-Laffitte","code_insee":"78358"}},{"type":"Feature","geometry":{"type":"Point","coordinates":[2.160473268155204,48.950537642907584]},"properties":{"id":"IDFM:C02683","route_long_name":"60","stop_id":"IDFM:34915","stop_name":"Talma","stop_lon":"2.160473268155204","stop_lat":"48.950537642907584","operatorname":"Keolis Argenteuil Boucles de Seine","shortname":"60","bookingrules":null,"mode":"Bus","nom_commune":"Maisons-Laffitte","code_insee":"78358"}},{"type":"Feature","geometry":{"type":"Point","coordinates":[2.1626875543710766,48.95209092022873]},"properties":{"id":"IDFM:C02683","route_long_name":"60","stop_id":"IDFM:34916","stop_name":"Sully","stop_lon":"2.1626875543710766","stop_lat":"48.95209092022873","operatorname":"Keolis Argenteuil Boucles de Seine","shortname":"60","bookingrules":null,"mode":"Bus","nom_commune":"Maisons-Laffitte","code_insee":"78358"}},{"type":"Feature","geometry":{"type":"Point","coordinates":[2.1598080342800765,48.957907172023305]},"properties":{"id":"IDFM:C02683","route_long_name":"60","stop_id":"IDFM:34923","stop_name":"Place Colbert","stop_lon":"2.1598080342800765","stop_lat":"48.957907172023305","operatorname":"Keolis Argenteuil Boucles de Seine","shortname":"60","bookingrules":null,"mode":"Bus","nom_commune":"Maisons-Laffitte","code_insee":"78358"}},{"type":"Feature","geometry":{"type":"Point","coordinates":[2.147583390854937,48.948054555972355]},"properties":{"id":"IDFM:C02683","route_long_name":"60","stop_id":"IDFM:34906","stop_name":"Grille du Parc","stop_lon":"2.147583390854937","stop_lat":"48.948054555972355","operatorname":"Keolis Argenteuil Boucles de Seine","shortname":"60","bookingrules":null,"mode":"Bus","nom_commune":"Maisons-Laffitte","code_insee":"78358"}},{"type":"Feature","geometry":{"type":"Point","coordinates":[2.1449444215426747,48.95326966619936]},"properties":{"id":"IDFM:C02684","route_long_name":"61","stop_id":"IDFM:491999","stop_name":"Place Marine","stop_lon":"2.1449444215426747","stop_lat":"48.95326966619936","operatorname":"Keolis Argenteuil Boucles de Seine","shortname":"61","bookingrules":null,"mode":"Bus","nom_commune":"Maisons-Laffitte","code_insee":"78358"}},{"type":"Feature","geometry":{"type":"Point","coordinates":[2.150011131267904,48.946542986765444]},"properties":{"id":"IDFM:C02684","route_long_name":"61","stop_id":"IDFM:29232","stop_name":"Rue du Mesnil","stop_lon":"2.150011131267904","stop_lat":"48.946542986765444","operatorname":"Keolis Argenteuil Boucles de Seine","shortname":"61","bookingrules":null,"mode":"Bus","nom_commune":"Maisons-Laffitte","code_insee":"78358"}},{"type":"Feature","geometry":{"type":"Point","coordinates":[2.1341589085268837,48.93757138590978]},"properties":{"id":"IDFM:C02685","route_long_name":"62","stop_id":"IDFM:35062","stop_name":"Croix Bosset","stop_lon":"2.1341589085268837","stop_lat":"48.93757138590978","operatorname":"Keolis Argenteuil Boucles de Seine","shortname":"62","bookingrules":null,"mode":"Bus","nom_commune":"Le Mesnil-le-Roi","code_insee":"78396"}},{"type":"Feature","geometry":{"type":"Point","coordinates":[2.1598080342800765,48.957907172023305]},"properties":{"id":"IDFM:C02686","route_long_name":"63","stop_id":"IDFM:34923","stop_name":"Place Colbert","stop_lon":"2.1598080342800765","stop_lat":"48.957907172023305","operatorname":"Keolis Argenteuil Boucles de Seine","shortname":"63","bookingrules":null,"mode":"Bus","nom_commune":"Maisons-Laffitte","code_insee":"78358"}},{"type":"Feature","geometry":{"type":"Point","coordinates":[2.150905224855222,48.9578444577563]},"properties":{"id":"IDFM:C02686","route_long_name":"63","stop_id":"IDFM:34925","stop_name":"Parc des Sports","stop_lon":"2.150905224855222","stop_lat":"48.9578444577563","operatorname":"Keolis Argenteuil Boucles de Seine","shortname":"63","bookingrules":null,"mode":"Bus","nom_commune":"Maisons-Laffitte","code_insee":"78358"}},{"type":"Feature","geometry":{"type":"Point","coordinates":[2.1449444215426747,48.95326966619936]},"properties":{"id":"IDFM:C02686","route_long_name":"63","stop_id":"IDFM:491999","stop_name":"Place Marine","stop_lon":"2.1449444215426747","stop_lat":"48.95326966619936","operatorname":"Keolis Argenteuil Boucles de Seine","shortname":"63","bookingrules":null,"mode":"Bus","nom_commune":"Maisons-Laffitte","code_insee":"78358"}},{"type":"Feature","geometry":{"type":"Point","coordinates":[2.130702469829048,48.93855359196849]},"properties":{"id":"IDFM:C02686","route_long_name":"63","stop_id":"IDFM:34945","stop_name":"Jean Jaur\u00e8s","stop_lon":"2.130702469829048","stop_lat":"48.93855359196849","operatorname":"Keolis Argenteuil Boucles de Seine","shortname":"63","bookingrules":null,"mode":"Bus","nom_commune":"Le Mesnil-le-Roi","code_insee":"78396"}},{"type":"Feature","geometry":{"type":"Point","coordinates":[2.139518164654168,48.94120720679301]},"properties":{"id":"IDFM:C02686","route_long_name":"63","stop_id":"IDFM:35060","stop_name":"R\u00e9publique","stop_lon":"2.139518164654168","stop_lat":"48.94120720679301","operatorname":"Keolis Argenteuil Boucles de Seine","shortname":"63","bookingrules":null,"mode":"Bus","nom_commune":"Maisons-Laffitte","code_insee":"78358"}},{"type":"Feature","geometry":{"type":"Point","coordinates":[2.1624613148704444,48.93476882026078]},"properties":{"id":"IDFM:C02730","route_long_name":"26","stop_id":"IDFM:7695","stop_name":"Lamartine","stop_lon":"2.1624613148704444","stop_lat":"48.93476882026078","operatorname":"Keolis Argenteuil Boucles de Seine","shortname":"26","bookingrules":null,"mode":"Bus","nom_commune":"Sartrouville","code_insee":"78586"}},{"type":"Feature","geometry":{"type":"Point","coordinates":[2.1940934982455444,48.942377949351474]},"properties":{"id":"IDFM:C02730","route_long_name":"26","stop_id":"IDFM:7710","stop_name":"Paul Bert","stop_lon":"2.1940934982455444","stop_lat":"48.942377949351474","operatorname":"Keolis Argenteuil Boucles de Seine","shortname":"26","bookingrules":null,"mode":"Bus","nom_commune":"Sartrouville","code_insee":"78586"}},{"type":"Feature","geometry":{"type":"Point","coordinates":[2.1946679573109136,48.944953797034415]},"properties":{"id":"IDFM:C02730","route_long_name":"26","stop_id":"IDFM:7674","stop_name":"Saint-Exup\u00e9ry","stop_lon":"2.1946679573109136","stop_lat":"48.944953797034415","operatorname":"Keolis Argenteuil Boucles de Seine","shortname":"26","bookingrules":null,"mode":"Bus","nom_commune":"Sartrouville","code_insee":"78586"}},{"type":"Feature","geometry":{"type":"Point","coordinates":[2.173442329551871,48.94553775046358]},"properties":{"id":"IDFM:C02730","route_long_name":"26","stop_id":"IDFM:7671","stop_name":"\u00c9glise","stop_lon":"2.173442329551871","stop_lat":"48.94553775046358","operatorname":"Keolis Argenteuil Boucles de Seine","shortname":"26","bookingrules":null,"mode":"Bus","nom_commune":"Sartrouville","code_insee":"78586"}},{"type":"Feature","geometry":{"type":"Point","coordinates":[2.194554425611261,48.944350506422964]},"properties":{"id":"IDFM:C02731","route_long_name":"25","stop_id":"IDFM:7673","stop_name":"Saint-Exup\u00e9ry","stop_lon":"2.194554425611261","stop_lat":"48.944350506422964","operatorname":"Keolis Argenteuil Boucles de Seine","shortname":"25","bookingrules":null,"mode":"Bus","nom_commune":"Sartrouville","code_insee":"78586"}},{"type":"Feature","geometry":{"type":"Point","coordinates":[2.1906845265129564,48.93948621793289]},"properties":{"id":"IDFM:C02731","route_long_name":"25","stop_id":"IDFM:7651","stop_name":"Boulevard de Bezons","stop_lon":"2.1906845265129564","stop_lat":"48.93948621793289","operatorname":"Keolis Argenteuil Boucles de Seine","shortname":"25","bookingrules":null,"mode":"Bus","nom_commune":"Sartrouville","code_insee":"78586"}},{"type":"Feature","geometry":{"type":"Point","coordinates":[2.1824204007444896,48.942415807537365]},"properties":{"id":"IDFM:C02731","route_long_name":"25","stop_id":"IDFM:7667","stop_name":"Joliot Curie","stop_lon":"2.1824204007444896","stop_lat":"48.942415807537365","operatorname":"Keolis Argenteuil Boucles de Seine","shortname":"25","bookingrules":null,"mode":"Bus","nom_commune":"Sartrouville","code_insee":"78586"}},{"type":"Feature","geometry":{"type":"Point","coordinates":[2.1878687431344748,48.90911535912226]},"properties":{"id":"IDFM:C02146","route_long_name":"S4","stop_id":"IDFM:32369","stop_name":"3 Buttes","stop_lon":"2.1878687431344748","stop_lat":"48.90911535912226","operatorname":"Keolis Argenteuil Boucles de Seine","shortname":"S4","bookingrules":null,"mode":"Bus","nom_commune":"Carri\u00e8res-sur-Seine","code_insee":"78124"}},{"type":"Feature","geometry":{"type":"Point","coordinates":[2.1955750900476927,48.91190130211384]},"properties":{"id":"IDFM:C02146","route_long_name":"S4","stop_id":"IDFM:32047","stop_name":"Coll\u00e8ge des Amandiers","stop_lon":"2.1955750900476927","stop_lat":"48.91190130211384","operatorname":"Keolis Argenteuil Boucles de Seine","shortname":"S4","bookingrules":null,"mode":"Bus","nom_commune":"Carri\u00e8res-sur-Seine","code_insee":"78124"}},{"type":"Feature","geometry":{"type":"Point","coordinates":[2.1788017473758434,48.90961112578736]},"properties":{"id":"IDFM:C02146","route_long_name":"S4","stop_id":"IDFM:32026","stop_name":"Carnot","stop_lon":"2.1788017473758434","stop_lat":"48.90961112578736","operatorname":"Keolis Argenteuil Boucles de Seine","shortname":"S4","bookingrules":null,"mode":"Bus","nom_commune":"Carri\u00e8res-sur-Seine","code_insee":"78124"}},{"type":"Feature","geometry":{"type":"Point","coordinates":[2.168052091581511,48.90440177737852]},"properties":{"id":"IDFM:C02146","route_long_name":"S4","stop_id":"IDFM:32146","stop_name":"Monceau","stop_lon":"2.168052091581511","stop_lat":"48.90440177737852","operatorname":"Keolis Argenteuil Boucles de Seine","shortname":"S4","bookingrules":null,"mode":"Bus","nom_commune":"Carri\u00e8res-sur-Seine","code_insee":"78124"}},{"type":"Feature","geometry":{"type":"Point","coordinates":[2.1543790747230087,48.89958451407326]},"properties":{"id":"IDFM:C02149","route_long_name":"B","stop_id":"IDFM:32148","stop_name":"Claude Monet","stop_lon":"2.1543790747230087","stop_lat":"48.89958451407326","operatorname":"Keolis Argenteuil Boucles de Seine","shortname":"B","bookingrules":null,"mode":"Bus","nom_commune":"Chatou","code_insee":"78146"}},{"type":"Feature","geometry":{"type":"Point","coordinates":[2.1580797808051386,48.889214202499325]},"properties":{"id":"IDFM:C02149","route_long_name":"B","stop_id":"IDFM:26634","stop_name":"Mairie","stop_lon":"2.1580797808051386","stop_lat":"48.889214202499325","operatorname":"Keolis Argenteuil Boucles de Seine","shortname":"B","bookingrules":null,"mode":"Bus","nom_commune":"Chatou","code_insee":"78146"}},{"type":"Feature","geometry":{"type":"Point","coordinates":[2.1731170740829633,48.88698968792305]},"properties":{"id":"IDFM:C02149","route_long_name":"B","stop_id":"IDFM:483034","stop_name":"Gare de Rueil-Malmaison","stop_lon":"2.1731170740829633","stop_lat":"48.88698968792305","operatorname":"Keolis Argenteuil Boucles de Seine","shortname":"B","bookingrules":null,"mode":"Bus","nom_commune":"Rueil-Malmaison","code_insee":"92063"}},{"type":"Feature","geometry":{"type":"Point","coordinates":[2.1531565964855783,48.911842771536946]},"properties":{"id":"IDFM:C02149","route_long_name":"B","stop_id":"IDFM:32107","stop_name":"Jean Mac\u00e9","stop_lon":"2.1531565964855783","stop_lat":"48.911842771536946","operatorname":"Keolis Argenteuil Boucles de Seine","shortname":"B","bookingrules":null,"mode":"Bus","nom_commune":"Montesson","code_insee":"78418"}},{"type":"Feature","geometry":{"type":"Point","coordinates":[2.1506298321210906,48.906150109618196]},"properties":{"id":"IDFM:C02149","route_long_name":"B","stop_id":"IDFM:32370","stop_name":"Poste","stop_lon":"2.1506298321210906","stop_lat":"48.906150109618196","operatorname":"Keolis Argenteuil Boucles de Seine","shortname":"B","bookingrules":null,"mode":"Bus","nom_commune":"Montesson","code_insee":"78418"}},{"type":"Feature","geometry":{"type":"Point","coordinates":[2.133466375647334,48.909489604321465]},"properties":{"id":"IDFM:C02150","route_long_name":"F","stop_id":"IDFM:32057","stop_name":"Curie Pages","stop_lon":"2.133466375647334","stop_lat":"48.909489604321465","operatorname":"Keolis Argenteuil Boucles de Seine","shortname":"F","bookingrules":null,"mode":"Bus","nom_commune":"Chatou","code_insee":"78146"}},{"type":"Feature","geometry":{"type":"Point","coordinates":[2.132374125027662,48.90871726561633]},"properties":{"id":"IDFM:C02150","route_long_name":"F","stop_id":"IDFM:32220","stop_name":"Terres Blanches","stop_lon":"2.132374125027662","stop_lat":"48.90871726561633","operatorname":"Keolis Argenteuil Boucles de Seine","shortname":"F","bookingrules":null,"mode":"Bus","nom_commune":"Chatou","code_insee":"78146"}},{"type":"Feature","geometry":{"type":"Point","coordinates":[2.1483465032625495,48.908957797621426]},"properties":{"id":"IDFM:C02150","route_long_name":"F","stop_id":"IDFM:32064","stop_name":"Marais","stop_lon":"2.1483465032625495","stop_lat":"48.908957797621426","operatorname":"Keolis Argenteuil Boucles de Seine","shortname":"F","bookingrules":null,"mode":"Bus","nom_commune":"Montesson","code_insee":"78418"}},{"type":"Feature","geometry":{"type":"Point","coordinates":[2.1955750900476927,48.91190130211384]},"properties":{"id":"IDFM:C02151","route_long_name":"S5","stop_id":"IDFM:32047","stop_name":"Coll\u00e8ge des Amandiers","stop_lon":"2.1955750900476927","stop_lat":"48.91190130211384","operatorname":"Keolis Argenteuil Boucles de Seine","shortname":"S5","bookingrules":null,"mode":"Bus","nom_commune":"Carri\u00e8res-sur-Seine","code_insee":"78124"}},{"type":"Feature","geometry":{"type":"Point","coordinates":[2.1342418688425604,48.90962111812374]},"properties":{"id":"IDFM:C02152","route_long_name":"P","stop_id":"IDFM:32058","stop_name":"Curie Pages","stop_lon":"2.1342418688425604","stop_lat":"48.90962111812374","operatorname":"Keolis Argenteuil Boucles de Seine","shortname":"P","bookingrules":null,"mode":"Bus","nom_commune":"Chatou","code_insee":"78146"}},{"type":"Feature","geometry":{"type":"Point","coordinates":[2.1750100238300405,48.91470222858799]},"properties":{"id":"IDFM:C02152","route_long_name":"P","stop_id":"IDFM:23967","stop_name":"Cerisier","stop_lon":"2.1750100238300405","stop_lat":"48.91470222858799","operatorname":"Keolis Argenteuil Boucles de Seine","shortname":"P","bookingrules":null,"mode":"Bus","nom_commune":"Carri\u00e8res-sur-Seine","code_insee":"78124"}},{"type":"Feature","geometry":{"type":"Point","coordinates":[2.174885950782925,48.91478231312707]},"properties":{"id":"IDFM:C02152","route_long_name":"P","stop_id":"IDFM:474297","stop_name":"Cerisier","stop_lon":"2.174885950782925","stop_lat":"48.91478231312707","operatorname":"Keolis Argenteuil Boucles de Seine","shortname":"P","bookingrules":null,"mode":"Bus","nom_commune":"Carri\u00e8res-sur-Seine","code_insee":"78124"}},{"type":"Feature","geometry":{"type":"Point","coordinates":[2.152060763779523,48.91043206789756]},"properties":{"id":"IDFM:C02152","route_long_name":"P","stop_id":"IDFM:32230","stop_name":"Victor Hugo","stop_lon":"2.152060763779523","stop_lat":"48.91043206789756","operatorname":"Keolis Argenteuil Boucles de Seine","shortname":"P","bookingrules":null,"mode":"Bus","nom_commune":"Montesson","code_insee":"78418"}},{"type":"Feature","geometry":{"type":"Point","coordinates":[2.1342418688425604,48.90962111812374]},"properties":{"id":"IDFM:C02153","route_long_name":"S2","stop_id":"IDFM:32058","stop_name":"Curie Pages","stop_lon":"2.1342418688425604","stop_lat":"48.90962111812374","operatorname":"Keolis Argenteuil Boucles de Seine","shortname":"S2","bookingrules":null,"mode":"Bus","nom_commune":"Chatou","code_insee":"78146"}},{"type":"Feature","geometry":{"type":"Point","coordinates":[2.1483465032625495,48.908957797621426]},"properties":{"id":"IDFM:C02153","route_long_name":"S2","stop_id":"IDFM:32064","stop_name":"Marais","stop_lon":"2.1483465032625495","stop_lat":"48.908957797621426","operatorname":"Keolis Argenteuil Boucles de Seine","shortname":"S2","bookingrules":null,"mode":"Bus","nom_commune":"Montesson","code_insee":"78418"}},{"type":"Feature","geometry":{"type":"Point","coordinates":[2.157228626590139,48.91146679122544]},"properties":{"id":"IDFM:C02153","route_long_name":"S2","stop_id":"IDFM:32217","stop_name":"Sainte-Honorine","stop_lon":"2.157228626590139","stop_lat":"48.91146679122544","operatorname":"Keolis Argenteuil Boucles de Seine","shortname":"S2","bookingrules":null,"mode":"Bus","nom_commune":"Montesson","code_insee":"78418"}},{"type":"Feature","geometry":{"type":"Point","coordinates":[2.157215712218823,48.911421734004485]},"properties":{"id":"IDFM:C02153","route_long_name":"S2","stop_id":"IDFM:32345","stop_name":"Sainte-Honorine","stop_lon":"2.157215712218823","stop_lat":"48.911421734004485","operatorname":"Keolis Argenteuil Boucles de Seine","shortname":"S2","bookingrules":null,"mode":"Bus","nom_commune":"Montesson","code_insee":"78418"}},{"type":"Feature","geometry":{"type":"Point","coordinates":[2.133466375647334,48.909489604321465]},"properties":{"id":"IDFM:C02153","route_long_name":"S2","stop_id":"IDFM:32057","stop_name":"Curie Pages","stop_lon":"2.133466375647334","stop_lat":"48.909489604321465","operatorname":"Keolis Argenteuil Boucles de Seine","shortname":"S2","bookingrules":null,"mode":"Bus","nom_commune":"Chatou","code_insee":"78146"}},{"type":"Feature","geometry":{"type":"Point","coordinates":[2.1788571665834553,48.90955754612452]},"properties":{"id":"IDFM:C02146","route_long_name":"S4","stop_id":"IDFM:32027","stop_name":"Carnot","stop_lon":"2.1788571665834553","stop_lat":"48.90955754612452","operatorname":"Keolis Argenteuil Boucles de Seine","shortname":"S4","bookingrules":null,"mode":"Bus","nom_commune":"Carri\u00e8res-sur-Seine","code_insee":"78124"}},{"type":"Feature","geometry":{"type":"Point","coordinates":[2.1847204063741144,48.90977746010932]},"properties":{"id":"IDFM:C02146","route_long_name":"S4","stop_id":"IDFM:32104","stop_name":"Jardins Sportifs","stop_lon":"2.1847204063741144","stop_lat":"48.90977746010932","operatorname":"Keolis Argenteuil Boucles de Seine","shortname":"S4","bookingrules":null,"mode":"Bus","nom_commune":"Carri\u00e8res-sur-Seine","code_insee":"78124"}},{"type":"Feature","geometry":{"type":"Point","coordinates":[2.1634990760259556,48.92880465181998]},"properties":{"id":"IDFM:C02147","route_long_name":"S7","stop_id":"IDFM:32123","stop_name":"Lyc\u00e9e Evariste Galois","stop_lon":"2.1634990760259556","stop_lat":"48.92880465181998","operatorname":"Keolis Argenteuil Boucles de Seine","shortname":"S7","bookingrules":null,"mode":"Bus","nom_commune":"Sartrouville","code_insee":"78586"}},{"type":"Feature","geometry":{"type":"Point","coordinates":[2.1578119645908873,48.93781186755499]},"properties":{"id":"IDFM:C02148","route_long_name":"S1","stop_id":"IDFM:5387","stop_name":"Gare de Sartrouville","stop_lon":"2.1578119645908873","stop_lat":"48.93781186755499","operatorname":"Keolis Argenteuil Boucles de Seine","shortname":"S1","bookingrules":null,"mode":"Bus","nom_commune":"Sartrouville","code_insee":"78586"}},{"type":"Feature","geometry":{"type":"Point","coordinates":[2.1460387415274402,48.911576403475294]},"properties":{"id":"IDFM:C02148","route_long_name":"S1","stop_id":"IDFM:32339","stop_name":"Cimeti\u00e8re","stop_lon":"2.1460387415274402","stop_lat":"48.911576403475294","operatorname":"Keolis Argenteuil Boucles de Seine","shortname":"S1","bookingrules":null,"mode":"Bus","nom_commune":"Montesson","code_insee":"78418"}},{"type":"Feature","geometry":{"type":"Point","coordinates":[2.1483465032625495,48.908957797621426]},"properties":{"id":"IDFM:C02149","route_long_name":"B","stop_id":"IDFM:32064","stop_name":"Marais","stop_lon":"2.1483465032625495","stop_lat":"48.908957797621426","operatorname":"Keolis Argenteuil Boucles de Seine","shortname":"B","bookingrules":null,"mode":"Bus","nom_commune":"Montesson","code_insee":"78418"}},{"type":"Feature","geometry":{"type":"Point","coordinates":[2.159223657844798,48.90874685269566]},"properties":{"id":"IDFM:C02149","route_long_name":"B","stop_id":"IDFM:411958","stop_name":"Le Montoir","stop_lon":"2.159223657844798","stop_lat":"48.90874685269566","operatorname":"Keolis Argenteuil Boucles de Seine","shortname":"B","bookingrules":null,"mode":"Bus","nom_commune":"Montesson","code_insee":"78418"}},{"type":"Feature","geometry":{"type":"Point","coordinates":[2.1500491690130175,48.91246827997253]},"properties":{"id":"IDFM:C02149","route_long_name":"B","stop_id":"IDFM:474309","stop_name":"La Tour","stop_lon":"2.1500491690130175","stop_lat":"48.91246827997253","operatorname":"Keolis Argenteuil Boucles de Seine","shortname":"B","bookingrules":null,"mode":"Bus","nom_commune":"Montesson","code_insee":"78418"}},{"type":"Feature","geometry":{"type":"Point","coordinates":[2.14658407417692,48.91243465144898]},"properties":{"id":"IDFM:C02149","route_long_name":"B","stop_id":"IDFM:32045","stop_name":"Jardins Familiaux","stop_lon":"2.14658407417692","stop_lat":"48.91243465144898","operatorname":"Keolis Argenteuil Boucles de Seine","shortname":"B","bookingrules":null,"mode":"Bus","nom_commune":"Montesson","code_insee":"78418"}},{"type":"Feature","geometry":{"type":"Point","coordinates":[2.141132312567678,48.92778309013487]},"properties":{"id":"IDFM:C02149","route_long_name":"B","stop_id":"IDFM:32068","stop_name":"Ferdinand Buisson","stop_lon":"2.141132312567678","stop_lat":"48.92778309013487","operatorname":"Keolis Argenteuil Boucles de Seine","shortname":"B","bookingrules":null,"mode":"Bus","nom_commune":"Montesson","code_insee":"78418"}},{"type":"Feature","geometry":{"type":"Point","coordinates":[2.1480910168047718,48.93206852777294]},"properties":{"id":"IDFM:C02149","route_long_name":"B","stop_id":"IDFM:460449","stop_name":"Montgolfier","stop_lon":"2.1480910168047718","stop_lat":"48.93206852777294","operatorname":"Keolis Argenteuil Boucles de Seine","shortname":"B","bookingrules":null,"mode":"Bus","nom_commune":"Sartrouville","code_insee":"78586"}},{"type":"Feature","geometry":{"type":"Point","coordinates":[2.1217098685552775,48.898728841970396]},"properties":{"id":"IDFM:C02150","route_long_name":"F","stop_id":"IDFM:32360","stop_name":"Gare du V\u00e9sinet - Le Pecq","stop_lon":"2.1217098685552775","stop_lat":"48.898728841970396","operatorname":"Keolis Argenteuil Boucles de Seine","shortname":"F","bookingrules":null,"mode":"Bus","nom_commune":"Le V\u00e9sinet","code_insee":"78650"}},{"type":"Feature","geometry":{"type":"Point","coordinates":[2.178737957860779,48.91624769567262]},"properties":{"id":"IDFM:C02151","route_long_name":"S5","stop_id":"IDFM:23937","stop_name":"Buzenval","stop_lon":"2.178737957860779","stop_lat":"48.91624769567262","operatorname":"Keolis Argenteuil Boucles de Seine","shortname":"S5","bookingrules":null,"mode":"Bus","nom_commune":"Carri\u00e8res-sur-Seine","code_insee":"78124"}},{"type":"Feature","geometry":{"type":"Point","coordinates":[2.136843449390995,48.90988271209638]},"properties":{"id":"IDFM:C02152","route_long_name":"P","stop_id":"IDFM:32204","stop_name":"Sablons Darcis","stop_lon":"2.136843449390995","stop_lat":"48.90988271209638","operatorname":"Keolis Argenteuil Boucles de Seine","shortname":"P","bookingrules":null,"mode":"Bus","nom_commune":"Chatou","code_insee":"78146"}},{"type":"Feature","geometry":{"type":"Point","coordinates":[2.141853178498029,48.910557230332216]},"properties":{"id":"IDFM:C02152","route_long_name":"P","stop_id":"IDFM:32031","stop_name":"Coll\u00e8ge Pablo Picasso","stop_lon":"2.141853178498029","stop_lat":"48.910557230332216","operatorname":"Keolis Argenteuil Boucles de Seine","shortname":"P","bookingrules":null,"mode":"Bus","nom_commune":"Montesson","code_insee":"78418"}},{"type":"Feature","geometry":{"type":"Point","coordinates":[2.1510126612250313,48.90609886375309]},"properties":{"id":"IDFM:C02152","route_long_name":"P","stop_id":"IDFM:32371","stop_name":"Poste","stop_lon":"2.1510126612250313","stop_lat":"48.90609886375309","operatorname":"Keolis Argenteuil Boucles de Seine","shortname":"P","bookingrules":null,"mode":"Bus","nom_commune":"Montesson","code_insee":"78418"}},{"type":"Feature","geometry":{"type":"Point","coordinates":[2.2313057190295122,48.95090481714628]},"properties":{"id":"IDFM:C01822","route_long_name":"17","stop_id":"IDFM:13100","stop_name":"Gare du Val d'Argenteuil","stop_lon":"2.2313057190295122","stop_lat":"48.95090481714628","operatorname":"Keolis Argenteuil Boucles de Seine","shortname":"17","bookingrules":null,"mode":"Bus","nom_commune":"Argenteuil","code_insee":"95018"}},{"type":"Feature","geometry":{"type":"Point","coordinates":[2.2064882238223493,48.95588704365576]},"properties":{"id":"IDFM:C01822","route_long_name":"17","stop_id":"IDFM:17596","stop_name":"L'Angoumois","stop_lon":"2.2064882238223493","stop_lat":"48.95588704365576","operatorname":"Keolis Argenteuil Boucles de Seine","shortname":"17","bookingrules":null,"mode":"Bus","nom_commune":"Argenteuil","code_insee":"95018"}},{"type":"Feature","geometry":{"type":"Point","coordinates":[2.216388899874264,48.951329832518006]},"properties":{"id":"IDFM:C01822","route_long_name":"17","stop_id":"IDFM:7459","stop_name":"Ambroise Croizat","stop_lon":"2.216388899874264","stop_lat":"48.951329832518006","operatorname":"Keolis Argenteuil Boucles de Seine","shortname":"17","bookingrules":null,"mode":"Bus","nom_commune":"Argenteuil","code_insee":"95018"}},{"type":"Feature","geometry":{"type":"Point","coordinates":[2.1889082299702682,48.95972626193115]},"properties":{"id":"IDFM:C01681","route_long_name":"3","stop_id":"IDFM:20538","stop_name":"Les \u00c9crivains","stop_lon":"2.1889082299702682","stop_lat":"48.95972626193115","operatorname":"Keolis Argenteuil Boucles de Seine","shortname":"3","bookingrules":null,"mode":"Bus","nom_commune":"Cormeilles-en-Parisis","code_insee":"95176"}},{"type":"Feature","geometry":{"type":"Point","coordinates":[2.202600517952957,48.95917960767362]},"properties":{"id":"IDFM:C01681","route_long_name":"3","stop_id":"IDFM:417889","stop_name":"Rond-Point du Cormier","stop_lon":"2.202600517952957","stop_lat":"48.95917960767362","operatorname":"Keolis Argenteuil Boucles de Seine","shortname":"3","bookingrules":null,"mode":"Bus","nom_commune":"Cormeilles-en-Parisis","code_insee":"95176"}},{"type":"Feature","geometry":{"type":"Point","coordinates":[2.2019944889186602,48.955065848225736]},"properties":{"id":"IDFM:C01681","route_long_name":"3","stop_id":"IDFM:37328","stop_name":"Les Bruy\u00e8res","stop_lon":"2.2019944889186602","stop_lat":"48.955065848225736","operatorname":"Keolis Argenteuil Boucles de Seine","shortname":"3","bookingrules":null,"mode":"Bus","nom_commune":"Cormeilles-en-Parisis","code_insee":"95176"}},{"type":"Feature","geometry":{"type":"Point","coordinates":[2.2060092261034634,48.94790718905061]},"properties":{"id":"IDFM:C01681","route_long_name":"3","stop_id":"IDFM:20153","stop_name":"Sureaux","stop_lon":"2.2060092261034634","stop_lat":"48.94790718905061","operatorname":"Keolis Argenteuil Boucles de Seine","shortname":"3","bookingrules":null,"mode":"Bus","nom_commune":"Sartrouville","code_insee":"78586"}},{"type":"Feature","geometry":{"type":"Point","coordinates":[2.2156267293678167,48.92762836818845]},"properties":{"id":"IDFM:C01681","route_long_name":"3","stop_id":"IDFM:23968","stop_name":"La Gr\u00e2ce de Dieu","stop_lon":"2.2156267293678167","stop_lat":"48.92762836818845","operatorname":"Keolis Argenteuil Boucles de Seine","shortname":"3","bookingrules":null,"mode":"Bus","nom_commune":"Bezons","code_insee":"95063"}},{"type":"Feature","geometry":{"type":"Point","coordinates":[2.215601239323427,48.934750689575075]},"properties":{"id":"IDFM:C01681","route_long_name":"3","stop_id":"IDFM:7589","stop_name":"Justice","stop_lon":"2.215601239323427","stop_lat":"48.934750689575075","operatorname":"Keolis Argenteuil Boucles de Seine","shortname":"3","bookingrules":null,"mode":"Bus","nom_commune":"Bezons","code_insee":"95063"}},{"type":"Feature","geometry":{"type":"Point","coordinates":[2.2071735577551483,48.93780681571874]},"properties":{"id":"IDFM:C01681","route_long_name":"3","stop_id":"IDFM:13107","stop_name":"La Berthie","stop_lon":"2.2071735577551483","stop_lat":"48.93780681571874","operatorname":"Keolis Argenteuil Boucles de Seine","shortname":"3","bookingrules":null,"mode":"Bus","nom_commune":"Bezons","code_insee":"95063"}},{"type":"Feature","geometry":{"type":"Point","coordinates":[2.2061887620091163,48.947773484325886]},"properties":{"id":"IDFM:C01681","route_long_name":"3","stop_id":"IDFM:20152","stop_name":"Sureaux","stop_lon":"2.2061887620091163","stop_lat":"48.947773484325886","operatorname":"Keolis Argenteuil Boucles de Seine","shortname":"3","bookingrules":null,"mode":"Bus","nom_commune":"Argenteuil","code_insee":"95018"}},{"type":"Feature","geometry":{"type":"Point","coordinates":[2.202212952312192,48.95506730205641]},"properties":{"id":"IDFM:C01681","route_long_name":"3","stop_id":"IDFM:21183","stop_name":"Les Bruy\u00e8res","stop_lon":"2.202212952312192","stop_lat":"48.95506730205641","operatorname":"Keolis Argenteuil Boucles de Seine","shortname":"3","bookingrules":null,"mode":"Bus","nom_commune":"Cormeilles-en-Parisis","code_insee":"95176"}},{"type":"Feature","geometry":{"type":"Point","coordinates":[2.1965781930061725,48.958285088206935]},"properties":{"id":"IDFM:C01681","route_long_name":"3","stop_id":"IDFM:20160","stop_name":"Place des Arts","stop_lon":"2.1965781930061725","stop_lat":"48.958285088206935","operatorname":"Keolis Argenteuil Boucles de Seine","shortname":"3","bookingrules":null,"mode":"Bus","nom_commune":"Cormeilles-en-Parisis","code_insee":"95176"}},{"type":"Feature","geometry":{"type":"Point","coordinates":[2.14113038284729,48.927899987342094]},"properties":{"id":"IDFM:C00337","route_long_name":"G","stop_id":"IDFM:32067","stop_name":"Ferdinand Buisson","stop_lon":"2.14113038284729","stop_lat":"48.927899987342094","operatorname":"Keolis Argenteuil Boucles de Seine","shortname":"G","bookingrules":null,"mode":"Bus","nom_commune":"Montesson","code_insee":"78418"}},{"type":"Feature","geometry":{"type":"Point","coordinates":[2.125359154218212,48.935645920155416]},"properties":{"id":"IDFM:C01473","route_long_name":"2","stop_id":"IDFM:34951","stop_name":"Marronniers","stop_lon":"2.125359154218212","stop_lat":"48.935645920155416","operatorname":"Keolis Argenteuil Boucles de Seine","shortname":"2","bookingrules":null,"mode":"Bus","nom_commune":"Le Mesnil-le-Roi","code_insee":"78396"}},{"type":"Feature","geometry":{"type":"Point","coordinates":[2.122074459361134,48.92725827392483]},"properties":{"id":"IDFM:C01473","route_long_name":"2","stop_id":"IDFM:34955","stop_name":"Mairie","stop_lon":"2.122074459361134","stop_lat":"48.92725827392483","operatorname":"Keolis Argenteuil Boucles de Seine","shortname":"2","bookingrules":null,"mode":"Bus","nom_commune":"Le Mesnil-le-Roi","code_insee":"78396"}},{"type":"Feature","geometry":{"type":"Point","coordinates":[2.1177187865759217,48.92415060739484]},"properties":{"id":"IDFM:C01473","route_long_name":"2","stop_id":"IDFM:34959","stop_name":"Cheverrures","stop_lon":"2.1177187865759217","stop_lat":"48.92415060739484","operatorname":"Keolis Argenteuil Boucles de Seine","shortname":"2","bookingrules":null,"mode":"Bus","nom_commune":"Le Mesnil-le-Roi","code_insee":"78396"}},{"type":"Feature","geometry":{"type":"Point","coordinates":[2.0616201655611315,48.897328765925856]},"properties":{"id":"IDFM:C01473","route_long_name":"2","stop_id":"IDFM:483810","stop_name":"Lyc\u00e9e International","stop_lon":"2.0616201655611315","stop_lat":"48.897328765925856","operatorname":"Keolis Argenteuil Boucles de Seine","shortname":"2","bookingrules":null,"mode":"Bus","nom_commune":"Saint-Germain-en-Laye","code_insee":"78551"}},{"type":"Feature","geometry":{"type":"Point","coordinates":[2.112717274615147,48.916532361722325]},"properties":{"id":"IDFM:C01473","route_long_name":"2","stop_id":"IDFM:34967","stop_name":"Grille Royale","stop_lon":"2.112717274615147","stop_lat":"48.916532361722325","operatorname":"Keolis Argenteuil Boucles de Seine","shortname":"2","bookingrules":null,"mode":"Bus","nom_commune":"Le Mesnil-le-Roi","code_insee":"78396"}},{"type":"Feature","geometry":{"type":"Point","coordinates":[2.117882534911418,48.924151813003014]},"properties":{"id":"IDFM:C01473","route_long_name":"2","stop_id":"IDFM:34960","stop_name":"Cheverrures","stop_lon":"2.117882534911418","stop_lat":"48.924151813003014","operatorname":"Keolis Argenteuil Boucles de Seine","shortname":"2","bookingrules":null,"mode":"Bus","nom_commune":"Le Mesnil-le-Roi","code_insee":"78396"}},{"type":"Feature","geometry":{"type":"Point","coordinates":[2.1223731659615543,48.9273503938551]},"properties":{"id":"IDFM:C01473","route_long_name":"2","stop_id":"IDFM:34956","stop_name":"Mairie","stop_lon":"2.1223731659615543","stop_lat":"48.9273503938551","operatorname":"Keolis Argenteuil Boucles de Seine","shortname":"2","bookingrules":null,"mode":"Bus","nom_commune":"Le Mesnil-le-Roi","code_insee":"78396"}},{"type":"Feature","geometry":{"type":"Point","coordinates":[2.130463300693832,48.936528411969874]},"properties":{"id":"IDFM:C01473","route_long_name":"2","stop_id":"IDFM:34950","stop_name":"Rue du Repos","stop_lon":"2.130463300693832","stop_lat":"48.936528411969874","operatorname":"Keolis Argenteuil Boucles de Seine","shortname":"2","bookingrules":null,"mode":"Bus","nom_commune":"Le Mesnil-le-Roi","code_insee":"78396"}},{"type":"Feature","geometry":{"type":"Point","coordinates":[2.138744527385508,48.944232303583235]},"properties":{"id":"IDFM:C01473","route_long_name":"2","stop_id":"IDFM:34935","stop_name":"Rue des Loges","stop_lon":"2.138744527385508","stop_lat":"48.944232303583235","operatorname":"Keolis Argenteuil Boucles de Seine","shortname":"2","bookingrules":null,"mode":"Bus","nom_commune":"Maisons-Laffitte","code_insee":"78358"}},{"type":"Feature","geometry":{"type":"Point","coordinates":[2.143660433149654,48.94583230663279]},"properties":{"id":"IDFM:C01473","route_long_name":"2","stop_id":"IDFM:35081","stop_name":"Gare de Maisons-Laffitte","stop_lon":"2.143660433149654","stop_lat":"48.94583230663279","operatorname":"Keolis Argenteuil Boucles de Seine","shortname":"2","bookingrules":null,"mode":"Bus","nom_commune":"Maisons-Laffitte","code_insee":"78358"}},{"type":"Feature","geometry":{"type":"Point","coordinates":[2.1389878637276096,48.94437794003013]},"properties":{"id":"IDFM:C01476","route_long_name":"6","stop_id":"IDFM:34934","stop_name":"Rue des Loges","stop_lon":"2.1389878637276096","stop_lat":"48.94437794003013","operatorname":"Keolis Argenteuil Boucles de Seine","shortname":"6","bookingrules":null,"mode":"Bus","nom_commune":"Maisons-Laffitte","code_insee":"78358"}},{"type":"Feature","geometry":{"type":"Point","coordinates":[2.1254057977779275,48.9401787792495]},"properties":{"id":"IDFM:C01476","route_long_name":"6","stop_id":"IDFM:34943","stop_name":"Cit\u00e9 des Peupliers","stop_lon":"2.1254057977779275","stop_lat":"48.9401787792495","operatorname":"Keolis Argenteuil Boucles de Seine","shortname":"6","bookingrules":null,"mode":"Bus","nom_commune":"Le Mesnil-le-Roi","code_insee":"78396"}},{"type":"Feature","geometry":{"type":"Point","coordinates":[2.1435709439802126,48.945462954099135]},"properties":{"id":"IDFM:C01478","route_long_name":"12","stop_id":"IDFM:34933","stop_name":"Gare de Maisons-Laffitte","stop_lon":"2.1435709439802126","stop_lat":"48.945462954099135","operatorname":"Keolis Argenteuil Boucles de Seine","shortname":"12","bookingrules":null,"mode":"Bus","nom_commune":"Maisons-Laffitte","code_insee":"78358"}},{"type":"Feature","geometry":{"type":"Point","coordinates":[2.166653802994908,48.96021215524803]},"properties":{"id":"IDFM:C01478","route_long_name":"12","stop_id":"IDFM:34921","stop_name":"Square Le Kain","stop_lon":"2.166653802994908","stop_lat":"48.96021215524803","operatorname":"Keolis Argenteuil Boucles de Seine","shortname":"12","bookingrules":null,"mode":"Bus","nom_commune":"Maisons-Laffitte","code_insee":"78358"}},{"type":"Feature","geometry":{"type":"Point","coordinates":[2.1496147054980868,48.94991254142151]},"properties":{"id":"IDFM:C01478","route_long_name":"12","stop_id":"IDFM:34908","stop_name":"Ch\u00e2teau","stop_lon":"2.1496147054980868","stop_lat":"48.94991254142151","operatorname":"Keolis Argenteuil Boucles de Seine","shortname":"12","bookingrules":null,"mode":"Bus","nom_commune":"Maisons-Laffitte","code_insee":"78358"}},{"type":"Feature","geometry":{"type":"Point","coordinates":[2.1457512342626415,48.94654867812439]},"properties":{"id":"IDFM:C01478","route_long_name":"12","stop_id":"IDFM:34904","stop_name":"H\u00f4tel de Ville","stop_lon":"2.1457512342626415","stop_lat":"48.94654867812439","operatorname":"Keolis Argenteuil Boucles de Seine","shortname":"12","bookingrules":null,"mode":"Bus","nom_commune":"Maisons-Laffitte","code_insee":"78358"}},{"type":"Feature","geometry":{"type":"Point","coordinates":[2.140345061444959,48.95147415724657]},"properties":{"id":"IDFM:C01478","route_long_name":"12","stop_id":"IDFM:491997","stop_name":"Muette","stop_lon":"2.140345061444959","stop_lat":"48.95147415724657","operatorname":"Keolis Argenteuil Boucles de Seine","shortname":"12","bookingrules":null,"mode":"Bus","nom_commune":"Maisons-Laffitte","code_insee":"78358"}},{"type":"Feature","geometry":{"type":"Point","coordinates":[2.1398625115147163,48.94597598273385]},"properties":{"id":"IDFM:C01478","route_long_name":"12","stop_id":"IDFM:34932","stop_name":"Club des Anciens","stop_lon":"2.1398625115147163","stop_lat":"48.94597598273385","operatorname":"Keolis Argenteuil Boucles de Seine","shortname":"12","bookingrules":null,"mode":"Bus","nom_commune":"Maisons-Laffitte","code_insee":"78358"}},{"type":"Feature","geometry":{"type":"Point","coordinates":[2.143660433149654,48.94583230663279]},"properties":{"id":"IDFM:C01478","route_long_name":"12","stop_id":"IDFM:35081","stop_name":"Gare de Maisons-Laffitte","stop_lon":"2.143660433149654","stop_lat":"48.94583230663279","operatorname":"Keolis Argenteuil Boucles de Seine","shortname":"12","bookingrules":null,"mode":"Bus","nom_commune":"Maisons-Laffitte","code_insee":"78358"}},{"type":"Feature","geometry":{"type":"Point","coordinates":[2.2537320035929818,48.950479962767695]},"properties":{"id":"IDFM:C00303","route_long_name":"18","stop_id":"IDFM:5078","stop_name":"Jean Allemane","stop_lon":"2.2537320035929818","stop_lat":"48.950479962767695","operatorname":"Keolis Argenteuil Boucles de Seine","shortname":"18","bookingrules":null,"mode":"Bus","nom_commune":"Argenteuil","code_insee":"95018"}},{"type":"Feature","geometry":{"type":"Point","coordinates":[2.2457375614844755,48.962246468453]},"properties":{"id":"IDFM:C00303","route_long_name":"18","stop_id":"IDFM:7441","stop_name":"Champagne Roussillon","stop_lon":"2.2457375614844755","stop_lat":"48.962246468453","operatorname":"Keolis Argenteuil Boucles de Seine","shortname":"18","bookingrules":null,"mode":"Bus","nom_commune":"Argenteuil","code_insee":"95018"}},{"type":"Feature","geometry":{"type":"Point","coordinates":[2.25574020167393,48.956130939520676]},"properties":{"id":"IDFM:C00303","route_long_name":"18","stop_id":"IDFM:5076","stop_name":"Rue du Nord","stop_lon":"2.25574020167393","stop_lat":"48.956130939520676","operatorname":"Keolis Argenteuil Boucles de Seine","shortname":"18","bookingrules":null,"mode":"Bus","nom_commune":"Argenteuil","code_insee":"95018"}},{"type":"Feature","geometry":{"type":"Point","coordinates":[2.188834759511582,48.91891551446607]},"properties":{"id":"IDFM:C00306","route_long_name":"34","stop_id":"IDFM:23941","stop_name":"Pasteur","stop_lon":"2.188834759511582","stop_lat":"48.91891551446607","operatorname":"Keolis Argenteuil Boucles de Seine","shortname":"34","bookingrules":null,"mode":"Bus","nom_commune":"Houilles","code_insee":"78311"}},{"type":"Feature","geometry":{"type":"Point","coordinates":[2.2204535388415567,48.931580834494355]},"properties":{"id":"IDFM:C00306","route_long_name":"34","stop_id":"IDFM:7596","stop_name":"Francis de Pressens\u00e9","stop_lon":"2.2204535388415567","stop_lat":"48.931580834494355","operatorname":"Keolis Argenteuil Boucles de Seine","shortname":"34","bookingrules":null,"mode":"Bus","nom_commune":"Bezons","code_insee":"95063"}},{"type":"Feature","geometry":{"type":"Point","coordinates":[2.2284890651525338,48.940122214699954]},"properties":{"id":"IDFM:C00306","route_long_name":"34","stop_id":"IDFM:7503","stop_name":"Jaur\u00e8s Leclerc","stop_lon":"2.2284890651525338","stop_lat":"48.940122214699954","operatorname":"Keolis Argenteuil Boucles de Seine","shortname":"34","bookingrules":null,"mode":"Bus","nom_commune":"Argenteuil","code_insee":"95018"}},{"type":"Feature","geometry":{"type":"Point","coordinates":[2.2304630968509773,48.95063861852541]},"properties":{"id":"IDFM:C00306","route_long_name":"34","stop_id":"IDFM:7488","stop_name":"Gare du Val d'Argenteuil","stop_lon":"2.2304630968509773","stop_lat":"48.95063861852541","operatorname":"Keolis Argenteuil Boucles de Seine","shortname":"34","bookingrules":null,"mode":"Bus","nom_commune":"Argenteuil","code_insee":"95018"}},{"type":"Feature","geometry":{"type":"Point","coordinates":[2.22814499577802,48.9522694095662]},"properties":{"id":"IDFM:C00306","route_long_name":"34","stop_id":"IDFM:26485","stop_name":"Jean Lur\u00e7at","stop_lon":"2.22814499577802","stop_lat":"48.9522694095662","operatorname":"Keolis Argenteuil Boucles de Seine","shortname":"34","bookingrules":null,"mode":"Bus","nom_commune":"Argenteuil","code_insee":"95018"}},{"type":"Feature","geometry":{"type":"Point","coordinates":[2.2307857576111187,48.950056153040904]},"properties":{"id":"IDFM:C00306","route_long_name":"34","stop_id":"IDFM:7489","stop_name":"Gare du Val d'Argenteuil","stop_lon":"2.2307857576111187","stop_lat":"48.950056153040904","operatorname":"Keolis Argenteuil Boucles de Seine","shortname":"34","bookingrules":null,"mode":"Bus","nom_commune":"Argenteuil","code_insee":"95018"}},{"type":"Feature","geometry":{"type":"Point","coordinates":[2.2329723418608793,48.94622121008414]},"properties":{"id":"IDFM:C00306","route_long_name":"34","stop_id":"IDFM:7534","stop_name":"Place Fran\u00e7ois Rabelais","stop_lon":"2.2329723418608793","stop_lat":"48.94622121008414","operatorname":"Keolis Argenteuil Boucles de Seine","shortname":"34","bookingrules":null,"mode":"Bus","nom_commune":"Argenteuil","code_insee":"95018"}},{"type":"Feature","geometry":{"type":"Point","coordinates":[2.2281700025872238,48.93954461147954]},"properties":{"id":"IDFM:C00306","route_long_name":"34","stop_id":"IDFM:7504","stop_name":"Jaur\u00e8s Leclerc","stop_lon":"2.2281700025872238","stop_lat":"48.93954461147954","operatorname":"Keolis Argenteuil Boucles de Seine","shortname":"34","bookingrules":null,"mode":"Bus","nom_commune":"Argenteuil","code_insee":"95018"}},{"type":"Feature","geometry":{"type":"Point","coordinates":[2.2150406700837615,48.933002373706174]},"properties":{"id":"IDFM:C00306","route_long_name":"34","stop_id":"IDFM:7586","stop_name":"Colonel Fabien","stop_lon":"2.2150406700837615","stop_lat":"48.933002373706174","operatorname":"Keolis Argenteuil Boucles de Seine","shortname":"34","bookingrules":null,"mode":"Bus","nom_commune":"Bezons","code_insee":"95063"}},{"type":"Feature","geometry":{"type":"Point","coordinates":[2.219315660637298,48.93282345830294]},"properties":{"id":"IDFM:C00306","route_long_name":"34","stop_id":"IDFM:17602","stop_name":"Brigadi\u00e8res","stop_lon":"2.219315660637298","stop_lat":"48.93282345830294","operatorname":"Keolis Argenteuil Boucles de Seine","shortname":"34","bookingrules":null,"mode":"Bus","nom_commune":"Bezons","code_insee":"95063"}},{"type":"Feature","geometry":{"type":"Point","coordinates":[2.2013842625588036,48.917444004910806]},"properties":{"id":"IDFM:C00306","route_long_name":"34","stop_id":"IDFM:494768","stop_name":"Colombier","stop_lon":"2.2013842625588036","stop_lat":"48.917444004910806","operatorname":"Keolis Argenteuil Boucles de Seine","shortname":"34","bookingrules":null,"mode":"Bus","nom_commune":"Bezons","code_insee":"95063"}},{"type":"Feature","geometry":{"type":"Point","coordinates":[2.1862764981310603,48.91932983905741]},"properties":{"id":"IDFM:C00306","route_long_name":"34","stop_id":"IDFM:37348","stop_name":"Gare de Houilles - Carri\u00e8res-sur-Seine","stop_lon":"2.1862764981310603","stop_lat":"48.91932983905741","operatorname":"Keolis Argenteuil Boucles de Seine","shortname":"34","bookingrules":null,"mode":"Bus","nom_commune":"Houilles","code_insee":"78311"}},{"type":"Feature","geometry":{"type":"Point","coordinates":[2.2565672432216712,48.948905844998]},"properties":{"id":"IDFM:C00308","route_long_name":"6","stop_id":"IDFM:413320","stop_name":"Aristide Briand","stop_lon":"2.2565672432216712","stop_lat":"48.948905844998","operatorname":"Keolis Argenteuil Boucles de Seine","shortname":"6","bookingrules":null,"mode":"Bus","nom_commune":"Argenteuil","code_insee":"95018"}},{"type":"Feature","geometry":{"type":"Point","coordinates":[2.234274182061354,48.93198469380596]},"properties":{"id":"IDFM:C00308","route_long_name":"6","stop_id":"IDFM:27043","stop_name":"Avenue du Marais","stop_lon":"2.234274182061354","stop_lat":"48.93198469380596","operatorname":"Keolis Argenteuil Boucles de Seine","shortname":"6","bookingrules":null,"mode":"Bus","nom_commune":"Argenteuil","code_insee":"95018"}},{"type":"Feature","geometry":{"type":"Point","coordinates":[2.229086038860217,48.931160046168316]},"properties":{"id":"IDFM:C00308","route_long_name":"6","stop_id":"IDFM:8026","stop_name":"G\u00e9n\u00e9ral Delambre","stop_lon":"2.229086038860217","stop_lat":"48.931160046168316","operatorname":"Keolis Argenteuil Boucles de Seine","shortname":"6","bookingrules":null,"mode":"Bus","nom_commune":"Argenteuil","code_insee":"95018"}},{"type":"Feature","geometry":{"type":"Point","coordinates":[2.214790264147657,48.92698438183331]},"properties":{"id":"IDFM:C00308","route_long_name":"6","stop_id":"IDFM:23952","stop_name":"La Gr\u00e2ce de Dieu","stop_lon":"2.214790264147657","stop_lat":"48.92698438183331","operatorname":"Keolis Argenteuil Boucles de Seine","shortname":"6","bookingrules":null,"mode":"Bus","nom_commune":"Bezons","code_insee":"95063"}},{"type":"Feature","geometry":{"type":"Point","coordinates":[2.1862764981310603,48.91932983905741]},"properties":{"id":"IDFM:C00308","route_long_name":"6","stop_id":"IDFM:37348","stop_name":"Gare de Houilles - Carri\u00e8res-sur-Seine","stop_lon":"2.1862764981310603","stop_lat":"48.91932983905741","operatorname":"Keolis Argenteuil Boucles de Seine","shortname":"6","bookingrules":null,"mode":"Bus","nom_commune":"Houilles","code_insee":"78311"}},{"type":"Feature","geometry":{"type":"Point","coordinates":[2.2111284487538976,48.92545848557591]},"properties":{"id":"IDFM:C00308","route_long_name":"6","stop_id":"IDFM:21512","stop_name":"Henri Barbusse","stop_lon":"2.2111284487538976","stop_lat":"48.92545848557591","operatorname":"Keolis Argenteuil Boucles de Seine","shortname":"6","bookingrules":null,"mode":"Bus","nom_commune":"Bezons","code_insee":"95063"}},{"type":"Feature","geometry":{"type":"Point","coordinates":[2.214968755556075,48.92691360668629]},"properties":{"id":"IDFM:C00308","route_long_name":"6","stop_id":"IDFM:21511","stop_name":"La Gr\u00e2ce de Dieu","stop_lon":"2.214968755556075","stop_lat":"48.92691360668629","operatorname":"Keolis Argenteuil Boucles de Seine","shortname":"6","bookingrules":null,"mode":"Bus","nom_commune":"Bezons","code_insee":"95063"}},{"type":"Feature","geometry":{"type":"Point","coordinates":[2.193296741843243,48.94269633682829]},"properties":{"id":"IDFM:C00309","route_long_name":"501 Scolaire","stop_id":"IDFM:7711","stop_name":"Paul Bert","stop_lon":"2.193296741843243","stop_lat":"48.94269633682829","operatorname":"Keolis Argenteuil Boucles de Seine","shortname":"501","bookingrules":null,"mode":"Bus","nom_commune":"Sartrouville","code_insee":"78586"}},{"type":"Feature","geometry":{"type":"Point","coordinates":[2.1891204884773643,48.938234612058174]},"properties":{"id":"IDFM:C00309","route_long_name":"501 Scolaire","stop_id":"IDFM:7717","stop_name":"Pierson","stop_lon":"2.1891204884773643","stop_lat":"48.938234612058174","operatorname":"Keolis Argenteuil Boucles de Seine","shortname":"501","bookingrules":null,"mode":"Bus","nom_commune":"Sartrouville","code_insee":"78586"}},{"type":"Feature","geometry":{"type":"Point","coordinates":[2.191663028606723,48.938890289843314]},"properties":{"id":"IDFM:C00309","route_long_name":"501 Scolaire","stop_id":"IDFM:19937","stop_name":"Henri Barbusse","stop_lon":"2.191663028606723","stop_lat":"48.938890289843314","operatorname":"Keolis Argenteuil Boucles de Seine","shortname":"501","bookingrules":null,"mode":"Bus","nom_commune":"Sartrouville","code_insee":"78586"}},{"type":"Feature","geometry":{"type":"Point","coordinates":[2.1726905343806884,48.942160194901696]},"properties":{"id":"IDFM:C00310","route_long_name":"502 Scolaire","stop_id":"IDFM:7739","stop_name":"\u00c9douard Vaillant","stop_lon":"2.1726905343806884","stop_lat":"48.942160194901696","operatorname":"Keolis Argenteuil Boucles de Seine","shortname":"502","bookingrules":null,"mode":"Bus","nom_commune":"Sartrouville","code_insee":"78586"}},{"type":"Feature","geometry":{"type":"Point","coordinates":[2.2001770312211137,48.93828192482775]},"properties":{"id":"IDFM:C00310","route_long_name":"502 Scolaire","stop_id":"IDFM:7643","stop_name":"Barian","stop_lon":"2.2001770312211137","stop_lat":"48.93828192482775","operatorname":"Keolis Argenteuil Boucles de Seine","shortname":"502","bookingrules":null,"mode":"Bus","nom_commune":"Sartrouville","code_insee":"78586"}},{"type":"Feature","geometry":{"type":"Point","coordinates":[2.1974615497474836,48.93732850062532]},"properties":{"id":"IDFM:C00311","route_long_name":"503 Scolaire","stop_id":"IDFM:7727","stop_name":"Renoir","stop_lon":"2.1974615497474836","stop_lat":"48.93732850062532","operatorname":"Keolis Argenteuil Boucles de Seine","shortname":"503","bookingrules":null,"mode":"Bus","nom_commune":"Sartrouville","code_insee":"78586"}},{"type":"Feature","geometry":{"type":"Point","coordinates":[2.193296741843243,48.94269633682829]},"properties":{"id":"IDFM:C00311","route_long_name":"503 Scolaire","stop_id":"IDFM:7711","stop_name":"Paul Bert","stop_lon":"2.193296741843243","stop_lat":"48.94269633682829","operatorname":"Keolis Argenteuil Boucles de Seine","shortname":"503","bookingrules":null,"mode":"Bus","nom_commune":"Sartrouville","code_insee":"78586"}},{"type":"Feature","geometry":{"type":"Point","coordinates":[2.1744319396423233,48.945121900308735]},"properties":{"id":"IDFM:C00311","route_long_name":"503 Scolaire","stop_id":"IDFM:7672","stop_name":"\u00c9glise","stop_lon":"2.1744319396423233","stop_lat":"48.945121900308735","operatorname":"Keolis Argenteuil Boucles de Seine","shortname":"503","bookingrules":null,"mode":"Bus","nom_commune":"Sartrouville","code_insee":"78586"}},{"type":"Feature","geometry":{"type":"Point","coordinates":[2.1949674161959396,48.94236583586589]},"properties":{"id":"IDFM:C00311","route_long_name":"503 Scolaire","stop_id":"IDFM:28355","stop_name":"Cl\u00e9menceau","stop_lon":"2.1949674161959396","stop_lat":"48.94236583586589","operatorname":"Keolis Argenteuil Boucles de Seine","shortname":"503","bookingrules":null,"mode":"Bus","nom_commune":"Sartrouville","code_insee":"78586"}},{"type":"Feature","geometry":{"type":"Point","coordinates":[2.297781139115388,48.963533734592986]},"properties":{"id":"IDFM:C00312","route_long_name":"7","stop_id":"IDFM:28539","stop_name":"Rue de Saint-Gratien","stop_lon":"2.297781139115388","stop_lat":"48.963533734592986","operatorname":"Keolis Argenteuil Boucles de Seine","shortname":"7","bookingrules":null,"mode":"Bus","nom_commune":"\u00c9pinay-sur-Seine","code_insee":"93031"}},{"type":"Feature","geometry":{"type":"Point","coordinates":[2.3047115710567336,48.96920351698547]},"properties":{"id":"IDFM:C00312","route_long_name":"7","stop_id":"IDFM:7605","stop_name":"Casino","stop_lon":"2.3047115710567336","stop_lat":"48.96920351698547","operatorname":"Keolis Argenteuil Boucles de Seine","shortname":"7","bookingrules":null,"mode":"Bus","nom_commune":"Enghien-les-Bains","code_insee":"95210"}},{"type":"Feature","geometry":{"type":"Point","coordinates":[2.2970758722232354,48.96316989525984]},"properties":{"id":"IDFM:C00312","route_long_name":"7","stop_id":"IDFM:26144","stop_name":"Rue de Saint-Gratien","stop_lon":"2.2970758722232354","stop_lat":"48.96316989525984","operatorname":"Keolis Argenteuil Boucles de Seine","shortname":"7","bookingrules":null,"mode":"Bus","nom_commune":"\u00c9pinay-sur-Seine","code_insee":"93031"}},{"type":"Feature","geometry":{"type":"Point","coordinates":[2.257031740411655,48.94697526066576]},"properties":{"id":"IDFM:C00312","route_long_name":"7","stop_id":"IDFM:5079","stop_name":"Gare d'Argenteuil","stop_lon":"2.257031740411655","stop_lat":"48.94697526066576","operatorname":"Keolis Argenteuil Boucles de Seine","shortname":"7","bookingrules":null,"mode":"Bus","nom_commune":"Argenteuil","code_insee":"95018"}},{"type":"Feature","geometry":{"type":"Point","coordinates":[2.1789249024352726,48.92342553256522]},"properties":{"id":"IDFM:C00316","route_long_name":"J","stop_id":"IDFM:7632","stop_name":"Pont","stop_lon":"2.1789249024352726","stop_lat":"48.92342553256522","operatorname":"Keolis Argenteuil Boucles de Seine","shortname":"J","bookingrules":null,"mode":"Bus","nom_commune":"Houilles","code_insee":"78311"}},{"type":"Feature","geometry":{"type":"Point","coordinates":[2.1565582762417126,48.93094132897443]},"properties":{"id":"IDFM:C00316","route_long_name":"J","stop_id":"IDFM:7679","stop_name":"Franklin","stop_lon":"2.1565582762417126","stop_lat":"48.93094132897443","operatorname":"Keolis Argenteuil Boucles de Seine","shortname":"J","bookingrules":null,"mode":"Bus","nom_commune":"Sartrouville","code_insee":"78586"}},{"type":"Feature","geometry":{"type":"Point","coordinates":[2.173568046169179,48.92473767721849]},"properties":{"id":"IDFM:C00316","route_long_name":"J","stop_id":"IDFM:7618","stop_name":"Concorde","stop_lon":"2.173568046169179","stop_lat":"48.92473767721849","operatorname":"Keolis Argenteuil Boucles de Seine","shortname":"J","bookingrules":null,"mode":"Bus","nom_commune":"Houilles","code_insee":"78311"}},{"type":"Feature","geometry":{"type":"Point","coordinates":[2.177859259743581,48.922635821263015]},"properties":{"id":"IDFM:C00316","route_long_name":"J","stop_id":"IDFM:7625","stop_name":"Kennedy","stop_lon":"2.177859259743581","stop_lat":"48.922635821263015","operatorname":"Keolis Argenteuil Boucles de Seine","shortname":"J","bookingrules":null,"mode":"Bus","nom_commune":"Houilles","code_insee":"78311"}},{"type":"Feature","geometry":{"type":"Point","coordinates":[2.18532910013064,48.920573451336104]},"properties":{"id":"IDFM:C00316","route_long_name":"J","stop_id":"IDFM:13111","stop_name":"4 Septembre","stop_lon":"2.18532910013064","stop_lat":"48.920573451336104","operatorname":"Keolis Argenteuil Boucles de Seine","shortname":"J","bookingrules":null,"mode":"Bus","nom_commune":"Houilles","code_insee":"78311"}},{"type":"Feature","geometry":{"type":"Point","coordinates":[2.1750100238300405,48.91470222858799]},"properties":{"id":"IDFM:C00317","route_long_name":"H","stop_id":"IDFM:23967","stop_name":"Cerisier","stop_lon":"2.1750100238300405","stop_lat":"48.91470222858799","operatorname":"Keolis Argenteuil Boucles de Seine","shortname":"H","bookingrules":null,"mode":"Bus","nom_commune":"Carri\u00e8res-sur-Seine","code_insee":"78124"}},{"type":"Feature","geometry":{"type":"Point","coordinates":[2.1776560123512883,48.926861201443174]},"properties":{"id":"IDFM:C00317","route_long_name":"H","stop_id":"IDFM:19899","stop_name":"Colmar","stop_lon":"2.1776560123512883","stop_lat":"48.926861201443174","operatorname":"Keolis Argenteuil Boucles de Seine","shortname":"H","bookingrules":null,"mode":"Bus","nom_commune":"Houilles","code_insee":"78311"}},{"type":"Feature","geometry":{"type":"Point","coordinates":[2.181665751855922,48.92964054156131]},"properties":{"id":"IDFM:C00317","route_long_name":"H","stop_id":"IDFM:7616","stop_name":"Chanzy","stop_lon":"2.181665751855922","stop_lat":"48.92964054156131","operatorname":"Keolis Argenteuil Boucles de Seine","shortname":"H","bookingrules":null,"mode":"Bus","nom_commune":"Houilles","code_insee":"78311"}},{"type":"Feature","geometry":{"type":"Point","coordinates":[2.1890242408760052,48.9382789259293]},"properties":{"id":"IDFM:C00317","route_long_name":"H","stop_id":"IDFM:7716","stop_name":"Pierson","stop_lon":"2.1890242408760052","stop_lat":"48.9382789259293","operatorname":"Keolis Argenteuil Boucles de Seine","shortname":"H","bookingrules":null,"mode":"Bus","nom_commune":"Sartrouville","code_insee":"78586"}},{"type":"Feature","geometry":{"type":"Point","coordinates":[2.1808090031822607,48.930309169784906]},"properties":{"id":"IDFM:C00317","route_long_name":"H","stop_id":"IDFM:7615","stop_name":"Chanzy","stop_lon":"2.1808090031822607","stop_lat":"48.930309169784906","operatorname":"Keolis Argenteuil Boucles de Seine","shortname":"H","bookingrules":null,"mode":"Bus","nom_commune":"Houilles","code_insee":"78311"}},{"type":"Feature","geometry":{"type":"Point","coordinates":[2.1790563930452995,48.92374119364863]},"properties":{"id":"IDFM:C00317","route_long_name":"H","stop_id":"IDFM:19900","stop_name":"Diderot","stop_lon":"2.1790563930452995","stop_lat":"48.92374119364863","operatorname":"Keolis Argenteuil Boucles de Seine","shortname":"H","bookingrules":null,"mode":"Bus","nom_commune":"Houilles","code_insee":"78311"}},{"type":"Feature","geometry":{"type":"Point","coordinates":[2.18532910013064,48.920573451336104]},"properties":{"id":"IDFM:C00317","route_long_name":"H","stop_id":"IDFM:13111","stop_name":"4 Septembre","stop_lon":"2.18532910013064","stop_lat":"48.920573451336104","operatorname":"Keolis Argenteuil Boucles de Seine","shortname":"H","bookingrules":null,"mode":"Bus","nom_commune":"Houilles","code_insee":"78311"}},{"type":"Feature","geometry":{"type":"Point","coordinates":[2.0647007114425153,48.89213661778024]},"properties":{"id":"IDFM:C00324","route_long_name":"1","stop_id":"IDFM:34898","stop_name":"Lyc\u00e9e L\u00e9onard de Vinci","stop_lon":"2.0647007114425153","stop_lat":"48.89213661778024","operatorname":"Keolis Argenteuil Boucles de Seine","shortname":"1","bookingrules":null,"mode":"Bus","nom_commune":"Saint-Germain-en-Laye","code_insee":"78551"}},{"type":"Feature","geometry":{"type":"Point","coordinates":[2.120627467537282,48.89658945574344]},"properties":{"id":"IDFM:C00324","route_long_name":"1","stop_id":"IDFM:32244","stop_name":"Gare du V\u00e9sinet - Le Pecq Carnot","stop_lon":"2.120627467537282","stop_lat":"48.89658945574344","operatorname":"Keolis Argenteuil Boucles de Seine","shortname":"1","bookingrules":null,"mode":"Bus","nom_commune":"Le V\u00e9sinet","code_insee":"78650"}},{"type":"Feature","geometry":{"type":"Point","coordinates":[2.124361096485541,48.90654552159231]},"properties":{"id":"IDFM:C00324","route_long_name":"1","stop_id":"IDFM:32144","stop_name":"Stade des Merlettes","stop_lon":"2.124361096485541","stop_lat":"48.90654552159231","operatorname":"Keolis Argenteuil Boucles de Seine","shortname":"1","bookingrules":null,"mode":"Bus","nom_commune":"Montesson","code_insee":"78418"}},{"type":"Feature","geometry":{"type":"Point","coordinates":[2.126640092423488,48.90488040236834]},"properties":{"id":"IDFM:C00324","route_long_name":"1","stop_id":"IDFM:32280","stop_name":"Belgique Belloy","stop_lon":"2.126640092423488","stop_lat":"48.90488040236834","operatorname":"Keolis Argenteuil Boucles de Seine","shortname":"1","bookingrules":null,"mode":"Bus","nom_commune":"Le V\u00e9sinet","code_insee":"78650"}},{"type":"Feature","geometry":{"type":"Point","coordinates":[2.136678084048126,48.902578927462294]},"properties":{"id":"IDFM:C00324","route_long_name":"1","stop_id":"IDFM:32035","stop_name":"Charmettes","stop_lon":"2.136678084048126","stop_lat":"48.902578927462294","operatorname":"Keolis Argenteuil Boucles de Seine","shortname":"1","bookingrules":null,"mode":"Bus","nom_commune":"Le V\u00e9sinet","code_insee":"78650"}},{"type":"Feature","geometry":{"type":"Point","coordinates":[2.135659831270731,48.89489121636327]},"properties":{"id":"IDFM:C00324","route_long_name":"1","stop_id":"IDFM:32294","stop_name":"Poste","stop_lon":"2.135659831270731","stop_lat":"48.89489121636327","operatorname":"Keolis Argenteuil Boucles de Seine","shortname":"1","bookingrules":null,"mode":"Bus","nom_commune":"Le V\u00e9sinet","code_insee":"78650"}},{"type":"Feature","geometry":{"type":"Point","coordinates":[2.173256147424863,48.88681977263956]},"properties":{"id":"IDFM:C00324","route_long_name":"1","stop_id":"IDFM:491804","stop_name":"Gare de Rueil-Malmaison","stop_lon":"2.173256147424863","stop_lat":"48.88681977263956","operatorname":"Keolis Argenteuil Boucles de Seine","shortname":"1","bookingrules":null,"mode":"Bus","nom_commune":"Rueil-Malmaison","code_insee":"92063"}},{"type":"Feature","geometry":{"type":"Point","coordinates":[2.1526798310589497,48.90257628756355]},"properties":{"id":"IDFM:C00324","route_long_name":"1","stop_id":"IDFM:32126","stop_name":"Maurice de Vlaminck","stop_lon":"2.1526798310589497","stop_lat":"48.90257628756355","operatorname":"Keolis Argenteuil Boucles de Seine","shortname":"1","bookingrules":null,"mode":"Bus","nom_commune":"Chatou","code_insee":"78146"}},{"type":"Feature","geometry":{"type":"Point","coordinates":[2.1556909408925464,48.90280439885476]},"properties":{"id":"IDFM:C00324","route_long_name":"1","stop_id":"IDFM:474311","stop_name":"Renoir","stop_lon":"2.1556909408925464","stop_lat":"48.90280439885476","operatorname":"Keolis Argenteuil Boucles de Seine","shortname":"1","bookingrules":null,"mode":"Bus","nom_commune":"Chatou","code_insee":"78146"}},{"type":"Feature","geometry":{"type":"Point","coordinates":[2.176930803498791,48.909724190724454]},"properties":{"id":"IDFM:C00324","route_long_name":"1","stop_id":"IDFM:32085","stop_name":"G\u00e9n\u00e9ral Leclerc","stop_lon":"2.176930803498791","stop_lat":"48.909724190724454","operatorname":"Keolis Argenteuil Boucles de Seine","shortname":"1","bookingrules":null,"mode":"Bus","nom_commune":"Carri\u00e8res-sur-Seine","code_insee":"78124"}},{"type":"Feature","geometry":{"type":"Point","coordinates":[2.1343758778214057,48.894180453880516]},"properties":{"id":"IDFM:C00324","route_long_name":"1","stop_id":"IDFM:24725","stop_name":"H\u00f4tel de Ville","stop_lon":"2.1343758778214057","stop_lat":"48.894180453880516","operatorname":"Keolis Argenteuil Boucles de Seine","shortname":"1","bookingrules":null,"mode":"Bus","nom_commune":"Le V\u00e9sinet","code_insee":"78650"}},{"type":"Feature","geometry":{"type":"Point","coordinates":[2.128260030285486,48.89531423021191]},"properties":{"id":"IDFM:C00324","route_long_name":"1","stop_id":"IDFM:32097","stop_name":"Les Ibis","stop_lon":"2.128260030285486","stop_lat":"48.89531423021191","operatorname":"Keolis Argenteuil Boucles de Seine","shortname":"1","bookingrules":null,"mode":"Bus","nom_commune":"Le V\u00e9sinet","code_insee":"78650"}},{"type":"Feature","geometry":{"type":"Point","coordinates":[2.1156300273534936,48.89769482221307]},"properties":{"id":"IDFM:C00324","route_long_name":"1","stop_id":"IDFM:32192","stop_name":"R\u00e9publique","stop_lon":"2.1156300273534936","stop_lat":"48.89769482221307","operatorname":"Keolis Argenteuil Boucles de Seine","shortname":"1","bookingrules":null,"mode":"Bus","nom_commune":"Le V\u00e9sinet","code_insee":"78650"}},{"type":"Feature","geometry":{"type":"Point","coordinates":[2.1759193488517763,48.91759530796629]},"properties":{"id":"IDFM:C00324","route_long_name":"1","stop_id":"IDFM:32193","stop_name":"\u00c9glise R\u00e9veil Matin","stop_lon":"2.1759193488517763","stop_lat":"48.91759530796629","operatorname":"Keolis Argenteuil Boucles de Seine","shortname":"1","bookingrules":null,"mode":"Bus","nom_commune":"Houilles","code_insee":"78311"}},{"type":"Feature","geometry":{"type":"Point","coordinates":[2.152060763779523,48.91043206789756]},"properties":{"id":"IDFM:C00324","route_long_name":"1","stop_id":"IDFM:32230","stop_name":"Victor Hugo","stop_lon":"2.152060763779523","stop_lat":"48.91043206789756","operatorname":"Keolis Argenteuil Boucles de Seine","shortname":"1","bookingrules":null,"mode":"Bus","nom_commune":"Montesson","code_insee":"78418"}},{"type":"Feature","geometry":{"type":"Point","coordinates":[2.111437252902215,48.897996544128624]},"properties":{"id":"IDFM:C00324","route_long_name":"1","stop_id":"IDFM:34437","stop_name":"Jean Jaur\u00e8s","stop_lon":"2.111437252902215","stop_lat":"48.897996544128624","operatorname":"Keolis Argenteuil Boucles de Seine","shortname":"1","bookingrules":null,"mode":"Bus","nom_commune":"Le Pecq","code_insee":"78481"}},{"type":"Feature","geometry":{"type":"Point","coordinates":[2.1062820888934692,48.89794019707886]},"properties":{"id":"IDFM:C00324","route_long_name":"1","stop_id":"IDFM:32176","stop_name":"Pont du Pecq","stop_lon":"2.1062820888934692","stop_lat":"48.89794019707886","operatorname":"Keolis Argenteuil Boucles de Seine","shortname":"1","bookingrules":null,"mode":"Bus","nom_commune":"Le Pecq","code_insee":"78481"}},{"type":"Feature","geometry":{"type":"Point","coordinates":[2.15479713820891,48.884757292046125]},"properties":{"id":"IDFM:C00325","route_long_name":"12","stop_id":"IDFM:492004","stop_name":"Gare de Chatou - Croissy","stop_lon":"2.15479713820891","stop_lat":"48.884757292046125","operatorname":"Keolis Argenteuil Boucles de Seine","shortname":"12","bookingrules":null,"mode":"Bus","nom_commune":"Chatou","code_insee":"78146"}},{"type":"Feature","geometry":{"type":"Point","coordinates":[2.143580414995052,48.89845555348158]},"properties":{"id":"IDFM:C00325","route_long_name":"12","stop_id":"IDFM:32115","stop_name":"Sabinettes","stop_lon":"2.143580414995052","stop_lat":"48.89845555348158","operatorname":"Keolis Argenteuil Boucles de Seine","shortname":"12","bookingrules":null,"mode":"Bus","nom_commune":"Chatou","code_insee":"78146"}},{"type":"Feature","geometry":{"type":"Point","coordinates":[2.1526798310589497,48.90257628756355]},"properties":{"id":"IDFM:C00325","route_long_name":"12","stop_id":"IDFM:32126","stop_name":"Maurice de Vlaminck","stop_lon":"2.1526798310589497","stop_lat":"48.90257628756355","operatorname":"Keolis Argenteuil Boucles de Seine","shortname":"12","bookingrules":null,"mode":"Bus","nom_commune":"Chatou","code_insee":"78146"}},{"type":"Feature","geometry":{"type":"Point","coordinates":[2.160175756158303,48.88863535365263]},"properties":{"id":"IDFM:C00325","route_long_name":"12","stop_id":"IDFM:32268","stop_name":"Notre-Dame","stop_lon":"2.160175756158303","stop_lat":"48.88863535365263","operatorname":"Keolis Argenteuil Boucles de Seine","shortname":"12","bookingrules":null,"mode":"Bus","nom_commune":"Chatou","code_insee":"78146"}},{"type":"Feature","geometry":{"type":"Point","coordinates":[2.147744575724744,48.90072461149277]},"properties":{"id":"IDFM:C00325","route_long_name":"12","stop_id":"IDFM:32061","stop_name":"Place du Docteur Roux","stop_lon":"2.147744575724744","stop_lat":"48.90072461149277","operatorname":"Keolis Argenteuil Boucles de Seine","shortname":"12","bookingrules":null,"mode":"Bus","nom_commune":"Chatou","code_insee":"78146"}},{"type":"Feature","geometry":{"type":"Point","coordinates":[2.1328835895600906,48.90188600606268]},"properties":{"id":"IDFM:C00325","route_long_name":"12","stop_id":"IDFM:32013","stop_name":"Belloy","stop_lon":"2.1328835895600906","stop_lat":"48.90188600606268","operatorname":"Keolis Argenteuil Boucles de Seine","shortname":"12","bookingrules":null,"mode":"Bus","nom_commune":"Le V\u00e9sinet","code_insee":"78650"}},{"type":"Feature","geometry":{"type":"Point","coordinates":[2.122157148313344,48.89161830221242]},"properties":{"id":"IDFM:C00325","route_long_name":"12","stop_id":"IDFM:32269","stop_name":"Lyc\u00e9e Alain","stop_lon":"2.122157148313344","stop_lat":"48.89161830221242","operatorname":"Keolis Argenteuil Boucles de Seine","shortname":"12","bookingrules":null,"mode":"Bus","nom_commune":"Le V\u00e9sinet","code_insee":"78650"}},{"type":"Feature","geometry":{"type":"Point","coordinates":[2.132884488303518,48.901832052278685]},"properties":{"id":"IDFM:C00330","route_long_name":"A","stop_id":"IDFM:32014","stop_name":"Belloy","stop_lon":"2.132884488303518","stop_lat":"48.901832052278685","operatorname":"Keolis Argenteuil Boucles de Seine","shortname":"A","bookingrules":null,"mode":"Bus","nom_commune":"Le V\u00e9sinet","code_insee":"78650"}},{"type":"Feature","geometry":{"type":"Point","coordinates":[2.1415158724710794,48.90122872212657]},"properties":{"id":"IDFM:C00330","route_long_name":"A","stop_id":"IDFM:32117","stop_name":"Stade Finalt\u00e9ri","stop_lon":"2.1415158724710794","stop_lat":"48.90122872212657","operatorname":"Keolis Argenteuil Boucles de Seine","shortname":"A","bookingrules":null,"mode":"Bus","nom_commune":"Chatou","code_insee":"78146"}},{"type":"Feature","geometry":{"type":"Point","coordinates":[2.143580414995052,48.89845555348158]},"properties":{"id":"IDFM:C00330","route_long_name":"A","stop_id":"IDFM:32115","stop_name":"Sabinettes","stop_lon":"2.143580414995052","stop_lat":"48.89845555348158","operatorname":"Keolis Argenteuil Boucles de Seine","shortname":"A","bookingrules":null,"mode":"Bus","nom_commune":"Chatou","code_insee":"78146"}},{"type":"Feature","geometry":{"type":"Point","coordinates":[2.147467127276447,48.900174040953395]},"properties":{"id":"IDFM:C00330","route_long_name":"A","stop_id":"IDFM:32062","stop_name":"Place du Docteur Roux","stop_lon":"2.147467127276447","stop_lat":"48.900174040953395","operatorname":"Keolis Argenteuil Boucles de Seine","shortname":"A","bookingrules":null,"mode":"Bus","nom_commune":"Chatou","code_insee":"78146"}},{"type":"Feature","geometry":{"type":"Point","coordinates":[2.1609212177544634,48.90246343437718]},"properties":{"id":"IDFM:C00330","route_long_name":"A","stop_id":"IDFM:32033","stop_name":"Coll\u00e8ge Auguste Renoir","stop_lon":"2.1609212177544634","stop_lat":"48.90246343437718","operatorname":"Keolis Argenteuil Boucles de Seine","shortname":"A","bookingrules":null,"mode":"Bus","nom_commune":"Chatou","code_insee":"78146"}},{"type":"Feature","geometry":{"type":"Point","coordinates":[2.176930803498791,48.909724190724454]},"properties":{"id":"IDFM:C00330","route_long_name":"A","stop_id":"IDFM:32085","stop_name":"G\u00e9n\u00e9ral Leclerc","stop_lon":"2.176930803498791","stop_lat":"48.909724190724454","operatorname":"Keolis Argenteuil Boucles de Seine","shortname":"A","bookingrules":null,"mode":"Bus","nom_commune":"Carri\u00e8res-sur-Seine","code_insee":"78124"}},{"type":"Feature","geometry":{"type":"Point","coordinates":[2.1747875734270483,48.907218307798715]},"properties":{"id":"IDFM:C00330","route_long_name":"A","stop_id":"IDFM:32132","stop_name":"\u00c9galit\u00e9","stop_lon":"2.1747875734270483","stop_lat":"48.907218307798715","operatorname":"Keolis Argenteuil Boucles de Seine","shortname":"A","bookingrules":null,"mode":"Bus","nom_commune":"Carri\u00e8res-sur-Seine","code_insee":"78124"}},{"type":"Feature","geometry":{"type":"Point","coordinates":[2.1467624320937357,48.898226451102296]},"properties":{"id":"IDFM:C00330","route_long_name":"A","stop_id":"IDFM:32050","stop_name":"Cormiers Ricard","stop_lon":"2.1467624320937357","stop_lat":"48.898226451102296","operatorname":"Keolis Argenteuil Boucles de Seine","shortname":"A","bookingrules":null,"mode":"Bus","nom_commune":"Chatou","code_insee":"78146"}},{"type":"Feature","geometry":{"type":"Point","coordinates":[2.1420005255792973,48.90079151961542]},"properties":{"id":"IDFM:C00330","route_long_name":"A","stop_id":"IDFM:32116","stop_name":"Stade Finalt\u00e9ri","stop_lon":"2.1420005255792973","stop_lat":"48.90079151961542","operatorname":"Keolis Argenteuil Boucles de Seine","shortname":"A","bookingrules":null,"mode":"Bus","nom_commune":"Chatou","code_insee":"78146"}},{"type":"Feature","geometry":{"type":"Point","coordinates":[2.1346118808745826,48.88654670016052]},"properties":{"id":"IDFM:C00332","route_long_name":"E","stop_id":"IDFM:32183","stop_name":"Pr\u00e9sident Roosevelt","stop_lon":"2.1346118808745826","stop_lat":"48.88654670016052","operatorname":"Keolis Argenteuil Boucles de Seine","shortname":"E","bookingrules":null,"mode":"Bus","nom_commune":"Le V\u00e9sinet","code_insee":"78650"}},{"type":"Feature","geometry":{"type":"Point","coordinates":[2.123996862070257,48.881981731822066]},"properties":{"id":"IDFM:C00332","route_long_name":"E","stop_id":"IDFM:32056","stop_name":"Cultures Lorraine","stop_lon":"2.123996862070257","stop_lat":"48.881981731822066","operatorname":"Keolis Argenteuil Boucles de Seine","shortname":"E","bookingrules":null,"mode":"Bus","nom_commune":"Le V\u00e9sinet","code_insee":"78650"}},{"type":"Feature","geometry":{"type":"Point","coordinates":[2.143799284949786,48.881000797432385]},"properties":{"id":"IDFM:C00332","route_long_name":"E","stop_id":"IDFM:32227","stop_name":"Verdun","stop_lon":"2.143799284949786","stop_lat":"48.881000797432385","operatorname":"Keolis Argenteuil Boucles de Seine","shortname":"E","bookingrules":null,"mode":"Bus","nom_commune":"Croissy-sur-Seine","code_insee":"78190"}},{"type":"Feature","geometry":{"type":"Point","coordinates":[2.1555512442510762,48.885347190149716]},"properties":{"id":"IDFM:C00332","route_long_name":"E","stop_id":"IDFM:491806","stop_name":"Gare de Chatou - Croissy","stop_lon":"2.1555512442510762","stop_lat":"48.885347190149716","operatorname":"Keolis Argenteuil Boucles de Seine","shortname":"E","bookingrules":null,"mode":"Bus","nom_commune":"Chatou","code_insee":"78146"}},{"type":"Feature","geometry":{"type":"Point","coordinates":[2.134472967286012,48.88998120977584]},"properties":{"id":"IDFM:C00332","route_long_name":"E","stop_id":"IDFM:477603","stop_name":"Gare du V\u00e9sinet - Centre","stop_lon":"2.134472967286012","stop_lat":"48.88998120977584","operatorname":"Keolis Argenteuil Boucles de Seine","shortname":"E","bookingrules":null,"mode":"Bus","nom_commune":"Le V\u00e9sinet","code_insee":"78650"}},{"type":"Feature","geometry":{"type":"Point","coordinates":[2.1832457034436916,48.91159304352977]},"properties":{"id":"IDFM:C00334","route_long_name":"K","stop_id":"IDFM:32206","stop_name":"Salle des F\u00eates","stop_lon":"2.1832457034436916","stop_lat":"48.91159304352977","operatorname":"Keolis Argenteuil Boucles de Seine","shortname":"K","bookingrules":null,"mode":"Bus","nom_commune":"Carri\u00e8res-sur-Seine","code_insee":"78124"}},{"type":"Feature","geometry":{"type":"Point","coordinates":[2.1968221328759077,48.920390244869964]},"properties":{"id":"IDFM:C00334","route_long_name":"K","stop_id":"IDFM:27036","stop_name":"La Fontaine","stop_lon":"2.1968221328759077","stop_lat":"48.920390244869964","operatorname":"Keolis Argenteuil Boucles de Seine","shortname":"K","bookingrules":null,"mode":"Bus","nom_commune":"Houilles","code_insee":"78311"}},{"type":"Feature","geometry":{"type":"Point","coordinates":[2.1833825519652392,48.91156699677283]},"properties":{"id":"IDFM:C00334","route_long_name":"K","stop_id":"IDFM:32205","stop_name":"Salle des F\u00eates","stop_lon":"2.1833825519652392","stop_lat":"48.91156699677283","operatorname":"Keolis Argenteuil Boucles de Seine","shortname":"K","bookingrules":null,"mode":"Bus","nom_commune":"Carri\u00e8res-sur-Seine","code_insee":"78124"}},{"type":"Feature","geometry":{"type":"Point","coordinates":[2.159223657844798,48.90874685269566]},"properties":{"id":"IDFM:C00335","route_long_name":"C","stop_id":"IDFM:411958","stop_name":"Le Montoir","stop_lon":"2.159223657844798","stop_lat":"48.90874685269566","operatorname":"Keolis Argenteuil Boucles de Seine","shortname":"C","bookingrules":null,"mode":"Bus","nom_commune":"Montesson","code_insee":"78418"}},{"type":"Feature","geometry":{"type":"Point","coordinates":[2.16584249508659,48.91118533848771]},"properties":{"id":"IDFM:C00335","route_long_name":"C","stop_id":"IDFM:32236","stop_name":"Konica JVC","stop_lon":"2.16584249508659","stop_lat":"48.91118533848771","operatorname":"Keolis Argenteuil Boucles de Seine","shortname":"C","bookingrules":null,"mode":"Bus","nom_commune":"Carri\u00e8res-sur-Seine","code_insee":"78124"}},{"type":"Feature","geometry":{"type":"Point","coordinates":[2.1716910261190727,48.91319544295702]},"properties":{"id":"IDFM:C00335","route_long_name":"C","stop_id":"IDFM:474314","stop_name":"Lyc\u00e9e Les Pierres Vives","stop_lon":"2.1716910261190727","stop_lat":"48.91319544295702","operatorname":"Keolis Argenteuil Boucles de Seine","shortname":"C","bookingrules":null,"mode":"Bus","nom_commune":"Carri\u00e8res-sur-Seine","code_insee":"78124"}},{"type":"Feature","geometry":{"type":"Point","coordinates":[2.146746822256845,48.91166238862538]},"properties":{"id":"IDFM:C00335","route_long_name":"C","stop_id":"IDFM:32044","stop_name":"Cimeti\u00e8re","stop_lon":"2.146746822256845","stop_lat":"48.91166238862538","operatorname":"Keolis Argenteuil Boucles de Seine","shortname":"C","bookingrules":null,"mode":"Bus","nom_commune":"Montesson","code_insee":"78418"}},{"type":"Feature","geometry":{"type":"Point","coordinates":[2.1483465032625495,48.908957797621426]},"properties":{"id":"IDFM:C00335","route_long_name":"C","stop_id":"IDFM:32064","stop_name":"Marais","stop_lon":"2.1483465032625495","stop_lat":"48.908957797621426","operatorname":"Keolis Argenteuil Boucles de Seine","shortname":"C","bookingrules":null,"mode":"Bus","nom_commune":"Montesson","code_insee":"78418"}},{"type":"Feature","geometry":{"type":"Point","coordinates":[2.1328835895600906,48.90188600606268]},"properties":{"id":"IDFM:C00335","route_long_name":"C","stop_id":"IDFM:32013","stop_name":"Belloy","stop_lon":"2.1328835895600906","stop_lat":"48.90188600606268","operatorname":"Keolis Argenteuil Boucles de Seine","shortname":"C","bookingrules":null,"mode":"Bus","nom_commune":"Le V\u00e9sinet","code_insee":"78650"}},{"type":"Feature","geometry":{"type":"Point","coordinates":[2.1439618634801882,48.88106491481958]},"properties":{"id":"IDFM:C00336","route_long_name":"M","stop_id":"IDFM:32226","stop_name":"Verdun","stop_lon":"2.1439618634801882","stop_lat":"48.88106491481958","operatorname":"Keolis Argenteuil Boucles de Seine","shortname":"M","bookingrules":null,"mode":"Bus","nom_commune":"Croissy-sur-Seine","code_insee":"78190"}},{"type":"Feature","geometry":{"type":"Point","coordinates":[2.137196502925485,48.88282405001859]},"properties":{"id":"IDFM:C00336","route_long_name":"M","stop_id":"IDFM:32277","stop_name":"Carrefour de la Croix","stop_lon":"2.137196502925485","stop_lat":"48.88282405001859","operatorname":"Keolis Argenteuil Boucles de Seine","shortname":"M","bookingrules":null,"mode":"Bus","nom_commune":"Croissy-sur-Seine","code_insee":"78190"}},{"type":"Feature","geometry":{"type":"Point","coordinates":[2.1348156719014635,48.88659314045647]},"properties":{"id":"IDFM:C00336","route_long_name":"M","stop_id":"IDFM:32184","stop_name":"Pr\u00e9sident Roosevelt","stop_lon":"2.1348156719014635","stop_lat":"48.88659314045647","operatorname":"Keolis Argenteuil Boucles de Seine","shortname":"M","bookingrules":null,"mode":"Bus","nom_commune":"Le V\u00e9sinet","code_insee":"78650"}},{"type":"Feature","geometry":{"type":"Point","coordinates":[2.134472967286012,48.88998120977584]},"properties":{"id":"IDFM:C00336","route_long_name":"M","stop_id":"IDFM:477603","stop_name":"Gare du V\u00e9sinet - Centre","stop_lon":"2.134472967286012","stop_lat":"48.88998120977584","operatorname":"Keolis Argenteuil Boucles de Seine","shortname":"M","bookingrules":null,"mode":"Bus","nom_commune":"Le V\u00e9sinet","code_insee":"78650"}},{"type":"Feature","geometry":{"type":"Point","coordinates":[2.1291154243539236,48.891471254796585]},"properties":{"id":"IDFM:C00336","route_long_name":"M","stop_id":"IDFM:32326","stop_name":"\u00c9mile Thi\u00e9baut","stop_lon":"2.1291154243539236","stop_lat":"48.891471254796585","operatorname":"Keolis Argenteuil Boucles de Seine","shortname":"M","bookingrules":null,"mode":"Bus","nom_commune":"Le V\u00e9sinet","code_insee":"78650"}},{"type":"Feature","geometry":{"type":"Point","coordinates":[2.1329647549999216,48.883908676541594]},"properties":{"id":"IDFM:C00336","route_long_name":"M","stop_id":"IDFM:32273","stop_name":"Princesse Croissy","stop_lon":"2.1329647549999216","stop_lat":"48.883908676541594","operatorname":"Keolis Argenteuil Boucles de Seine","shortname":"M","bookingrules":null,"mode":"Bus","nom_commune":"Le V\u00e9sinet","code_insee":"78650"}},{"type":"Feature","geometry":{"type":"Point","coordinates":[2.2111284487538976,48.92545848557591]},"properties":{"id":"IDFM:C01250","route_long_name":"262","stop_id":"IDFM:21512","stop_name":"Henri Barbusse","stop_lon":"2.2111284487538976","stop_lat":"48.92545848557591","operatorname":"Keolis Argenteuil Boucles de Seine","shortname":"262","bookingrules":null,"mode":"Bus","nom_commune":"Bezons","code_insee":"95063"}},{"type":"Feature","geometry":{"type":"Point","coordinates":[2.201645048774146,48.92446039341543]},"properties":{"id":"IDFM:C01250","route_long_name":"262","stop_id":"IDFM:23812","stop_name":"Yser","stop_lon":"2.201645048774146","stop_lat":"48.92446039341543","operatorname":"Keolis Argenteuil Boucles de Seine","shortname":"262","bookingrules":null,"mode":"Bus","nom_commune":"Houilles","code_insee":"78311"}},{"type":"Feature","geometry":{"type":"Point","coordinates":[2.1885560350566893,48.92891399009776]},"properties":{"id":"IDFM:C01250","route_long_name":"262","stop_id":"IDFM:23814","stop_name":"\u00c9douard Branly","stop_lon":"2.1885560350566893","stop_lat":"48.92891399009776","operatorname":"Keolis Argenteuil Boucles de Seine","shortname":"262","bookingrules":null,"mode":"Bus","nom_commune":"Houilles","code_insee":"78311"}},{"type":"Feature","geometry":{"type":"Point","coordinates":[2.1700968540041337,48.93872491906878]},"properties":{"id":"IDFM:C01250","route_long_name":"262","stop_id":"IDFM:23816","stop_name":"Voltaire","stop_lon":"2.1700968540041337","stop_lat":"48.93872491906878","operatorname":"Keolis Argenteuil Boucles de Seine","shortname":"262","bookingrules":null,"mode":"Bus","nom_commune":"Sartrouville","code_insee":"78586"}},{"type":"Feature","geometry":{"type":"Point","coordinates":[2.2537320035929818,48.950479962767695]},"properties":{"id":"IDFM:C00292","route_long_name":"1","stop_id":"IDFM:5078","stop_name":"Jean Allemane","stop_lon":"2.2537320035929818","stop_lat":"48.950479962767695","operatorname":"Keolis Argenteuil Boucles de Seine","shortname":"1","bookingrules":null,"mode":"Bus","nom_commune":"Argenteuil","code_insee":"95018"}},{"type":"Feature","geometry":{"type":"Point","coordinates":[2.2542937893460766,48.953199291801184]},"properties":{"id":"IDFM:C00292","route_long_name":"1","stop_id":"IDFM:7426","stop_name":"Pont Blanc","stop_lon":"2.2542937893460766","stop_lat":"48.953199291801184","operatorname":"Keolis Argenteuil Boucles de Seine","shortname":"1","bookingrules":null,"mode":"Bus","nom_commune":"Argenteuil","code_insee":"95018"}},{"type":"Feature","geometry":{"type":"Point","coordinates":[2.226494132339064,48.95034329067842]},"properties":{"id":"IDFM:C00292","route_long_name":"1","stop_id":"IDFM:7497","stop_name":"Fernand L\u00e9ger","stop_lon":"2.226494132339064","stop_lat":"48.95034329067842","operatorname":"Keolis Argenteuil Boucles de Seine","shortname":"1","bookingrules":null,"mode":"Bus","nom_commune":"Argenteuil","code_insee":"95018"}},{"type":"Feature","geometry":{"type":"Point","coordinates":[2.2013097722825434,48.94630220979481]},"properties":{"id":"IDFM:C00292","route_long_name":"1","stop_id":"IDFM:7692","stop_name":"Cit\u00e9 des Indes","stop_lon":"2.2013097722825434","stop_lat":"48.94630220979481","operatorname":"Keolis Argenteuil Boucles de Seine","shortname":"1","bookingrules":null,"mode":"Bus","nom_commune":"Sartrouville","code_insee":"78586"}},{"type":"Feature","geometry":{"type":"Point","coordinates":[2.1982073030629383,48.94916822733463]},"properties":{"id":"IDFM:C00292","route_long_name":"1","stop_id":"IDFM:7656","stop_name":"Centre Commercial","stop_lon":"2.1982073030629383","stop_lat":"48.94916822733463","operatorname":"Keolis Argenteuil Boucles de Seine","shortname":"1","bookingrules":null,"mode":"Bus","nom_commune":"Sartrouville","code_insee":"78586"}},{"type":"Feature","geometry":{"type":"Point","coordinates":[2.1784192583475614,48.94507735087953]},"properties":{"id":"IDFM:C00292","route_long_name":"1","stop_id":"IDFM:7715","stop_name":"Picardie","stop_lon":"2.1784192583475614","stop_lat":"48.94507735087953","operatorname":"Keolis Argenteuil Boucles de Seine","shortname":"1","bookingrules":null,"mode":"Bus","nom_commune":"Sartrouville","code_insee":"78586"}},{"type":"Feature","geometry":{"type":"Point","coordinates":[2.173442329551871,48.94553775046358]},"properties":{"id":"IDFM:C00292","route_long_name":"1","stop_id":"IDFM:7671","stop_name":"\u00c9glise","stop_lon":"2.173442329551871","stop_lat":"48.94553775046358","operatorname":"Keolis Argenteuil Boucles de Seine","shortname":"1","bookingrules":null,"mode":"Bus","nom_commune":"Sartrouville","code_insee":"78586"}},{"type":"Feature","geometry":{"type":"Point","coordinates":[2.1635488024418934,48.94269028914722]},"properties":{"id":"IDFM:C00292","route_long_name":"1","stop_id":"IDFM:7697","stop_name":"Masures","stop_lon":"2.1635488024418934","stop_lat":"48.94269028914722","operatorname":"Keolis Argenteuil Boucles de Seine","shortname":"1","bookingrules":null,"mode":"Bus","nom_commune":"Sartrouville","code_insee":"78586"}},{"type":"Feature","geometry":{"type":"Point","coordinates":[2.1641859033754227,48.94297351634557]},"properties":{"id":"IDFM:C00292","route_long_name":"1","stop_id":"IDFM:7696","stop_name":"Masures","stop_lon":"2.1641859033754227","stop_lat":"48.94297351634557","operatorname":"Keolis Argenteuil Boucles de Seine","shortname":"1","bookingrules":null,"mode":"Bus","nom_commune":"Sartrouville","code_insee":"78586"}},{"type":"Feature","geometry":{"type":"Point","coordinates":[2.1809226862301028,48.944761742810435]},"properties":{"id":"IDFM:C00292","route_long_name":"1","stop_id":"IDFM:7688","stop_name":"Charles de Gaulle","stop_lon":"2.1809226862301028","stop_lat":"48.944761742810435","operatorname":"Keolis Argenteuil Boucles de Seine","shortname":"1","bookingrules":null,"mode":"Bus","nom_commune":"Sartrouville","code_insee":"78586"}},{"type":"Feature","geometry":{"type":"Point","coordinates":[2.1986267130565866,48.94853253484225]},"properties":{"id":"IDFM:C00292","route_long_name":"1","stop_id":"IDFM:7657","stop_name":"Centre Commercial","stop_lon":"2.1986267130565866","stop_lat":"48.94853253484225","operatorname":"Keolis Argenteuil Boucles de Seine","shortname":"1","bookingrules":null,"mode":"Bus","nom_commune":"Sartrouville","code_insee":"78586"}},{"type":"Feature","geometry":{"type":"Point","coordinates":[2.214433873602876,48.9523961826017]},"properties":{"id":"IDFM:C00292","route_long_name":"1","stop_id":"IDFM:7484","stop_name":"Jean Poulmarch","stop_lon":"2.214433873602876","stop_lat":"48.9523961826017","operatorname":"Keolis Argenteuil Boucles de Seine","shortname":"1","bookingrules":null,"mode":"Bus","nom_commune":"Argenteuil","code_insee":"95018"}},{"type":"Feature","geometry":{"type":"Point","coordinates":[2.241996712694864,48.954668942038424]},"properties":{"id":"IDFM:C00292","route_long_name":"1","stop_id":"IDFM:13109","stop_name":"Marceau Guillot","stop_lon":"2.241996712694864","stop_lat":"48.954668942038424","operatorname":"Keolis Argenteuil Boucles de Seine","shortname":"1","bookingrules":null,"mode":"Bus","nom_commune":"Argenteuil","code_insee":"95018"}},{"type":"Feature","geometry":{"type":"Point","coordinates":[2.253587446589058,48.95018229915761]},"properties":{"id":"IDFM:C00292","route_long_name":"1","stop_id":"IDFM:5077","stop_name":"Jean Allemane","stop_lon":"2.253587446589058","stop_lat":"48.95018229915761","operatorname":"Keolis Argenteuil Boucles de Seine","shortname":"1","bookingrules":null,"mode":"Bus","nom_commune":"Argenteuil","code_insee":"95018"}},{"type":"Feature","geometry":{"type":"Point","coordinates":[2.257031740411655,48.94697526066576]},"properties":{"id":"IDFM:C00292","route_long_name":"1","stop_id":"IDFM:5079","stop_name":"Gare d'Argenteuil","stop_lon":"2.257031740411655","stop_lat":"48.94697526066576","operatorname":"Keolis Argenteuil Boucles de Seine","shortname":"1","bookingrules":null,"mode":"Bus","nom_commune":"Argenteuil","code_insee":"95018"}},{"type":"Feature","geometry":{"type":"Point","coordinates":[2.2367948399088564,48.964851738794174]},"properties":{"id":"IDFM:C00294","route_long_name":"2","stop_id":"IDFM:7539","stop_name":"Pyr\u00e9n\u00e9es","stop_lon":"2.2367948399088564","stop_lat":"48.964851738794174","operatorname":"Keolis Argenteuil Boucles de Seine","shortname":"2","bookingrules":null,"mode":"Bus","nom_commune":"Argenteuil","code_insee":"95018"}},{"type":"Feature","geometry":{"type":"Point","coordinates":[2.238328154795667,48.95994245056434]},"properties":{"id":"IDFM:C00294","route_long_name":"2","stop_id":"IDFM:7576","stop_name":"Grande Voie","stop_lon":"2.238328154795667","stop_lat":"48.95994245056434","operatorname":"Keolis Argenteuil Boucles de Seine","shortname":"2","bookingrules":null,"mode":"Bus","nom_commune":"Argenteuil","code_insee":"95018"}},{"type":"Feature","geometry":{"type":"Point","coordinates":[2.2523567864280243,48.94831311089982]},"properties":{"id":"IDFM:C00294","route_long_name":"2","stop_id":"IDFM:8530","stop_name":"L\u00e9on Feix","stop_lon":"2.2523567864280243","stop_lat":"48.94831311089982","operatorname":"Keolis Argenteuil Boucles de Seine","shortname":"2","bookingrules":null,"mode":"Bus","nom_commune":"Argenteuil","code_insee":"95018"}},{"type":"Feature","geometry":{"type":"Point","coordinates":[2.2571892321250977,48.946463643310786]},"properties":{"id":"IDFM:C00294","route_long_name":"2","stop_id":"IDFM:7478","stop_name":"Gare d'Argenteuil","stop_lon":"2.2571892321250977","stop_lat":"48.946463643310786","operatorname":"Keolis Argenteuil Boucles de Seine","shortname":"2","bookingrules":null,"mode":"Bus","nom_commune":"Argenteuil","code_insee":"95018"}},{"type":"Feature","geometry":{"type":"Point","coordinates":[2.245567568031094,48.94854935649302]},"properties":{"id":"IDFM:C00294","route_long_name":"2","stop_id":"IDFM:7559","stop_name":"Temple","stop_lon":"2.245567568031094","stop_lat":"48.94854935649302","operatorname":"Keolis Argenteuil Boucles de Seine","shortname":"2","bookingrules":null,"mode":"Bus","nom_commune":"Argenteuil","code_insee":"95018"}},{"type":"Feature","geometry":{"type":"Point","coordinates":[2.243654750508863,48.952395235805476]},"properties":{"id":"IDFM:C00294","route_long_name":"2","stop_id":"IDFM:7460","stop_name":"Pierre Curie","stop_lon":"2.243654750508863","stop_lat":"48.952395235805476","operatorname":"Keolis Argenteuil Boucles de Seine","shortname":"2","bookingrules":null,"mode":"Bus","nom_commune":"Argenteuil","code_insee":"95018"}},{"type":"Feature","geometry":{"type":"Point","coordinates":[2.23923324803479,48.95875215669854]},"properties":{"id":"IDFM:C00294","route_long_name":"2","stop_id":"IDFM:7447","stop_name":"Cl\u00e9menceau","stop_lon":"2.23923324803479","stop_lat":"48.95875215669854","operatorname":"Keolis Argenteuil Boucles de Seine","shortname":"2","bookingrules":null,"mode":"Bus","nom_commune":"Argenteuil","code_insee":"95018"}},{"type":"Feature","geometry":{"type":"Point","coordinates":[2.2335813134860483,48.96882401305863]},"properties":{"id":"IDFM:C00294","route_long_name":"2","stop_id":"IDFM:7636","stop_name":"Romain Rolland","stop_lon":"2.2335813134860483","stop_lat":"48.96882401305863","operatorname":"Keolis Argenteuil Boucles de Seine","shortname":"2","bookingrules":null,"mode":"Bus","nom_commune":"Sannois","code_insee":"95582"}},{"type":"Feature","geometry":{"type":"Point","coordinates":[2.2523818934909277,48.948466146040786]},"properties":{"id":"IDFM:C00295","route_long_name":"4","stop_id":"IDFM:27435","stop_name":"L\u00e9on Feix","stop_lon":"2.2523818934909277","stop_lat":"48.948466146040786","operatorname":"Keolis Argenteuil Boucles de Seine","shortname":"4","bookingrules":null,"mode":"Bus","nom_commune":"Argenteuil","code_insee":"95018"}},{"type":"Feature","geometry":{"type":"Point","coordinates":[2.2374824854543154,48.94683452098326]},"properties":{"id":"IDFM:C00295","route_long_name":"4","stop_id":"IDFM:422359","stop_name":"Charcot H\u00f4pital","stop_lon":"2.2374824854543154","stop_lat":"48.94683452098326","operatorname":"Keolis Argenteuil Boucles de Seine","shortname":"4","bookingrules":null,"mode":"Bus","nom_commune":"Argenteuil","code_insee":"95018"}},{"type":"Feature","geometry":{"type":"Point","coordinates":[2.22868303065582,48.94361272263073]},"properties":{"id":"IDFM:C00295","route_long_name":"4","stop_id":"IDFM:7526","stop_name":"Place L\u00e9opold Hirsch","stop_lon":"2.22868303065582","stop_lat":"48.94361272263073","operatorname":"Keolis Argenteuil Boucles de Seine","shortname":"4","bookingrules":null,"mode":"Bus","nom_commune":"Argenteuil","code_insee":"95018"}},{"type":"Feature","geometry":{"type":"Point","coordinates":[2.21334025246448,48.94525764514459]},"properties":{"id":"IDFM:C00295","route_long_name":"4","stop_id":"IDFM:7575","stop_name":"Violettes","stop_lon":"2.21334025246448","stop_lat":"48.94525764514459","operatorname":"Keolis Argenteuil Boucles de Seine","shortname":"4","bookingrules":null,"mode":"Bus","nom_commune":"Argenteuil","code_insee":"95018"}},{"type":"Feature","geometry":{"type":"Point","coordinates":[2.2044259644187294,48.93626879157608]},"properties":{"id":"IDFM:C00295","route_long_name":"4","stop_id":"IDFM:7600","stop_name":"Sacco et Vanzetti","stop_lon":"2.2044259644187294","stop_lat":"48.93626879157608","operatorname":"Keolis Argenteuil Boucles de Seine","shortname":"4","bookingrules":null,"mode":"Bus","nom_commune":"Bezons","code_insee":"95063"}},{"type":"Feature","geometry":{"type":"Point","coordinates":[2.203514076688231,48.93520155907333]},"properties":{"id":"IDFM:C00295","route_long_name":"4","stop_id":"IDFM:7594","stop_name":"Paul Potdevin","stop_lon":"2.203514076688231","stop_lat":"48.93520155907333","operatorname":"Keolis Argenteuil Boucles de Seine","shortname":"4","bookingrules":null,"mode":"Bus","nom_commune":"Bezons","code_insee":"95063"}},{"type":"Feature","geometry":{"type":"Point","coordinates":[2.2043420463431516,48.93372320931076]},"properties":{"id":"IDFM:C00295","route_long_name":"4","stop_id":"IDFM:7582","stop_name":"Joliot Curie","stop_lon":"2.2043420463431516","stop_lat":"48.93372320931076","operatorname":"Keolis Argenteuil Boucles de Seine","shortname":"4","bookingrules":null,"mode":"Bus","nom_commune":"Bezons","code_insee":"95063"}},{"type":"Feature","geometry":{"type":"Point","coordinates":[2.212215065932328,48.92850529520216]},"properties":{"id":"IDFM:C00295","route_long_name":"4","stop_id":"IDFM:7601","stop_name":"\u00c9douard Vaillant","stop_lon":"2.212215065932328","stop_lat":"48.92850529520216","operatorname":"Keolis Argenteuil Boucles de Seine","shortname":"4","bookingrules":null,"mode":"Bus","nom_commune":"Bezons","code_insee":"95063"}},{"type":"Feature","geometry":{"type":"Point","coordinates":[2.208852840934956,48.92432833811629]},"properties":{"id":"IDFM:C00295","route_long_name":"4","stop_id":"IDFM:21514","stop_name":"\u00c9mile Zola","stop_lon":"2.208852840934956","stop_lat":"48.92432833811629","operatorname":"Keolis Argenteuil Boucles de Seine","shortname":"4","bookingrules":null,"mode":"Bus","nom_commune":"Bezons","code_insee":"95063"}},{"type":"Feature","geometry":{"type":"Point","coordinates":[2.207263919282569,48.93098170854899]},"properties":{"id":"IDFM:C00295","route_long_name":"4","stop_id":"IDFM:7579","stop_name":"Anjou","stop_lon":"2.207263919282569","stop_lat":"48.93098170854899","operatorname":"Keolis Argenteuil Boucles de Seine","shortname":"4","bookingrules":null,"mode":"Bus","nom_commune":"Bezons","code_insee":"95063"}},{"type":"Feature","geometry":{"type":"Point","coordinates":[2.2042705034787016,48.93393856707702]},"properties":{"id":"IDFM:C00295","route_long_name":"4","stop_id":"IDFM:7583","stop_name":"Joliot Curie","stop_lon":"2.2042705034787016","stop_lat":"48.93393856707702","operatorname":"Keolis Argenteuil Boucles de Seine","shortname":"4","bookingrules":null,"mode":"Bus","nom_commune":"Bezons","code_insee":"95063"}},{"type":"Feature","geometry":{"type":"Point","coordinates":[2.203864127603742,48.935518640573505]},"properties":{"id":"IDFM:C00295","route_long_name":"4","stop_id":"IDFM:7595","stop_name":"Paul Potdevin","stop_lon":"2.203864127603742","stop_lat":"48.935518640573505","operatorname":"Keolis Argenteuil Boucles de Seine","shortname":"4","bookingrules":null,"mode":"Bus","nom_commune":"Bezons","code_insee":"95063"}},{"type":"Feature","geometry":{"type":"Point","coordinates":[2.2078831545738478,48.9414086992256]},"properties":{"id":"IDFM:C00295","route_long_name":"4","stop_id":"IDFM:493495","stop_name":"Val Notre-Dame","stop_lon":"2.2078831545738478","stop_lat":"48.9414086992256","operatorname":"Keolis Argenteuil Boucles de Seine","shortname":"4","bookingrules":null,"mode":"Bus","nom_commune":"Argenteuil","code_insee":"95018"}},{"type":"Feature","geometry":{"type":"Point","coordinates":[2.2375263412670447,48.94663695642472]},"properties":{"id":"IDFM:C00295","route_long_name":"4","stop_id":"IDFM:427933","stop_name":"Charcot H\u00f4pital","stop_lon":"2.2375263412670447","stop_lat":"48.94663695642472","operatorname":"Keolis Argenteuil Boucles de Seine","shortname":"4","bookingrules":null,"mode":"Bus","nom_commune":"Argenteuil","code_insee":"95018"}},{"type":"Feature","geometry":{"type":"Point","coordinates":[2.240587233072946,48.94739380214533]},"properties":{"id":"IDFM:C00295","route_long_name":"4","stop_id":"IDFM:7466","stop_name":"Ernestine","stop_lon":"2.240587233072946","stop_lat":"48.94739380214533","operatorname":"Keolis Argenteuil Boucles de Seine","shortname":"4","bookingrules":null,"mode":"Bus","nom_commune":"Argenteuil","code_insee":"95018"}},{"type":"Feature","geometry":{"type":"Point","coordinates":[2.219783455232006,48.95441853529757]},"properties":{"id":"IDFM:C00297","route_long_name":"8","stop_id":"IDFM:7420","stop_name":"Beethoven","stop_lon":"2.219783455232006","stop_lat":"48.95441853529757","operatorname":"Keolis Argenteuil Boucles de Seine","shortname":"8","bookingrules":null,"mode":"Bus","nom_commune":"Argenteuil","code_insee":"95018"}},{"type":"Feature","geometry":{"type":"Point","coordinates":[2.230187548340156,48.954494780454255]},"properties":{"id":"IDFM:C00297","route_long_name":"8","stop_id":"IDFM:7455","stop_name":"Rue de Coudray","stop_lon":"2.230187548340156","stop_lat":"48.954494780454255","operatorname":"Keolis Argenteuil Boucles de Seine","shortname":"8","bookingrules":null,"mode":"Bus","nom_commune":"Argenteuil","code_insee":"95018"}},{"type":"Feature","geometry":{"type":"Point","coordinates":[2.2340439279276425,48.94576942407318]},"properties":{"id":"IDFM:C00297","route_long_name":"8","stop_id":"IDFM:7430","stop_name":"Bretagne","stop_lon":"2.2340439279276425","stop_lat":"48.94576942407318","operatorname":"Keolis Argenteuil Boucles de Seine","shortname":"8","bookingrules":null,"mode":"Bus","nom_commune":"Argenteuil","code_insee":"95018"}},{"type":"Feature","geometry":{"type":"Point","coordinates":[2.2383243357365665,48.94621936359881]},"properties":{"id":"IDFM:C00297","route_long_name":"8","stop_id":"IDFM:7492","stop_name":"H\u00f4pital Victor Dupouy","stop_lon":"2.2383243357365665","stop_lat":"48.94621936359881","operatorname":"Keolis Argenteuil Boucles de Seine","shortname":"8","bookingrules":null,"mode":"Bus","nom_commune":"Argenteuil","code_insee":"95018"}},{"type":"Feature","geometry":{"type":"Point","coordinates":[2.245735108451896,48.937938780644075]},"properties":{"id":"IDFM:C00297","route_long_name":"8","stop_id":"IDFM:420079","stop_name":"Petit Marly","stop_lon":"2.245735108451896","stop_lat":"48.937938780644075","operatorname":"Keolis Argenteuil Boucles de Seine","shortname":"8","bookingrules":null,"mode":"Bus","nom_commune":"Argenteuil","code_insee":"95018"}},{"type":"Feature","geometry":{"type":"Point","coordinates":[2.2523567864280243,48.94831311089982]},"properties":{"id":"IDFM:C00297","route_long_name":"8","stop_id":"IDFM:8530","stop_name":"L\u00e9on Feix","stop_lon":"2.2523567864280243","stop_lat":"48.94831311089982","operatorname":"Keolis Argenteuil Boucles de Seine","shortname":"8","bookingrules":null,"mode":"Bus","nom_commune":"Argenteuil","code_insee":"95018"}},{"type":"Feature","geometry":{"type":"Point","coordinates":[2.249099826466733,48.945990579753754]},"properties":{"id":"IDFM:C00297","route_long_name":"8","stop_id":"IDFM:13095","stop_name":"H\u00f4tel de Ville","stop_lon":"2.249099826466733","stop_lat":"48.945990579753754","operatorname":"Keolis Argenteuil Boucles de Seine","shortname":"8","bookingrules":null,"mode":"Bus","nom_commune":"Argenteuil","code_insee":"95018"}},{"type":"Feature","geometry":{"type":"Point","coordinates":[2.2509974281533887,48.944104952268525]},"properties":{"id":"IDFM:C00297","route_long_name":"8","stop_id":"IDFM:12414","stop_name":"Paul Vaillant Couturier","stop_lon":"2.2509974281533887","stop_lat":"48.944104952268525","operatorname":"Keolis Argenteuil Boucles de Seine","shortname":"8","bookingrules":null,"mode":"Bus","nom_commune":"Argenteuil","code_insee":"95018"}},{"type":"Feature","geometry":{"type":"Point","coordinates":[2.245179238255821,48.94049826943986]},"properties":{"id":"IDFM:C00297","route_long_name":"8","stop_id":"IDFM:7482","stop_name":"Charles de Gaulle - Henri Barbusse","stop_lon":"2.245179238255821","stop_lat":"48.94049826943986","operatorname":"Keolis Argenteuil Boucles de Seine","shortname":"8","bookingrules":null,"mode":"Bus","nom_commune":"Argenteuil","code_insee":"95018"}},{"type":"Feature","geometry":{"type":"Point","coordinates":[2.243469789704081,48.94258284343203]},"properties":{"id":"IDFM:C00297","route_long_name":"8","stop_id":"IDFM:7412","stop_name":"Cl\u00e9ment Ader","stop_lon":"2.243469789704081","stop_lat":"48.94258284343203","operatorname":"Keolis Argenteuil Boucles de Seine","shortname":"8","bookingrules":null,"mode":"Bus","nom_commune":"Argenteuil","code_insee":"95018"}},{"type":"Feature","geometry":{"type":"Point","coordinates":[2.2385814801123467,48.94637387628835]},"properties":{"id":"IDFM:C00297","route_long_name":"8","stop_id":"IDFM:7493","stop_name":"H\u00f4pital Victor Dupouy","stop_lon":"2.2385814801123467","stop_lat":"48.94637387628835","operatorname":"Keolis Argenteuil Boucles de Seine","shortname":"8","bookingrules":null,"mode":"Bus","nom_commune":"Argenteuil","code_insee":"95018"}},{"type":"Feature","geometry":{"type":"Point","coordinates":[2.2374824854543154,48.94683452098326]},"properties":{"id":"IDFM:C00297","route_long_name":"8","stop_id":"IDFM:422359","stop_name":"Charcot H\u00f4pital","stop_lon":"2.2374824854543154","stop_lat":"48.94683452098326","operatorname":"Keolis Argenteuil Boucles de Seine","shortname":"8","bookingrules":null,"mode":"Bus","nom_commune":"Argenteuil","code_insee":"95018"}},{"type":"Feature","geometry":{"type":"Point","coordinates":[2.220159255550314,48.95394435948367]},"properties":{"id":"IDFM:C00297","route_long_name":"8","stop_id":"IDFM:7419","stop_name":"Beethoven","stop_lon":"2.220159255550314","stop_lat":"48.95394435948367","operatorname":"Keolis Argenteuil Boucles de Seine","shortname":"8","bookingrules":null,"mode":"Bus","nom_commune":"Argenteuil","code_insee":"95018"}},{"type":"Feature","geometry":{"type":"Point","coordinates":[2.1598446812956387,48.94465183754085]},"properties":{"id":"IDFM:C00298","route_long_name":"9","stop_id":"IDFM:5383","stop_name":"Maison des Jeunes et de la Culture","stop_lon":"2.1598446812956387","stop_lat":"48.94465183754085","operatorname":"Keolis Argenteuil Boucles de Seine","shortname":"9","bookingrules":null,"mode":"Bus","nom_commune":"Sartrouville","code_insee":"78586"}},{"type":"Feature","geometry":{"type":"Point","coordinates":[2.163998441969504,48.946992073856606]},"properties":{"id":"IDFM:C00298","route_long_name":"9","stop_id":"IDFM:5381","stop_name":"Bordin","stop_lon":"2.163998441969504","stop_lat":"48.946992073856606","operatorname":"Keolis Argenteuil Boucles de Seine","shortname":"9","bookingrules":null,"mode":"Bus","nom_commune":"Sartrouville","code_insee":"78586"}},{"type":"Feature","geometry":{"type":"Point","coordinates":[2.167833983690559,48.94876339438237]},"properties":{"id":"IDFM:C00298","route_long_name":"9","stop_id":"IDFM:5379","stop_name":"Guy de Maupassant","stop_lon":"2.167833983690559","stop_lat":"48.94876339438237","operatorname":"Keolis Argenteuil Boucles de Seine","shortname":"9","bookingrules":null,"mode":"Bus","nom_commune":"Sartrouville","code_insee":"78586"}},{"type":"Feature","geometry":{"type":"Point","coordinates":[2.171326013289303,48.94725878171875]},"properties":{"id":"IDFM:C00298","route_long_name":"9","stop_id":"IDFM:5377","stop_name":"Martial Dechard","stop_lon":"2.171326013289303","stop_lat":"48.94725878171875","operatorname":"Keolis Argenteuil Boucles de Seine","shortname":"9","bookingrules":null,"mode":"Bus","nom_commune":"Sartrouville","code_insee":"78586"}},{"type":"Feature","geometry":{"type":"Point","coordinates":[2.2078831545738478,48.9414086992256]},"properties":{"id":"IDFM:C00298","route_long_name":"9","stop_id":"IDFM:493495","stop_name":"Val Notre-Dame","stop_lon":"2.2078831545738478","stop_lat":"48.9414086992256","operatorname":"Keolis Argenteuil Boucles de Seine","shortname":"9","bookingrules":null,"mode":"Bus","nom_commune":"Argenteuil","code_insee":"95018"}},{"type":"Feature","geometry":{"type":"Point","coordinates":[2.221547022838586,48.9405989216153]},"properties":{"id":"IDFM:C00298","route_long_name":"9","stop_id":"IDFM:7572","stop_name":"Les Champioux","stop_lon":"2.221547022838586","stop_lat":"48.9405989216153","operatorname":"Keolis Argenteuil Boucles de Seine","shortname":"9","bookingrules":null,"mode":"Bus","nom_commune":"Argenteuil","code_insee":"95018"}},{"type":"Feature","geometry":{"type":"Point","coordinates":[2.241489106362738,48.941724991723646]},"properties":{"id":"IDFM:C00298","route_long_name":"9","stop_id":"IDFM:7560","stop_name":"Gandon Texier","stop_lon":"2.241489106362738","stop_lat":"48.941724991723646","operatorname":"Keolis Argenteuil Boucles de Seine","shortname":"9","bookingrules":null,"mode":"Bus","nom_commune":"Argenteuil","code_insee":"95018"}},{"type":"Feature","geometry":{"type":"Point","coordinates":[2.2454501007509435,48.944411892334166]},"properties":{"id":"IDFM:C00298","route_long_name":"9","stop_id":"IDFM:7435","stop_name":"Calais","stop_lon":"2.2454501007509435","stop_lat":"48.944411892334166","operatorname":"Keolis Argenteuil Boucles de Seine","shortname":"9","bookingrules":null,"mode":"Bus","nom_commune":"Argenteuil","code_insee":"95018"}},{"type":"Feature","geometry":{"type":"Point","coordinates":[2.2498358821850934,48.94702037588249]},"properties":{"id":"IDFM:C00298","route_long_name":"9","stop_id":"IDFM:7574","stop_name":"H\u00f4tel de Ville","stop_lon":"2.2498358821850934","stop_lat":"48.94702037588249","operatorname":"Keolis Argenteuil Boucles de Seine","shortname":"9","bookingrules":null,"mode":"Bus","nom_commune":"Argenteuil","code_insee":"95018"}},{"type":"Feature","geometry":{"type":"Point","coordinates":[2.214206277428227,48.9412524731695]},"properties":{"id":"IDFM:C00298","route_long_name":"9","stop_id":"IDFM:7494","stop_name":"Coll\u00e8ge Albert Camus","stop_lon":"2.214206277428227","stop_lat":"48.9412524731695","operatorname":"Keolis Argenteuil Boucles de Seine","shortname":"9","bookingrules":null,"mode":"Bus","nom_commune":"Argenteuil","code_insee":"95018"}},{"type":"Feature","geometry":{"type":"Point","coordinates":[2.2013925991734054,48.941797293761724]},"properties":{"id":"IDFM:C00298","route_long_name":"9","stop_id":"IDFM:7677","stop_name":"Condorcet","stop_lon":"2.2013925991734054","stop_lat":"48.941797293761724","operatorname":"Keolis Argenteuil Boucles de Seine","shortname":"9","bookingrules":null,"mode":"Bus","nom_commune":"Sartrouville","code_insee":"78586"}},{"type":"Feature","geometry":{"type":"Point","coordinates":[2.1807150850442385,48.94494018345877]},"properties":{"id":"IDFM:C00298","route_long_name":"9","stop_id":"IDFM:7689","stop_name":"Charles de Gaulle","stop_lon":"2.1807150850442385","stop_lat":"48.94494018345877","operatorname":"Keolis Argenteuil Boucles de Seine","shortname":"9","bookingrules":null,"mode":"Bus","nom_commune":"Sartrouville","code_insee":"78586"}},{"type":"Feature","geometry":{"type":"Point","coordinates":[2.1784192583475614,48.94507735087953]},"properties":{"id":"IDFM:C00298","route_long_name":"9","stop_id":"IDFM:7715","stop_name":"Picardie","stop_lon":"2.1784192583475614","stop_lat":"48.94507735087953","operatorname":"Keolis Argenteuil Boucles de Seine","shortname":"9","bookingrules":null,"mode":"Bus","nom_commune":"Sartrouville","code_insee":"78586"}},{"type":"Feature","geometry":{"type":"Point","coordinates":[2.170496145536181,48.9479275140327]},"properties":{"id":"IDFM:C00298","route_long_name":"9","stop_id":"IDFM:7670","stop_name":"Martial Dechard","stop_lon":"2.170496145536181","stop_lat":"48.9479275140327","operatorname":"Keolis Argenteuil Boucles de Seine","shortname":"9","bookingrules":null,"mode":"Bus","nom_commune":"Sartrouville","code_insee":"78586"}},{"type":"Feature","geometry":{"type":"Point","coordinates":[2.1674925336110364,48.94877001666051]},"properties":{"id":"IDFM:C00298","route_long_name":"9","stop_id":"IDFM:5380","stop_name":"Guy de Maupassant","stop_lon":"2.1674925336110364","stop_lat":"48.94877001666051","operatorname":"Keolis Argenteuil Boucles de Seine","shortname":"9","bookingrules":null,"mode":"Bus","nom_commune":"Sartrouville","code_insee":"78586"}},{"type":"Feature","geometry":{"type":"Point","coordinates":[2.1578119645908873,48.93781186755499]},"properties":{"id":"IDFM:C00298","route_long_name":"9","stop_id":"IDFM:5387","stop_name":"Gare de Sartrouville","stop_lon":"2.1578119645908873","stop_lat":"48.93781186755499","operatorname":"Keolis Argenteuil Boucles de Seine","shortname":"9","bookingrules":null,"mode":"Bus","nom_commune":"Sartrouville","code_insee":"78586"}},{"type":"Feature","geometry":{"type":"Point","coordinates":[2.1779778885913013,48.838241615978696]},"properties":{"id":"IDFM:C01491","route_long_name":"37","stop_id":"IDFM:425662","stop_name":"Pasteur","stop_lon":"2.1779778885913013","stop_lat":"48.838241615978696","operatorname":"Keolis Argenteuil Boucles de Seine","shortname":"37","bookingrules":null,"mode":"Bus","nom_commune":"Garches","code_insee":"92033"}},{"type":"Feature","geometry":{"type":"Point","coordinates":[2.17071352078529,48.83838933813384]},"properties":{"id":"IDFM:C01491","route_long_name":"37","stop_id":"IDFM:34226","stop_name":"H\u00f4pital de Garches","stop_lon":"2.17071352078529","stop_lat":"48.83838933813384","operatorname":"Keolis Argenteuil Boucles de Seine","shortname":"37","bookingrules":null,"mode":"Bus","nom_commune":"Garches","code_insee":"92033"}},{"type":"Feature","geometry":{"type":"Point","coordinates":[2.1772871064360593,48.83021432791442]},"properties":{"id":"IDFM:C01491","route_long_name":"37","stop_id":"IDFM:34425","stop_name":"Mairie","stop_lon":"2.1772871064360593","stop_lat":"48.83021432791442","operatorname":"Keolis Argenteuil Boucles de Seine","shortname":"37","bookingrules":null,"mode":"Bus","nom_commune":"Marnes-la-Coquette","code_insee":"92047"}},{"type":"Feature","geometry":{"type":"Point","coordinates":[2.1898751065477238,48.82666671965583]},"properties":{"id":"IDFM:C01491","route_long_name":"37","stop_id":"IDFM:34345","stop_name":"\u00c9glise de Ville-d'Avray","stop_lon":"2.1898751065477238","stop_lat":"48.82666671965583","operatorname":"Keolis Argenteuil Boucles de Seine","shortname":"37","bookingrules":null,"mode":"Bus","nom_commune":"Ville-d'Avray","code_insee":"92077"}},{"type":"Feature","geometry":{"type":"Point","coordinates":[2.177775666808804,48.83810531842437]},"properties":{"id":"IDFM:C01491","route_long_name":"37","stop_id":"IDFM:425663","stop_name":"Pasteur","stop_lon":"2.177775666808804","stop_lat":"48.83810531842437","operatorname":"Keolis Argenteuil Boucles de Seine","shortname":"37","bookingrules":null,"mode":"Bus","nom_commune":"Marnes-la-Coquette","code_insee":"92047"}},{"type":"Feature","geometry":{"type":"Point","coordinates":[2.1880167218064344,48.827040854744254]},"properties":{"id":"IDFM:C01491","route_long_name":"37","stop_id":"IDFM:477770","stop_name":"\u00c9glise de Ville-d'Avray","stop_lon":"2.1880167218064344","stop_lat":"48.827040854744254","operatorname":"Keolis Argenteuil Boucles de Seine","shortname":"37","bookingrules":null,"mode":"Bus","nom_commune":"Ville-d'Avray","code_insee":"92077"}},{"type":"Feature","geometry":{"type":"Point","coordinates":[2.182508828419179,48.85947993812467]},"properties":{"id":"IDFM:C01491","route_long_name":"37","stop_id":"IDFM:34393","stop_name":"Coll\u00e8ge Passy - Buzenval","stop_lon":"2.182508828419179","stop_lat":"48.85947993812467","operatorname":"Keolis Argenteuil Boucles de Seine","shortname":"37","bookingrules":null,"mode":"Bus","nom_commune":"Rueil-Malmaison","code_insee":"92063"}},{"type":"Feature","geometry":{"type":"Point","coordinates":[2.1815806522877668,48.85956353048998]},"properties":{"id":"IDFM:C01492","route_long_name":"40","stop_id":"IDFM:32274","stop_name":"Coll\u00e8ge Passy - Buzenval","stop_lon":"2.1815806522877668","stop_lat":"48.85956353048998","operatorname":"Keolis Argenteuil Boucles de Seine","shortname":"40","bookingrules":null,"mode":"Bus","nom_commune":"Rueil-Malmaison","code_insee":"92063"}},{"type":"Feature","geometry":{"type":"Point","coordinates":[2.20866817407289,48.84763122640981]},"properties":{"id":"IDFM:C01492","route_long_name":"40","stop_id":"IDFM:29272","stop_name":"\u00c9glise de Saint-Cloud","stop_lon":"2.20866817407289","stop_lat":"48.84763122640981","operatorname":"Keolis Argenteuil Boucles de Seine","shortname":"40","bookingrules":null,"mode":"Bus","nom_commune":"Saint-Cloud","code_insee":"92064"}},{"type":"Feature","geometry":{"type":"Point","coordinates":[2.214470574380733,48.859568100909016]},"properties":{"id":"IDFM:C01492","route_long_name":"40","stop_id":"IDFM:40868","stop_name":"Val d'Or","stop_lon":"2.214470574380733","stop_lat":"48.859568100909016","operatorname":"Keolis Argenteuil Boucles de Seine","shortname":"40","bookingrules":null,"mode":"Bus","nom_commune":"Suresnes","code_insee":"92073"}},{"type":"Feature","geometry":{"type":"Point","coordinates":[2.2242473189572904,48.86938091805905]},"properties":{"id":"IDFM:C01492","route_long_name":"40","stop_id":"IDFM:26094","stop_name":"De Gaulle","stop_lon":"2.2242473189572904","stop_lat":"48.86938091805905","operatorname":"Keolis Argenteuil Boucles de Seine","shortname":"40","bookingrules":null,"mode":"Bus","nom_commune":"Suresnes","code_insee":"92073"}},{"type":"Feature","geometry":{"type":"Point","coordinates":[2.2141784350148423,48.84730779707317]},"properties":{"id":"IDFM:C01492","route_long_name":"40","stop_id":"IDFM:26095","stop_name":"Montretout","stop_lon":"2.2141784350148423","stop_lat":"48.84730779707317","operatorname":"Keolis Argenteuil Boucles de Seine","shortname":"40","bookingrules":null,"mode":"Bus","nom_commune":"Saint-Cloud","code_insee":"92064"}},{"type":"Feature","geometry":{"type":"Point","coordinates":[2.182508828419179,48.85947993812467]},"properties":{"id":"IDFM:C01492","route_long_name":"40","stop_id":"IDFM:34393","stop_name":"Coll\u00e8ge Passy - Buzenval","stop_lon":"2.182508828419179","stop_lat":"48.85947993812467","operatorname":"Keolis Argenteuil Boucles de Seine","shortname":"40","bookingrules":null,"mode":"Bus","nom_commune":"Rueil-Malmaison","code_insee":"92063"}},{"type":"Feature","geometry":{"type":"Point","coordinates":[2.132520489823439,48.884382115370514]},"properties":{"id":"IDFM:C02264","route_long_name":"20","stop_id":"IDFM:32182","stop_name":"Princesse Croissy","stop_lon":"2.132520489823439","stop_lat":"48.884382115370514","operatorname":"Keolis Argenteuil Boucles de Seine","shortname":"20","bookingrules":null,"mode":"Bus","nom_commune":"Le V\u00e9sinet","code_insee":"78650"}},{"type":"Feature","geometry":{"type":"Point","coordinates":[2.1348448955808883,48.88975906069389]},"properties":{"id":"IDFM:C02264","route_long_name":"20","stop_id":"IDFM:477604","stop_name":"Gare du V\u00e9sinet - Centre","stop_lon":"2.1348448955808883","stop_lat":"48.88975906069389","operatorname":"Keolis Argenteuil Boucles de Seine","shortname":"20","bookingrules":null,"mode":"Bus","nom_commune":"Le V\u00e9sinet","code_insee":"78650"}},{"type":"Feature","geometry":{"type":"Point","coordinates":[2.1269700217834657,48.88439573192478]},"properties":{"id":"IDFM:C02264","route_long_name":"20","stop_id":"IDFM:32229","stop_name":"Henri R\u00e9gnault","stop_lon":"2.1269700217834657","stop_lat":"48.88439573192478","operatorname":"Keolis Argenteuil Boucles de Seine","shortname":"20","bookingrules":null,"mode":"Bus","nom_commune":"Le V\u00e9sinet","code_insee":"78650"}},{"type":"Feature","geometry":{"type":"Point","coordinates":[2.123996862070257,48.881981731822066]},"properties":{"id":"IDFM:C02264","route_long_name":"20","stop_id":"IDFM:32056","stop_name":"Cultures Lorraine","stop_lon":"2.123996862070257","stop_lat":"48.881981731822066","operatorname":"Keolis Argenteuil Boucles de Seine","shortname":"20","bookingrules":null,"mode":"Bus","nom_commune":"Le V\u00e9sinet","code_insee":"78650"}},{"type":"Feature","geometry":{"type":"Point","coordinates":[2.1186916663285618,48.88927252525415]},"properties":{"id":"IDFM:C02264","route_long_name":"20","stop_id":"IDFM:477594","stop_name":"Chemin de Ronde","stop_lon":"2.1186916663285618","stop_lat":"48.88927252525415","operatorname":"Keolis Argenteuil Boucles de Seine","shortname":"20","bookingrules":null,"mode":"Bus","nom_commune":"Le V\u00e9sinet","code_insee":"78650"}},{"type":"Feature","geometry":{"type":"Point","coordinates":[2.1155246255589324,48.89827861712757]},"properties":{"id":"IDFM:C02264","route_long_name":"20","stop_id":"IDFM:32191","stop_name":"R\u00e9publique","stop_lon":"2.1155246255589324","stop_lat":"48.89827861712757","operatorname":"Keolis Argenteuil Boucles de Seine","shortname":"20","bookingrules":null,"mode":"Bus","nom_commune":"Le V\u00e9sinet","code_insee":"78650"}},{"type":"Feature","geometry":{"type":"Point","coordinates":[2.1922589282214737,48.92337227187769]},"properties":{"id":"IDFM:C02629","route_long_name":"N","stop_id":"IDFM:488674","stop_name":"M\u00e9diath\u00e8que - Foch","stop_lon":"2.1922589282214737","stop_lat":"48.92337227187769","operatorname":"Keolis Argenteuil Boucles de Seine","shortname":"N","bookingrules":null,"mode":"Bus","nom_commune":"Houilles","code_insee":"78311"}},{"type":"Feature","geometry":{"type":"Point","coordinates":[2.1999048258427782,48.92491642798939]},"properties":{"id":"IDFM:C02629","route_long_name":"N","stop_id":"IDFM:488656","stop_name":"Bara","stop_lon":"2.1999048258427782","stop_lat":"48.92491642798939","operatorname":"Keolis Argenteuil Boucles de Seine","shortname":"N","bookingrules":null,"mode":"Bus","nom_commune":"Houilles","code_insee":"78311"}},{"type":"Feature","geometry":{"type":"Point","coordinates":[2.1973594315196174,48.929791647717934]},"properties":{"id":"IDFM:C02629","route_long_name":"N","stop_id":"IDFM:488678","stop_name":"Ambroise Par\u00e9","stop_lon":"2.1973594315196174","stop_lat":"48.929791647717934","operatorname":"Keolis Argenteuil Boucles de Seine","shortname":"N","bookingrules":null,"mode":"Bus","nom_commune":"Houilles","code_insee":"78311"}},{"type":"Feature","geometry":{"type":"Point","coordinates":[2.1926731036500215,48.9344995102562]},"properties":{"id":"IDFM:C02629","route_long_name":"N","stop_id":"IDFM:488649","stop_name":"Rouget de l'Isle","stop_lon":"2.1926731036500215","stop_lat":"48.9344995102562","operatorname":"Keolis Argenteuil Boucles de Seine","shortname":"N","bookingrules":null,"mode":"Bus","nom_commune":"Houilles","code_insee":"78311"}},{"type":"Feature","geometry":{"type":"Point","coordinates":[2.187320348213357,48.93462520799184]},"properties":{"id":"IDFM:C02629","route_long_name":"N","stop_id":"IDFM:488653","stop_name":"Desjardins","stop_lon":"2.187320348213357","stop_lat":"48.93462520799184","operatorname":"Keolis Argenteuil Boucles de Seine","shortname":"N","bookingrules":null,"mode":"Bus","nom_commune":"Houilles","code_insee":"78311"}},{"type":"Feature","geometry":{"type":"Point","coordinates":[2.1804780782397697,48.935720733012346]},"properties":{"id":"IDFM:C02629","route_long_name":"N","stop_id":"IDFM:488654","stop_name":"Bapaume","stop_lon":"2.1804780782397697","stop_lat":"48.935720733012346","operatorname":"Keolis Argenteuil Boucles de Seine","shortname":"N","bookingrules":null,"mode":"Bus","nom_commune":"Houilles","code_insee":"78311"}},{"type":"Feature","geometry":{"type":"Point","coordinates":[2.1872184769220837,48.92279859859266]},"properties":{"id":"IDFM:C02629","route_long_name":"N","stop_id":"IDFM:488655","stop_name":"Mairie","stop_lon":"2.1872184769220837","stop_lat":"48.92279859859266","operatorname":"Keolis Argenteuil Boucles de Seine","shortname":"N","bookingrules":null,"mode":"Bus","nom_commune":"Houilles","code_insee":"78311"}},{"type":"Feature","geometry":{"type":"Point","coordinates":[2.1407488282164935,48.875798649295554]},"properties":{"id":"IDFM:C01755","route_long_name":"D","stop_id":"IDFM:32154","stop_name":"Les Moulins","stop_lon":"2.1407488282164935","stop_lat":"48.875798649295554","operatorname":"Keolis Argenteuil Boucles de Seine","shortname":"D","bookingrules":null,"mode":"Bus","nom_commune":"Croissy-sur-Seine","code_insee":"78190"}},{"type":"Feature","geometry":{"type":"Point","coordinates":[2.1374537716013355,48.872231471912855]},"properties":{"id":"IDFM:C01755","route_long_name":"D","stop_id":"IDFM:32011","stop_name":"Augier","stop_lon":"2.1374537716013355","stop_lat":"48.872231471912855","operatorname":"Keolis Argenteuil Boucles de Seine","shortname":"D","bookingrules":null,"mode":"Bus","nom_commune":"Croissy-sur-Seine","code_insee":"78190"}},{"type":"Feature","geometry":{"type":"Point","coordinates":[2.1309646002292624,48.854224115494894]},"properties":{"id":"IDFM:C01755","route_long_name":"D","stop_id":"IDFM:32171","stop_name":"Gare de Bougival","stop_lon":"2.1309646002292624","stop_lat":"48.854224115494894","operatorname":"Keolis Argenteuil Boucles de Seine","shortname":"D","bookingrules":null,"mode":"Bus","nom_commune":"Bougival","code_insee":"78092"}},{"type":"Feature","geometry":{"type":"Point","coordinates":[2.1309844605016695,48.85058177573911]},"properties":{"id":"IDFM:C01755","route_long_name":"D","stop_id":"IDFM:32089","stop_name":"Les Gressets","stop_lon":"2.1309844605016695","stop_lat":"48.85058177573911","operatorname":"Keolis Argenteuil Boucles de Seine","shortname":"D","bookingrules":null,"mode":"Bus","nom_commune":"La Celle-Saint-Cloud","code_insee":"78126"}},{"type":"Feature","geometry":{"type":"Point","coordinates":[2.1324613442019635,48.84536708331233]},"properties":{"id":"IDFM:C01755","route_long_name":"D","stop_id":"IDFM:494508","stop_name":"Guibert","stop_lon":"2.1324613442019635","stop_lat":"48.84536708331233","operatorname":"Keolis Argenteuil Boucles de Seine","shortname":"D","bookingrules":null,"mode":"Bus","nom_commune":"La Celle-Saint-Cloud","code_insee":"78126"}},{"type":"Feature","geometry":{"type":"Point","coordinates":[2.1310583584160416,48.84124670657507]},"properties":{"id":"IDFM:C01755","route_long_name":"D","stop_id":"IDFM:4115","stop_name":"Grande Terrasse","stop_lon":"2.1310583584160416","stop_lat":"48.84124670657507","operatorname":"Keolis Argenteuil Boucles de Seine","shortname":"D","bookingrules":null,"mode":"Bus","nom_commune":"La Celle-Saint-Cloud","code_insee":"78126"}},{"type":"Feature","geometry":{"type":"Point","coordinates":[2.1278436241985235,48.829792029239286]},"properties":{"id":"IDFM:C01755","route_long_name":"D","stop_id":"IDFM:32626","stop_name":"H\u00f4pital Andr\u00e9 Mignot","stop_lon":"2.1278436241985235","stop_lat":"48.829792029239286","operatorname":"Keolis Argenteuil Boucles de Seine","shortname":"D","bookingrules":null,"mode":"Bus","nom_commune":"Le Chesnay-Rocquencourt","code_insee":"78158"}},{"type":"Feature","geometry":{"type":"Point","coordinates":[2.121592375376057,48.828082390267085]},"properties":{"id":"IDFM:C01755","route_long_name":"D","stop_id":"IDFM:4070","stop_name":"Charles P\u00e9guy","stop_lon":"2.121592375376057","stop_lat":"48.828082390267085","operatorname":"Keolis Argenteuil Boucles de Seine","shortname":"D","bookingrules":null,"mode":"Bus","nom_commune":"Le Chesnay-Rocquencourt","code_insee":"78158"}},{"type":"Feature","geometry":{"type":"Point","coordinates":[2.125911199876186,48.8288605353319]},"properties":{"id":"IDFM:C01755","route_long_name":"D","stop_id":"IDFM:4071","stop_name":"Bagatelle","stop_lon":"2.125911199876186","stop_lat":"48.8288605353319","operatorname":"Keolis Argenteuil Boucles de Seine","shortname":"D","bookingrules":null,"mode":"Bus","nom_commune":"Le Chesnay-Rocquencourt","code_insee":"78158"}},{"type":"Feature","geometry":{"type":"Point","coordinates":[2.1322083057932306,48.84583292782577]},"properties":{"id":"IDFM:C01755","route_long_name":"D","stop_id":"IDFM:32092","stop_name":"Guibert","stop_lon":"2.1322083057932306","stop_lat":"48.84583292782577","operatorname":"Keolis Argenteuil Boucles de Seine","shortname":"D","bookingrules":null,"mode":"Bus","nom_commune":"La Celle-Saint-Cloud","code_insee":"78126"}},{"type":"Feature","geometry":{"type":"Point","coordinates":[2.137442553938708,48.86632256782057]},"properties":{"id":"IDFM:C01755","route_long_name":"D","stop_id":"IDFM:32175","stop_name":"Pont de Bougival","stop_lon":"2.137442553938708","stop_lat":"48.86632256782057","operatorname":"Keolis Argenteuil Boucles de Seine","shortname":"D","bookingrules":null,"mode":"Bus","nom_commune":"Bougival","code_insee":"78092"}},{"type":"Feature","geometry":{"type":"Point","coordinates":[2.1523699974001267,48.878039956815336]},"properties":{"id":"IDFM:C01755","route_long_name":"D","stop_id":"IDFM:32328","stop_name":"Chanorier","stop_lon":"2.1523699974001267","stop_lat":"48.878039956815336","operatorname":"Keolis Argenteuil Boucles de Seine","shortname":"D","bookingrules":null,"mode":"Bus","nom_commune":"Croissy-sur-Seine","code_insee":"78190"}},{"type":"Feature","geometry":{"type":"Point","coordinates":[2.1860808526563527,48.93009328496339]},"properties":{"id":"IDFM:C01775","route_long_name":"S6","stop_id":"IDFM:40244","stop_name":"Camille Pelletan","stop_lon":"2.1860808526563527","stop_lat":"48.93009328496339","operatorname":"Keolis Argenteuil Boucles de Seine","shortname":"S6","bookingrules":null,"mode":"Bus","nom_commune":"Houilles","code_insee":"78311"}},{"type":"Feature","geometry":{"type":"Point","coordinates":[2.1964665422394374,48.92397612244017]},"properties":{"id":"IDFM:C01775","route_long_name":"S6","stop_id":"IDFM:40248","stop_name":"Ernest Renan","stop_lon":"2.1964665422394374","stop_lat":"48.92397612244017","operatorname":"Keolis Argenteuil Boucles de Seine","shortname":"S6","bookingrules":null,"mode":"Bus","nom_commune":"Houilles","code_insee":"78311"}},{"type":"Feature","geometry":{"type":"Point","coordinates":[2.1968221328759077,48.920390244869964]},"properties":{"id":"IDFM:C01775","route_long_name":"S6","stop_id":"IDFM:27036","stop_name":"La Fontaine","stop_lon":"2.1968221328759077","stop_lat":"48.920390244869964","operatorname":"Keolis Argenteuil Boucles de Seine","shortname":"S6","bookingrules":null,"mode":"Bus","nom_commune":"Houilles","code_insee":"78311"}},{"type":"Feature","geometry":{"type":"Point","coordinates":[2.1747875734270483,48.907218307798715]},"properties":{"id":"IDFM:C02142","route_long_name":"L","stop_id":"IDFM:32132","stop_name":"\u00c9galit\u00e9","stop_lon":"2.1747875734270483","stop_lat":"48.907218307798715","operatorname":"Keolis Argenteuil Boucles de Seine","shortname":"L","bookingrules":null,"mode":"Bus","nom_commune":"Carri\u00e8res-sur-Seine","code_insee":"78124"}},{"type":"Feature","geometry":{"type":"Point","coordinates":[2.170502127567754,48.905605886949324]},"properties":{"id":"IDFM:C02142","route_long_name":"L","stop_id":"IDFM:32015","stop_name":"Bercail","stop_lon":"2.170502127567754","stop_lat":"48.905605886949324","operatorname":"Keolis Argenteuil Boucles de Seine","shortname":"L","bookingrules":null,"mode":"Bus","nom_commune":"Carri\u00e8res-sur-Seine","code_insee":"78124"}},{"type":"Feature","geometry":{"type":"Point","coordinates":[2.163562079026413,48.901114918028746]},"properties":{"id":"IDFM:C02142","route_long_name":"L","stop_id":"IDFM:32105","stop_name":"Parc de l'Europe","stop_lon":"2.163562079026413","stop_lat":"48.901114918028746","operatorname":"Keolis Argenteuil Boucles de Seine","shortname":"L","bookingrules":null,"mode":"Bus","nom_commune":"Chatou","code_insee":"78146"}},{"type":"Feature","geometry":{"type":"Point","coordinates":[2.1563396937276527,48.90317769746854]},"properties":{"id":"IDFM:C02142","route_long_name":"L","stop_id":"IDFM:32138","stop_name":"Maupassant","stop_lon":"2.1563396937276527","stop_lat":"48.90317769746854","operatorname":"Keolis Argenteuil Boucles de Seine","shortname":"L","bookingrules":null,"mode":"Bus","nom_commune":"Chatou","code_insee":"78146"}},{"type":"Feature","geometry":{"type":"Point","coordinates":[2.1682701976891448,48.90441228544355]},"properties":{"id":"IDFM:C02142","route_long_name":"L","stop_id":"IDFM:32147","stop_name":"Monceau","stop_lon":"2.1682701976891448","stop_lat":"48.90441228544355","operatorname":"Keolis Argenteuil Boucles de Seine","shortname":"L","bookingrules":null,"mode":"Bus","nom_commune":"Carri\u00e8res-sur-Seine","code_insee":"78124"}},{"type":"Feature","geometry":{"type":"Point","coordinates":[2.147744575724744,48.90072461149277]},"properties":{"id":"IDFM:C02144","route_long_name":"T","stop_id":"IDFM:32061","stop_name":"Place du Docteur Roux","stop_lon":"2.147744575724744","stop_lat":"48.90072461149277","operatorname":"Keolis Argenteuil Boucles de Seine","shortname":"T","bookingrules":null,"mode":"Bus","nom_commune":"Chatou","code_insee":"78146"}},{"type":"Feature","geometry":{"type":"Point","coordinates":[2.163371083754336,48.89602333577805]},"properties":{"id":"IDFM:C02144","route_long_name":"T","stop_id":"IDFM:32099","stop_name":"\u00cele Verte","stop_lon":"2.163371083754336","stop_lat":"48.89602333577805","operatorname":"Keolis Argenteuil Boucles de Seine","shortname":"T","bookingrules":null,"mode":"Bus","nom_commune":"Chatou","code_insee":"78146"}},{"type":"Feature","geometry":{"type":"Point","coordinates":[2.1594406843402787,48.889394639312286]},"properties":{"id":"IDFM:C02144","route_long_name":"T","stop_id":"IDFM:32063","stop_name":"\u00c9glise Notre-Dame","stop_lon":"2.1594406843402787","stop_lat":"48.889394639312286","operatorname":"Keolis Argenteuil Boucles de Seine","shortname":"T","bookingrules":null,"mode":"Bus","nom_commune":"Chatou","code_insee":"78146"}},{"type":"Feature","geometry":{"type":"Point","coordinates":[2.1558571590545603,48.889189560429365]},"properties":{"id":"IDFM:C02144","route_long_name":"T","stop_id":"IDFM:32211","stop_name":"Sarrail Foch","stop_lon":"2.1558571590545603","stop_lat":"48.889189560429365","operatorname":"Keolis Argenteuil Boucles de Seine","shortname":"T","bookingrules":null,"mode":"Bus","nom_commune":"Chatou","code_insee":"78146"}},{"type":"Feature","geometry":{"type":"Point","coordinates":[2.1555512442510762,48.885347190149716]},"properties":{"id":"IDFM:C02144","route_long_name":"T","stop_id":"IDFM:491806","stop_name":"Gare de Chatou - Croissy","stop_lon":"2.1555512442510762","stop_lat":"48.885347190149716","operatorname":"Keolis Argenteuil Boucles de Seine","shortname":"T","bookingrules":null,"mode":"Bus","nom_commune":"Chatou","code_insee":"78146"}},{"type":"Feature","geometry":{"type":"Point","coordinates":[2.160879794582938,48.889800444834314]},"properties":{"id":"IDFM:C02145","route_long_name":"S3","stop_id":"IDFM:32200","stop_name":"Rue du Port","stop_lon":"2.160879794582938","stop_lat":"48.889800444834314","operatorname":"Keolis Argenteuil Boucles de Seine","shortname":"S3","bookingrules":null,"mode":"Bus","nom_commune":"Chatou","code_insee":"78146"}},{"type":"Feature","geometry":{"type":"Point","coordinates":[2.1574795872455814,48.89596404499914]},"properties":{"id":"IDFM:C02145","route_long_name":"S3","stop_id":"IDFM:32135","stop_name":"Maurice Hardouin","stop_lon":"2.1574795872455814","stop_lat":"48.89596404499914","operatorname":"Keolis Argenteuil Boucles de Seine","shortname":"S3","bookingrules":null,"mode":"Bus","nom_commune":"Chatou","code_insee":"78146"}},{"type":"Feature","geometry":{"type":"Point","coordinates":[2.1400425791033415,48.90288192627981]},"properties":{"id":"IDFM:C02145","route_long_name":"S3","stop_id":"IDFM:32118","stop_name":"Landes","stop_lon":"2.1400425791033415","stop_lat":"48.90288192627981","operatorname":"Keolis Argenteuil Boucles de Seine","shortname":"S3","bookingrules":null,"mode":"Bus","nom_commune":"Chatou","code_insee":"78146"}},{"type":"Feature","geometry":{"type":"Point","coordinates":[2.142510140294281,48.90463533529637]},"properties":{"id":"IDFM:C02145","route_long_name":"S3","stop_id":"IDFM:32233","stop_name":"Jules Ferry","stop_lon":"2.142510140294281","stop_lat":"48.90463533529637","operatorname":"Keolis Argenteuil Boucles de Seine","shortname":"S3","bookingrules":null,"mode":"Bus","nom_commune":"Montesson","code_insee":"78418"}},{"type":"Feature","geometry":{"type":"Point","coordinates":[2.132374125027662,48.90871726561633]},"properties":{"id":"IDFM:C02145","route_long_name":"S3","stop_id":"IDFM:32220","stop_name":"Terres Blanches","stop_lon":"2.132374125027662","stop_lat":"48.90871726561633","operatorname":"Keolis Argenteuil Boucles de Seine","shortname":"S3","bookingrules":null,"mode":"Bus","nom_commune":"Chatou","code_insee":"78146"}},{"type":"Feature","geometry":{"type":"Point","coordinates":[2.15771950962371,48.900525376820696]},"properties":{"id":"IDFM:C02145","route_long_name":"S3","stop_id":"IDFM:41762","stop_name":"Marolles Bouvets","stop_lon":"2.15771950962371","stop_lat":"48.900525376820696","operatorname":"Keolis Argenteuil Boucles de Seine","shortname":"S3","bookingrules":null,"mode":"Bus","nom_commune":"Chatou","code_insee":"78146"}},{"type":"Feature","geometry":{"type":"Point","coordinates":[2.1808590527091023,48.93926659064875]},"properties":{"id":"IDFM:C02730","route_long_name":"26","stop_id":"IDFM:7700","stop_name":"Jolis Monts","stop_lon":"2.1808590527091023","stop_lat":"48.93926659064875","operatorname":"Keolis Argenteuil Boucles de Seine","shortname":"26","bookingrules":null,"mode":"Bus","nom_commune":"Sartrouville","code_insee":"78586"}},{"type":"Feature","geometry":{"type":"Point","coordinates":[2.1938745449494923,48.94064982495886]},"properties":{"id":"IDFM:C02730","route_long_name":"26","stop_id":"IDFM:7736","stop_name":"Th\u00e9\u00e2tre","stop_lon":"2.1938745449494923","stop_lat":"48.94064982495886","operatorname":"Keolis Argenteuil Boucles de Seine","shortname":"26","bookingrules":null,"mode":"Bus","nom_commune":"Sartrouville","code_insee":"78586"}},{"type":"Feature","geometry":{"type":"Point","coordinates":[2.193493739411894,48.94936143276866]},"properties":{"id":"IDFM:C02730","route_long_name":"26","stop_id":"IDFM:7694","stop_name":"Jouhaux","stop_lon":"2.193493739411894","stop_lat":"48.94936143276866","operatorname":"Keolis Argenteuil Boucles de Seine","shortname":"26","bookingrules":null,"mode":"Bus","nom_commune":"Sartrouville","code_insee":"78586"}},{"type":"Feature","geometry":{"type":"Point","coordinates":[2.1866795208529095,48.95204024933995]},"properties":{"id":"IDFM:C02731","route_long_name":"25","stop_id":"IDFM:13106","stop_name":"Les Perriers","stop_lon":"2.1866795208529095","stop_lat":"48.95204024933995","operatorname":"Keolis Argenteuil Boucles de Seine","shortname":"25","bookingrules":null,"mode":"Bus","nom_commune":"Sartrouville","code_insee":"78586"}},{"type":"Feature","geometry":{"type":"Point","coordinates":[2.188755080060596,48.949410396560815]},"properties":{"id":"IDFM:C02731","route_long_name":"25","stop_id":"IDFM:7724","stop_name":"Calmette Gu\u00e9rin","stop_lon":"2.188755080060596","stop_lat":"48.949410396560815","operatorname":"Keolis Argenteuil Boucles de Seine","shortname":"25","bookingrules":null,"mode":"Bus","nom_commune":"Sartrouville","code_insee":"78586"}},{"type":"Feature","geometry":{"type":"Point","coordinates":[2.185414259869848,48.9412850881262]},"properties":{"id":"IDFM:C02731","route_long_name":"25","stop_id":"IDFM:7642","stop_name":"Alphonse Allais","stop_lon":"2.185414259869848","stop_lat":"48.9412850881262","operatorname":"Keolis Argenteuil Boucles de Seine","shortname":"25","bookingrules":null,"mode":"Bus","nom_commune":"Sartrouville","code_insee":"78586"}},{"type":"Feature","geometry":{"type":"Point","coordinates":[2.1797506968435365,48.94202885589179]},"properties":{"id":"IDFM:C02731","route_long_name":"25","stop_id":"IDFM:7645","stop_name":"Baudin","stop_lon":"2.1797506968435365","stop_lat":"48.94202885589179","operatorname":"Keolis Argenteuil Boucles de Seine","shortname":"25","bookingrules":null,"mode":"Bus","nom_commune":"Sartrouville","code_insee":"78586"}},{"type":"Feature","geometry":{"type":"Point","coordinates":[2.1788892499218226,48.94038623190483]},"properties":{"id":"IDFM:C02731","route_long_name":"25","stop_id":"IDFM:7713","stop_name":"Gabriel P\u00e9ri","stop_lon":"2.1788892499218226","stop_lat":"48.94038623190483","operatorname":"Keolis Argenteuil Boucles de Seine","shortname":"25","bookingrules":null,"mode":"Bus","nom_commune":"Sartrouville","code_insee":"78586"}},{"type":"Feature","geometry":{"type":"Point","coordinates":[2.1793302173533062,48.937529472192224]},"properties":{"id":"IDFM:C02731","route_long_name":"25","stop_id":"IDFM:7665","stop_name":"Courteline","stop_lon":"2.1793302173533062","stop_lat":"48.937529472192224","operatorname":"Keolis Argenteuil Boucles de Seine","shortname":"25","bookingrules":null,"mode":"Bus","nom_commune":"Sartrouville","code_insee":"78586"}},{"type":"Feature","geometry":{"type":"Point","coordinates":[2.1640918205739514,48.92844006999559]},"properties":{"id":"IDFM:C02683","route_long_name":"60","stop_id":"IDFM:13112","stop_name":"Lyc\u00e9e Evariste Galois","stop_lon":"2.1640918205739514","stop_lat":"48.92844006999559","operatorname":"Keolis Argenteuil Boucles de Seine","shortname":"60","bookingrules":null,"mode":"Bus","nom_commune":"Sartrouville","code_insee":"78586"}},{"type":"Feature","geometry":{"type":"Point","coordinates":[2.140345061444959,48.95147415724657]},"properties":{"id":"IDFM:C02684","route_long_name":"61","stop_id":"IDFM:491997","stop_name":"Muette","stop_lon":"2.140345061444959","stop_lat":"48.95147415724657","operatorname":"Keolis Argenteuil Boucles de Seine","shortname":"61","bookingrules":null,"mode":"Bus","nom_commune":"Maisons-Laffitte","code_insee":"78358"}},{"type":"Feature","geometry":{"type":"Point","coordinates":[2.138744527385508,48.944232303583235]},"properties":{"id":"IDFM:C02685","route_long_name":"62","stop_id":"IDFM:34935","stop_name":"Rue des Loges","stop_lon":"2.138744527385508","stop_lat":"48.944232303583235","operatorname":"Keolis Argenteuil Boucles de Seine","shortname":"62","bookingrules":null,"mode":"Bus","nom_commune":"Maisons-Laffitte","code_insee":"78358"}},{"type":"Feature","geometry":{"type":"Point","coordinates":[2.1458242182099903,48.94626142230701]},"properties":{"id":"IDFM:C02685","route_long_name":"62","stop_id":"IDFM:34903","stop_name":"H\u00f4tel de Ville","stop_lon":"2.1458242182099903","stop_lat":"48.94626142230701","operatorname":"Keolis Argenteuil Boucles de Seine","shortname":"62","bookingrules":null,"mode":"Bus","nom_commune":"Maisons-Laffitte","code_insee":"78358"}},{"type":"Feature","geometry":{"type":"Point","coordinates":[2.1457512342626415,48.94654867812439]},"properties":{"id":"IDFM:C02685","route_long_name":"62","stop_id":"IDFM:34904","stop_name":"H\u00f4tel de Ville","stop_lon":"2.1457512342626415","stop_lat":"48.94654867812439","operatorname":"Keolis Argenteuil Boucles de Seine","shortname":"62","bookingrules":null,"mode":"Bus","nom_commune":"Maisons-Laffitte","code_insee":"78358"}},{"type":"Feature","geometry":{"type":"Point","coordinates":[2.1256392066989926,48.940099544481]},"properties":{"id":"IDFM:C02685","route_long_name":"62","stop_id":"IDFM:34944","stop_name":"Cit\u00e9 des Peupliers","stop_lon":"2.1256392066989926","stop_lat":"48.940099544481","operatorname":"Keolis Argenteuil Boucles de Seine","shortname":"62","bookingrules":null,"mode":"Bus","nom_commune":"Le Mesnil-le-Roi","code_insee":"78396"}},{"type":"Feature","geometry":{"type":"Point","coordinates":[2.1590797205094368,48.94805481332613]},"properties":{"id":"IDFM:C02686","route_long_name":"63","stop_id":"IDFM:492000","stop_name":"Eug\u00e8ne Adam","stop_lon":"2.1590797205094368","stop_lat":"48.94805481332613","operatorname":"Keolis Argenteuil Boucles de Seine","shortname":"63","bookingrules":null,"mode":"Bus","nom_commune":"Maisons-Laffitte","code_insee":"78358"}},{"type":"Feature","geometry":{"type":"Point","coordinates":[2.140345061444959,48.95147415724657]},"properties":{"id":"IDFM:C02686","route_long_name":"63","stop_id":"IDFM:491997","stop_name":"Muette","stop_lon":"2.140345061444959","stop_lat":"48.95147415724657","operatorname":"Keolis Argenteuil Boucles de Seine","shortname":"63","bookingrules":null,"mode":"Bus","nom_commune":"Maisons-Laffitte","code_insee":"78358"}},{"type":"Feature","geometry":{"type":"Point","coordinates":[2.1365548252260282,48.93879374249152]},"properties":{"id":"IDFM:C02686","route_long_name":"63","stop_id":"IDFM:35056","stop_name":"Procession","stop_lon":"2.1365548252260282","stop_lat":"48.93879374249152","operatorname":"Keolis Argenteuil Boucles de Seine","shortname":"63","bookingrules":null,"mode":"Bus","nom_commune":"Le Mesnil-le-Roi","code_insee":"78396"}},{"type":"Feature","geometry":{"type":"Point","coordinates":[2.1682701976891448,48.90441228544355]},"properties":{"id":"IDFM:C02146","route_long_name":"S4","stop_id":"IDFM:32147","stop_name":"Monceau","stop_lon":"2.1682701976891448","stop_lat":"48.90441228544355","operatorname":"Keolis Argenteuil Boucles de Seine","shortname":"S4","bookingrules":null,"mode":"Bus","nom_commune":"Carri\u00e8res-sur-Seine","code_insee":"78124"}},{"type":"Feature","geometry":{"type":"Point","coordinates":[2.1750352558113275,48.90708511459551]},"properties":{"id":"IDFM:C02146","route_long_name":"S4","stop_id":"IDFM:32133","stop_name":"\u00c9galit\u00e9","stop_lon":"2.1750352558113275","stop_lat":"48.90708511459551","operatorname":"Keolis Argenteuil Boucles de Seine","shortname":"S4","bookingrules":null,"mode":"Bus","nom_commune":"Carri\u00e8res-sur-Seine","code_insee":"78124"}},{"type":"Feature","geometry":{"type":"Point","coordinates":[2.1878394949292472,48.909241066390656]},"properties":{"id":"IDFM:C02146","route_long_name":"S4","stop_id":"IDFM:32368","stop_name":"3 Buttes","stop_lon":"2.1878394949292472","stop_lat":"48.909241066390656","operatorname":"Keolis Argenteuil Boucles de Seine","shortname":"S4","bookingrules":null,"mode":"Bus","nom_commune":"Carri\u00e8res-sur-Seine","code_insee":"78124"}},{"type":"Feature","geometry":{"type":"Point","coordinates":[2.170502127567754,48.905605886949324]},"properties":{"id":"IDFM:C02146","route_long_name":"S4","stop_id":"IDFM:32015","stop_name":"Bercail","stop_lon":"2.170502127567754","stop_lat":"48.905605886949324","operatorname":"Keolis Argenteuil Boucles de Seine","shortname":"S4","bookingrules":null,"mode":"Bus","nom_commune":"Carri\u00e8res-sur-Seine","code_insee":"78124"}},{"type":"Feature","geometry":{"type":"Point","coordinates":[2.141132312567678,48.92778309013487]},"properties":{"id":"IDFM:C02147","route_long_name":"S7","stop_id":"IDFM:32068","stop_name":"Ferdinand Buisson","stop_lon":"2.141132312567678","stop_lat":"48.92778309013487","operatorname":"Keolis Argenteuil Boucles de Seine","shortname":"S7","bookingrules":null,"mode":"Bus","nom_commune":"Montesson","code_insee":"78418"}},{"type":"Feature","geometry":{"type":"Point","coordinates":[2.1589578005577317,48.9370195315867]},"properties":{"id":"IDFM:C02147","route_long_name":"S7","stop_id":"IDFM:7683","stop_name":"Gare de Sartrouville","stop_lon":"2.1589578005577317","stop_lat":"48.9370195315867","operatorname":"Keolis Argenteuil Boucles de Seine","shortname":"S7","bookingrules":null,"mode":"Bus","nom_commune":"Sartrouville","code_insee":"78586"}},{"type":"Feature","geometry":{"type":"Point","coordinates":[2.14113038284729,48.927899987342094]},"properties":{"id":"IDFM:C02147","route_long_name":"S7","stop_id":"IDFM:32067","stop_name":"Ferdinand Buisson","stop_lon":"2.14113038284729","stop_lat":"48.927899987342094","operatorname":"Keolis Argenteuil Boucles de Seine","shortname":"S7","bookingrules":null,"mode":"Bus","nom_commune":"Montesson","code_insee":"78418"}},{"type":"Feature","geometry":{"type":"Point","coordinates":[2.146324938024932,48.91159642990852]},"properties":{"id":"IDFM:C02148","route_long_name":"S1","stop_id":"IDFM:32367","stop_name":"Cimeti\u00e8re","stop_lon":"2.146324938024932","stop_lat":"48.91159642990852","operatorname":"Keolis Argenteuil Boucles de Seine","shortname":"S1","bookingrules":null,"mode":"Bus","nom_commune":"Montesson","code_insee":"78418"}},{"type":"Feature","geometry":{"type":"Point","coordinates":[2.1532708665885174,48.93501000686132]},"properties":{"id":"IDFM:C02148","route_long_name":"S1","stop_id":"IDFM:32219","stop_name":"Strasbourg","stop_lon":"2.1532708665885174","stop_lat":"48.93501000686132","operatorname":"Keolis Argenteuil Boucles de Seine","shortname":"S1","bookingrules":null,"mode":"Bus","nom_commune":"Sartrouville","code_insee":"78586"}},{"type":"Feature","geometry":{"type":"Point","coordinates":[2.1435460587570576,48.929563022659664]},"properties":{"id":"IDFM:C02148","route_long_name":"S1","stop_id":"IDFM:460439","stop_name":"Centre Commercial","stop_lon":"2.1435460587570576","stop_lat":"48.929563022659664","operatorname":"Keolis Argenteuil Boucles de Seine","shortname":"S1","bookingrules":null,"mode":"Bus","nom_commune":"Montesson","code_insee":"78418"}},{"type":"Feature","geometry":{"type":"Point","coordinates":[2.14113038284729,48.927899987342094]},"properties":{"id":"IDFM:C02148","route_long_name":"S1","stop_id":"IDFM:32067","stop_name":"Ferdinand Buisson","stop_lon":"2.14113038284729","stop_lat":"48.927899987342094","operatorname":"Keolis Argenteuil Boucles de Seine","shortname":"S1","bookingrules":null,"mode":"Bus","nom_commune":"Montesson","code_insee":"78418"}},{"type":"Feature","geometry":{"type":"Point","coordinates":[2.1331261316612946,48.922545362878274]},"properties":{"id":"IDFM:C02148","route_long_name":"S1","stop_id":"IDFM:460477","stop_name":"Th\u00e9ophile Roussel","stop_lon":"2.1331261316612946","stop_lat":"48.922545362878274","operatorname":"Keolis Argenteuil Boucles de Seine","shortname":"S1","bookingrules":null,"mode":"Bus","nom_commune":"Montesson","code_insee":"78418"}},{"type":"Feature","geometry":{"type":"Point","coordinates":[2.1323643922839457,48.92075919198453]},"properties":{"id":"IDFM:C02148","route_long_name":"S1","stop_id":"IDFM:32166","stop_name":"P\u00e9ri Borde","stop_lon":"2.1323643922839457","stop_lat":"48.92075919198453","operatorname":"Keolis Argenteuil Boucles de Seine","shortname":"S1","bookingrules":null,"mode":"Bus","nom_commune":"Montesson","code_insee":"78418"}},{"type":"Feature","geometry":{"type":"Point","coordinates":[2.1519730601086446,48.93423641845924]},"properties":{"id":"IDFM:C02149","route_long_name":"B","stop_id":"IDFM:32218","stop_name":"Strasbourg","stop_lon":"2.1519730601086446","stop_lat":"48.93423641845924","operatorname":"Keolis Argenteuil Boucles de Seine","shortname":"B","bookingrules":null,"mode":"Bus","nom_commune":"Sartrouville","code_insee":"78586"}},{"type":"Feature","geometry":{"type":"Point","coordinates":[2.14113038284729,48.927899987342094]},"properties":{"id":"IDFM:C02149","route_long_name":"B","stop_id":"IDFM:32067","stop_name":"Ferdinand Buisson","stop_lon":"2.14113038284729","stop_lat":"48.927899987342094","operatorname":"Keolis Argenteuil Boucles de Seine","shortname":"B","bookingrules":null,"mode":"Bus","nom_commune":"Montesson","code_insee":"78418"}},{"type":"Feature","geometry":{"type":"Point","coordinates":[2.1331261316612946,48.922545362878274]},"properties":{"id":"IDFM:C02149","route_long_name":"B","stop_id":"IDFM:460477","stop_name":"Th\u00e9ophile Roussel","stop_lon":"2.1331261316612946","stop_lat":"48.922545362878274","operatorname":"Keolis Argenteuil Boucles de Seine","shortname":"B","bookingrules":null,"mode":"Bus","nom_commune":"Montesson","code_insee":"78418"}},{"type":"Feature","geometry":{"type":"Point","coordinates":[2.1323643922839457,48.92075919198453]},"properties":{"id":"IDFM:C02149","route_long_name":"B","stop_id":"IDFM:32166","stop_name":"P\u00e9ri Borde","stop_lon":"2.1323643922839457","stop_lat":"48.92075919198453","operatorname":"Keolis Argenteuil Boucles de Seine","shortname":"B","bookingrules":null,"mode":"Bus","nom_commune":"Montesson","code_insee":"78418"}},{"type":"Feature","geometry":{"type":"Point","coordinates":[2.1556909408925464,48.90280439885476]},"properties":{"id":"IDFM:C02149","route_long_name":"B","stop_id":"IDFM:474311","stop_name":"Renoir","stop_lon":"2.1556909408925464","stop_lat":"48.90280439885476","operatorname":"Keolis Argenteuil Boucles de Seine","shortname":"B","bookingrules":null,"mode":"Bus","nom_commune":"Chatou","code_insee":"78146"}},{"type":"Feature","geometry":{"type":"Point","coordinates":[2.151128644733302,48.89313123519673]},"properties":{"id":"IDFM:C02149","route_long_name":"B","stop_id":"IDFM:32189","stop_name":"R\u00e9publique Path\u00e9","stop_lon":"2.151128644733302","stop_lat":"48.89313123519673","operatorname":"Keolis Argenteuil Boucles de Seine","shortname":"B","bookingrules":null,"mode":"Bus","nom_commune":"Chatou","code_insee":"78146"}},{"type":"Feature","geometry":{"type":"Point","coordinates":[2.1528317958672023,48.890724061420734]},"properties":{"id":"IDFM:C02149","route_long_name":"B","stop_id":"IDFM:32162","stop_name":"Paul Bert","stop_lon":"2.1528317958672023","stop_lat":"48.890724061420734","operatorname":"Keolis Argenteuil Boucles de Seine","shortname":"B","bookingrules":null,"mode":"Bus","nom_commune":"Chatou","code_insee":"78146"}},{"type":"Feature","geometry":{"type":"Point","coordinates":[2.1523296091695556,48.90900403705262]},"properties":{"id":"IDFM:C02149","route_long_name":"B","stop_id":"IDFM:32121","stop_name":"G\u00e9n\u00e9ral Leclerc","stop_lon":"2.1523296091695556","stop_lat":"48.90900403705262","operatorname":"Keolis Argenteuil Boucles de Seine","shortname":"B","bookingrules":null,"mode":"Bus","nom_commune":"Montesson","code_insee":"78418"}},{"type":"Feature","geometry":{"type":"Point","coordinates":[2.141770287478136,48.91061958958242]},"properties":{"id":"IDFM:C02150","route_long_name":"F","stop_id":"IDFM:32030","stop_name":"Coll\u00e8ge Pablo Picasso","stop_lon":"2.141770287478136","stop_lat":"48.91061958958242","operatorname":"Keolis Argenteuil Boucles de Seine","shortname":"F","bookingrules":null,"mode":"Bus","nom_commune":"Montesson","code_insee":"78418"}},{"type":"Feature","geometry":{"type":"Point","coordinates":[2.128729936605441,48.90961712732201]},"properties":{"id":"IDFM:C02150","route_long_name":"F","stop_id":"IDFM:32054","stop_name":"Cormeilles","stop_lon":"2.128729936605441","stop_lat":"48.90961712732201","operatorname":"Keolis Argenteuil Boucles de Seine","shortname":"F","bookingrules":null,"mode":"Bus","nom_commune":"Chatou","code_insee":"78146"}},{"type":"Feature","geometry":{"type":"Point","coordinates":[2.136843449390995,48.90988271209638]},"properties":{"id":"IDFM:C02150","route_long_name":"F","stop_id":"IDFM:32204","stop_name":"Sablons Darcis","stop_lon":"2.136843449390995","stop_lat":"48.90988271209638","operatorname":"Keolis Argenteuil Boucles de Seine","shortname":"F","bookingrules":null,"mode":"Bus","nom_commune":"Chatou","code_insee":"78146"}},{"type":"Feature","geometry":{"type":"Point","coordinates":[2.146324938024932,48.91159642990852]},"properties":{"id":"IDFM:C02150","route_long_name":"F","stop_id":"IDFM:32367","stop_name":"Cimeti\u00e8re","stop_lon":"2.146324938024932","stop_lat":"48.91159642990852","operatorname":"Keolis Argenteuil Boucles de Seine","shortname":"F","bookingrules":null,"mode":"Bus","nom_commune":"Montesson","code_insee":"78418"}},{"type":"Feature","geometry":{"type":"Point","coordinates":[2.1494434536716747,48.907787468395334]},"properties":{"id":"IDFM:C02150","route_long_name":"F","stop_id":"IDFM:32065","stop_name":"\u00c9glise","stop_lon":"2.1494434536716747","stop_lat":"48.907787468395334","operatorname":"Keolis Argenteuil Boucles de Seine","shortname":"F","bookingrules":null,"mode":"Bus","nom_commune":"Montesson","code_insee":"78418"}},{"type":"Feature","geometry":{"type":"Point","coordinates":[2.1833825519652392,48.91156699677283]},"properties":{"id":"IDFM:C02151","route_long_name":"S5","stop_id":"IDFM:32205","stop_name":"Salle des F\u00eates","stop_lon":"2.1833825519652392","stop_lat":"48.91156699677283","operatorname":"Keolis Argenteuil Boucles de Seine","shortname":"S5","bookingrules":null,"mode":"Bus","nom_commune":"Carri\u00e8res-sur-Seine","code_insee":"78124"}},{"type":"Feature","geometry":{"type":"Point","coordinates":[2.198286233620204,48.912162293932774]},"properties":{"id":"IDFM:C02151","route_long_name":"S5","stop_id":"IDFM:474319","stop_name":"Z.I. des Amandiers","stop_lon":"2.198286233620204","stop_lat":"48.912162293932774","operatorname":"Keolis Argenteuil Boucles de Seine","shortname":"S5","bookingrules":null,"mode":"Bus","nom_commune":"Carri\u00e8res-sur-Seine","code_insee":"78124"}},{"type":"Feature","geometry":{"type":"Point","coordinates":[2.119889993013923,48.909552503956434]},"properties":{"id":"IDFM:C02152","route_long_name":"P","stop_id":"IDFM:32016","stop_name":"Gabriel P\u00e9ri","stop_lon":"2.119889993013923","stop_lat":"48.909552503956434","operatorname":"Keolis Argenteuil Boucles de Seine","shortname":"P","bookingrules":null,"mode":"Bus","nom_commune":"Montesson","code_insee":"78418"}},{"type":"Feature","geometry":{"type":"Point","coordinates":[2.1267358295935344,48.90811870687795]},"properties":{"id":"IDFM:C02152","route_long_name":"P","stop_id":"IDFM:32341","stop_name":"Roger Salengro","stop_lon":"2.1267358295935344","stop_lat":"48.90811870687795","operatorname":"Keolis Argenteuil Boucles de Seine","shortname":"P","bookingrules":null,"mode":"Bus","nom_commune":"Chatou","code_insee":"78146"}},{"type":"Feature","geometry":{"type":"Point","coordinates":[2.146691849437424,48.905861313522244]},"properties":{"id":"IDFM:C02152","route_long_name":"P","stop_id":"IDFM:32344","stop_name":"Aristide Briand","stop_lon":"2.146691849437424","stop_lat":"48.905861313522244","operatorname":"Keolis Argenteuil Boucles de Seine","shortname":"P","bookingrules":null,"mode":"Bus","nom_commune":"Montesson","code_insee":"78418"}},{"type":"Feature","geometry":{"type":"Point","coordinates":[2.178737957860779,48.91624769567262]},"properties":{"id":"IDFM:C02152","route_long_name":"P","stop_id":"IDFM:23937","stop_name":"Buzenval","stop_lon":"2.178737957860779","stop_lat":"48.91624769567262","operatorname":"Keolis Argenteuil Boucles de Seine","shortname":"P","bookingrules":null,"mode":"Bus","nom_commune":"Carri\u00e8res-sur-Seine","code_insee":"78124"}},{"type":"Feature","geometry":{"type":"Point","coordinates":[2.1812211802629204,48.917128039822025]},"properties":{"id":"IDFM:C02152","route_long_name":"P","stop_id":"IDFM:23939","stop_name":"Gandillet","stop_lon":"2.1812211802629204","stop_lat":"48.917128039822025","operatorname":"Keolis Argenteuil Boucles de Seine","shortname":"P","bookingrules":null,"mode":"Bus","nom_commune":"Carri\u00e8res-sur-Seine","code_insee":"78124"}},{"type":"Feature","geometry":{"type":"Point","coordinates":[2.185974067206845,48.91947167541627]},"properties":{"id":"IDFM:C02152","route_long_name":"P","stop_id":"IDFM:417901","stop_name":"Gare de Houilles - Carri\u00e8res-sur-Seine","stop_lon":"2.185974067206845","stop_lat":"48.91947167541627","operatorname":"Keolis Argenteuil Boucles de Seine","shortname":"P","bookingrules":null,"mode":"Bus","nom_commune":"Houilles","code_insee":"78311"}},{"type":"Feature","geometry":{"type":"Point","coordinates":[2.1553850834543495,48.90736185940447]},"properties":{"id":"IDFM:C02152","route_long_name":"P","stop_id":"IDFM:32337","stop_name":"Champs Roger","stop_lon":"2.1553850834543495","stop_lat":"48.90736185940447","operatorname":"Keolis Argenteuil Boucles de Seine","shortname":"P","bookingrules":null,"mode":"Bus","nom_commune":"Montesson","code_insee":"78418"}},{"type":"Feature","geometry":{"type":"Point","coordinates":[2.1523296091695556,48.90900403705262]},"properties":{"id":"IDFM:C02152","route_long_name":"P","stop_id":"IDFM:32121","stop_name":"G\u00e9n\u00e9ral Leclerc","stop_lon":"2.1523296091695556","stop_lat":"48.90900403705262","operatorname":"Keolis Argenteuil Boucles de Seine","shortname":"P","bookingrules":null,"mode":"Bus","nom_commune":"Montesson","code_insee":"78418"}},{"type":"Feature","geometry":{"type":"Point","coordinates":[2.141770287478136,48.91061958958242]},"properties":{"id":"IDFM:C02152","route_long_name":"P","stop_id":"IDFM:32030","stop_name":"Coll\u00e8ge Pablo Picasso","stop_lon":"2.141770287478136","stop_lat":"48.91061958958242","operatorname":"Keolis Argenteuil Boucles de Seine","shortname":"P","bookingrules":null,"mode":"Bus","nom_commune":"Montesson","code_insee":"78418"}},{"type":"Feature","geometry":{"type":"Point","coordinates":[2.128729936605441,48.90961712732201]},"properties":{"id":"IDFM:C02153","route_long_name":"S2","stop_id":"IDFM:32054","stop_name":"Cormeilles","stop_lon":"2.128729936605441","stop_lat":"48.90961712732201","operatorname":"Keolis Argenteuil Boucles de Seine","shortname":"S2","bookingrules":null,"mode":"Bus","nom_commune":"Chatou","code_insee":"78146"}},{"type":"Feature","geometry":{"type":"Point","coordinates":[2.132087649837766,48.90871519028165]},"properties":{"id":"IDFM:C02153","route_long_name":"S2","stop_id":"IDFM:32221","stop_name":"Terres Blanches","stop_lon":"2.132087649837766","stop_lat":"48.90871519028165","operatorname":"Keolis Argenteuil Boucles de Seine","shortname":"S2","bookingrules":null,"mode":"Bus","nom_commune":"Chatou","code_insee":"78146"}},{"type":"Feature","geometry":{"type":"Point","coordinates":[2.141853178498029,48.910557230332216]},"properties":{"id":"IDFM:C02153","route_long_name":"S2","stop_id":"IDFM:32031","stop_name":"Coll\u00e8ge Pablo Picasso","stop_lon":"2.141853178498029","stop_lat":"48.910557230332216","operatorname":"Keolis Argenteuil Boucles de Seine","shortname":"S2","bookingrules":null,"mode":"Bus","nom_commune":"Montesson","code_insee":"78418"}},{"type":"Feature","geometry":{"type":"Point","coordinates":[2.146324938024932,48.91159642990852]},"properties":{"id":"IDFM:C02153","route_long_name":"S2","stop_id":"IDFM:32367","stop_name":"Cimeti\u00e8re","stop_lon":"2.146324938024932","stop_lat":"48.91159642990852","operatorname":"Keolis Argenteuil Boucles de Seine","shortname":"S2","bookingrules":null,"mode":"Bus","nom_commune":"Montesson","code_insee":"78418"}},{"type":"Feature","geometry":{"type":"Point","coordinates":[2.146691849437424,48.905861313522244]},"properties":{"id":"IDFM:C02153","route_long_name":"S2","stop_id":"IDFM:32344","stop_name":"Aristide Briand","stop_lon":"2.146691849437424","stop_lat":"48.905861313522244","operatorname":"Keolis Argenteuil Boucles de Seine","shortname":"S2","bookingrules":null,"mode":"Bus","nom_commune":"Montesson","code_insee":"78418"}},{"type":"Feature","geometry":{"type":"Point","coordinates":[2.1510126612250313,48.90609886375309]},"properties":{"id":"IDFM:C02153","route_long_name":"S2","stop_id":"IDFM:32371","stop_name":"Poste","stop_lon":"2.1510126612250313","stop_lat":"48.90609886375309","operatorname":"Keolis Argenteuil Boucles de Seine","shortname":"S2","bookingrules":null,"mode":"Bus","nom_commune":"Montesson","code_insee":"78418"}},{"type":"Feature","geometry":{"type":"Point","coordinates":[2.1634990760259556,48.92880465181998]},"properties":{"id":"IDFM:C02153","route_long_name":"S2","stop_id":"IDFM:32123","stop_name":"Lyc\u00e9e Evariste Galois","stop_lon":"2.1634990760259556","stop_lat":"48.92880465181998","operatorname":"Keolis Argenteuil Boucles de Seine","shortname":"S2","bookingrules":null,"mode":"Bus","nom_commune":"Sartrouville","code_insee":"78586"}},{"type":"Feature","geometry":{"type":"Point","coordinates":[2.1523296091695556,48.90900403705262]},"properties":{"id":"IDFM:C02153","route_long_name":"S2","stop_id":"IDFM:32121","stop_name":"G\u00e9n\u00e9ral Leclerc","stop_lon":"2.1523296091695556","stop_lat":"48.90900403705262","operatorname":"Keolis Argenteuil Boucles de Seine","shortname":"S2","bookingrules":null,"mode":"Bus","nom_commune":"Montesson","code_insee":"78418"}},{"type":"Feature","geometry":{"type":"Point","coordinates":[2.152060763779523,48.91043206789756]},"properties":{"id":"IDFM:C02153","route_long_name":"S2","stop_id":"IDFM:32230","stop_name":"Victor Hugo","stop_lon":"2.152060763779523","stop_lat":"48.91043206789756","operatorname":"Keolis Argenteuil Boucles de Seine","shortname":"S2","bookingrules":null,"mode":"Bus","nom_commune":"Montesson","code_insee":"78418"}},{"type":"Feature","geometry":{"type":"Point","coordinates":[2.1460387415274402,48.911576403475294]},"properties":{"id":"IDFM:C02153","route_long_name":"S2","stop_id":"IDFM:32339","stop_name":"Cimeti\u00e8re","stop_lon":"2.1460387415274402","stop_lat":"48.911576403475294","operatorname":"Keolis Argenteuil Boucles de Seine","shortname":"S2","bookingrules":null,"mode":"Bus","nom_commune":"Montesson","code_insee":"78418"}},{"type":"Feature","geometry":{"type":"Point","coordinates":[2.132374125027662,48.90871726561633]},"properties":{"id":"IDFM:C02153","route_long_name":"S2","stop_id":"IDFM:32220","stop_name":"Terres Blanches","stop_lon":"2.132374125027662","stop_lat":"48.90871726561633","operatorname":"Keolis Argenteuil Boucles de Seine","shortname":"S2","bookingrules":null,"mode":"Bus","nom_commune":"Chatou","code_insee":"78146"}},{"type":"Feature","geometry":{"type":"Point","coordinates":[2.1292042438965946,48.90980943600082]},"properties":{"id":"IDFM:C02153","route_long_name":"S2","stop_id":"IDFM:32053","stop_name":"Cormeilles","stop_lon":"2.1292042438965946","stop_lat":"48.90980943600082","operatorname":"Keolis Argenteuil Boucles de Seine","shortname":"S2","bookingrules":null,"mode":"Bus","nom_commune":"Chatou","code_insee":"78146"}},{"type":"Feature","geometry":{"type":"Point","coordinates":[2.0770894734928076,48.89419333126797]},"properties":{"id":"IDFM:C02360","route_long_name":"56","stop_id":"IDFM:32319","stop_name":"Nicot \/ \u00c9cole Notre-Dame","stop_lon":"2.0770894734928076","stop_lat":"48.89419333126797","operatorname":"Keolis Argenteuil Boucles de Seine","shortname":"56","bookingrules":null,"mode":"Bus","nom_commune":"Saint-Germain-en-Laye","code_insee":"78551"}},{"type":"Feature","geometry":{"type":"Point","coordinates":[2.085743448595089,48.89227214837686]},"properties":{"id":"IDFM:C02360","route_long_name":"56","stop_id":"IDFM:32317","stop_name":"Prieur\u00e9","stop_lon":"2.085743448595089","stop_lat":"48.89227214837686","operatorname":"Keolis Argenteuil Boucles de Seine","shortname":"56","bookingrules":null,"mode":"Bus","nom_commune":"Saint-Germain-en-Laye","code_insee":"78551"}},{"type":"Feature","geometry":{"type":"Point","coordinates":[2.088068532492926,48.890347276289965]},"properties":{"id":"IDFM:C02360","route_long_name":"56","stop_id":"IDFM:32314","stop_name":"Feuillencourt","stop_lon":"2.088068532492926","stop_lat":"48.890347276289965","operatorname":"Keolis Argenteuil Boucles de Seine","shortname":"56","bookingrules":null,"mode":"Bus","nom_commune":"Saint-Germain-en-Laye","code_insee":"78551"}},{"type":"Feature","geometry":{"type":"Point","coordinates":[2.104561522420052,48.891703859565666]},"properties":{"id":"IDFM:C02360","route_long_name":"56","stop_id":"IDFM:34442","stop_name":"Jean Moulin","stop_lon":"2.104561522420052","stop_lat":"48.891703859565666","operatorname":"Keolis Argenteuil Boucles de Seine","shortname":"56","bookingrules":null,"mode":"Bus","nom_commune":"Le Pecq","code_insee":"78481"}},{"type":"Feature","geometry":{"type":"Point","coordinates":[2.115430448041923,48.89659614823104]},"properties":{"id":"IDFM:C02360","route_long_name":"56","stop_id":"IDFM:32290","stop_name":"Route de Croissy","stop_lon":"2.115430448041923","stop_lat":"48.89659614823104","operatorname":"Keolis Argenteuil Boucles de Seine","shortname":"56","bookingrules":null,"mode":"Bus","nom_commune":"Le Pecq","code_insee":"78481"}},{"type":"Feature","geometry":{"type":"Point","coordinates":[2.1260652246924585,48.888741992527095]},"properties":{"id":"IDFM:C02360","route_long_name":"56","stop_id":"IDFM:32271","stop_name":"All\u00e9e de la Gare","stop_lon":"2.1260652246924585","stop_lat":"48.888741992527095","operatorname":"Keolis Argenteuil Boucles de Seine","shortname":"56","bookingrules":null,"mode":"Bus","nom_commune":"Le V\u00e9sinet","code_insee":"78650"}},{"type":"Feature","geometry":{"type":"Point","coordinates":[2.0647833882872133,48.894367661702205]},"properties":{"id":"IDFM:C02360","route_long_name":"56","stop_id":"IDFM:32320","stop_name":"Verdi","stop_lon":"2.0647833882872133","stop_lat":"48.894367661702205","operatorname":"Keolis Argenteuil Boucles de Seine","shortname":"56","bookingrules":null,"mode":"Bus","nom_commune":"Saint-Germain-en-Laye","code_insee":"78551"}},{"type":"Feature","geometry":{"type":"Point","coordinates":[2.0616201655611315,48.897328765925856]},"properties":{"id":"IDFM:C02360","route_long_name":"56","stop_id":"IDFM:483810","stop_name":"Lyc\u00e9e International","stop_lon":"2.0616201655611315","stop_lat":"48.897328765925856","operatorname":"Keolis Argenteuil Boucles de Seine","shortname":"56","bookingrules":null,"mode":"Bus","nom_commune":"Saint-Germain-en-Laye","code_insee":"78551"}},{"type":"Feature","geometry":{"type":"Point","coordinates":[2.102829883410013,48.875052790380245]},"properties":{"id":"IDFM:C02361","route_long_name":"57","stop_id":"IDFM:32297","stop_name":"Marly Soleil","stop_lon":"2.102829883410013","stop_lat":"48.875052790380245","operatorname":"Keolis Argenteuil Boucles de Seine","shortname":"57","bookingrules":null,"mode":"Bus","nom_commune":"Le Port-Marly","code_insee":"78502"}},{"type":"Feature","geometry":{"type":"Point","coordinates":[2.1187508432211235,48.86401891483686]},"properties":{"id":"IDFM:C02361","route_long_name":"57","stop_id":"IDFM:32253","stop_name":"La Machine","stop_lon":"2.1187508432211235","stop_lat":"48.86401891483686","operatorname":"Keolis Argenteuil Boucles de Seine","shortname":"57","bookingrules":null,"mode":"Bus","nom_commune":"Louveciennes","code_insee":"78350"}},{"type":"Feature","geometry":{"type":"Point","coordinates":[2.1990963145729423,48.9650285524122]},"properties":{"id":"IDFM:C01681","route_long_name":"3","stop_id":"IDFM:474386","stop_name":"Rue Charles Fourier","stop_lon":"2.1990963145729423","stop_lat":"48.9650285524122","operatorname":"Keolis Argenteuil Boucles de Seine","shortname":"3","bookingrules":null,"mode":"Bus","nom_commune":"Cormeilles-en-Parisis","code_insee":"95176"}},{"type":"Feature","geometry":{"type":"Point","coordinates":[2.197834434583271,48.95829349901621]},"properties":{"id":"IDFM:C01681","route_long_name":"3","stop_id":"IDFM:11248","stop_name":"Place des Arts","stop_lon":"2.197834434583271","stop_lat":"48.95829349901621","operatorname":"Keolis Argenteuil Boucles de Seine","shortname":"3","bookingrules":null,"mode":"Bus","nom_commune":"Cormeilles-en-Parisis","code_insee":"95176"}},{"type":"Feature","geometry":{"type":"Point","coordinates":[2.215429144623291,48.93349054079447]},"properties":{"id":"IDFM:C01681","route_long_name":"3","stop_id":"IDFM:7585","stop_name":"Colonel Fabien","stop_lon":"2.215429144623291","stop_lat":"48.93349054079447","operatorname":"Keolis Argenteuil Boucles de Seine","shortname":"3","bookingrules":null,"mode":"Bus","nom_commune":"Bezons","code_insee":"95063"}},{"type":"Feature","geometry":{"type":"Point","coordinates":[2.1906950181740035,48.95899192964093]},"properties":{"id":"IDFM:C01681","route_long_name":"3","stop_id":"IDFM:417896","stop_name":"Coll\u00e8ge Louis Hayet","stop_lon":"2.1906950181740035","stop_lat":"48.95899192964093","operatorname":"Keolis Argenteuil Boucles de Seine","shortname":"3","bookingrules":null,"mode":"Bus","nom_commune":"Cormeilles-en-Parisis","code_insee":"95176"}},{"type":"Feature","geometry":{"type":"Point","coordinates":[2.1918450020290896,48.96408062599434]},"properties":{"id":"IDFM:C01681","route_long_name":"3","stop_id":"IDFM:5364","stop_name":"\u00c9douard Imbs","stop_lon":"2.1918450020290896","stop_lat":"48.96408062599434","operatorname":"Keolis Argenteuil Boucles de Seine","shortname":"3","bookingrules":null,"mode":"Bus","nom_commune":"Cormeilles-en-Parisis","code_insee":"95176"}},{"type":"Feature","geometry":{"type":"Point","coordinates":[2.2053805927688077,48.965816757135656]},"properties":{"id":"IDFM:C01681","route_long_name":"3","stop_id":"IDFM:419832","stop_name":"Les Feuillets","stop_lon":"2.2053805927688077","stop_lat":"48.965816757135656","operatorname":"Keolis Argenteuil Boucles de Seine","shortname":"3","bookingrules":null,"mode":"Bus","nom_commune":"Cormeilles-en-Parisis","code_insee":"95176"}},{"type":"Feature","geometry":{"type":"Point","coordinates":[2.254402426153059,48.958955353130115]},"properties":{"id":"IDFM:C00303","route_long_name":"18","stop_id":"IDFM:7517","stop_name":"Nobleterre","stop_lon":"2.254402426153059","stop_lat":"48.958955353130115","operatorname":"Keolis Argenteuil Boucles de Seine","shortname":"18","bookingrules":null,"mode":"Bus","nom_commune":"Argenteuil","code_insee":"95018"}},{"type":"Feature","geometry":{"type":"Point","coordinates":[2.244399608162589,48.959396332796175]},"properties":{"id":"IDFM:C00303","route_long_name":"18","stop_id":"IDFM:7544","stop_name":"Ren\u00e9 Briand","stop_lon":"2.244399608162589","stop_lat":"48.959396332796175","operatorname":"Keolis Argenteuil Boucles de Seine","shortname":"18","bookingrules":null,"mode":"Bus","nom_commune":"Argenteuil","code_insee":"95018"}},{"type":"Feature","geometry":{"type":"Point","coordinates":[2.255539015861773,48.958737596022274]},"properties":{"id":"IDFM:C00303","route_long_name":"18","stop_id":"IDFM:7418","stop_name":"Balsamines","stop_lon":"2.255539015861773","stop_lat":"48.958737596022274","operatorname":"Keolis Argenteuil Boucles de Seine","shortname":"18","bookingrules":null,"mode":"Bus","nom_commune":"Argenteuil","code_insee":"95018"}},{"type":"Feature","geometry":{"type":"Point","coordinates":[2.253587446589058,48.95018229915761]},"properties":{"id":"IDFM:C00303","route_long_name":"18","stop_id":"IDFM:5077","stop_name":"Jean Allemane","stop_lon":"2.253587446589058","stop_lat":"48.95018229915761","operatorname":"Keolis Argenteuil Boucles de Seine","shortname":"18","bookingrules":null,"mode":"Bus","nom_commune":"Argenteuil","code_insee":"95018"}},{"type":"Feature","geometry":{"type":"Point","coordinates":[2.2174961319571502,48.92311706734463]},"properties":{"id":"IDFM:C00306","route_long_name":"34","stop_id":"IDFM:21515","stop_name":"Pont de Bezons","stop_lon":"2.2174961319571502","stop_lat":"48.92311706734463","operatorname":"Keolis Argenteuil Boucles de Seine","shortname":"34","bookingrules":null,"mode":"Bus","nom_commune":"Bezons","code_insee":"95063"}},{"type":"Feature","geometry":{"type":"Point","coordinates":[2.21401590635827,48.93216829847393]},"properties":{"id":"IDFM:C00306","route_long_name":"34","stop_id":"IDFM:7592","stop_name":"Parmentier","stop_lon":"2.21401590635827","stop_lat":"48.93216829847393","operatorname":"Keolis Argenteuil Boucles de Seine","shortname":"34","bookingrules":null,"mode":"Bus","nom_commune":"Bezons","code_insee":"95063"}},{"type":"Feature","geometry":{"type":"Point","coordinates":[2.2257807405526897,48.93406146881755]},"properties":{"id":"IDFM:C00306","route_long_name":"34","stop_id":"IDFM:13096","stop_name":"Marseillaise","stop_lon":"2.2257807405526897","stop_lat":"48.93406146881755","operatorname":"Keolis Argenteuil Boucles de Seine","shortname":"34","bookingrules":null,"mode":"Bus","nom_commune":"Argenteuil","code_insee":"95018"}},{"type":"Feature","geometry":{"type":"Point","coordinates":[2.2315992657758774,48.94489945278439]},"properties":{"id":"IDFM:C00306","route_long_name":"34","stop_id":"IDFM:7499","stop_name":"Square Aquitaine","stop_lon":"2.2315992657758774","stop_lat":"48.94489945278439","operatorname":"Keolis Argenteuil Boucles de Seine","shortname":"34","bookingrules":null,"mode":"Bus","nom_commune":"Argenteuil","code_insee":"95018"}},{"type":"Feature","geometry":{"type":"Point","coordinates":[2.2332444477563165,48.94628590110434]},"properties":{"id":"IDFM:C00306","route_long_name":"34","stop_id":"IDFM:7533","stop_name":"Place Fran\u00e7ois Rabelais","stop_lon":"2.2332444477563165","stop_lat":"48.94628590110434","operatorname":"Keolis Argenteuil Boucles de Seine","shortname":"34","bookingrules":null,"mode":"Bus","nom_commune":"Argenteuil","code_insee":"95018"}},{"type":"Feature","geometry":{"type":"Point","coordinates":[2.228048832325532,48.96058714526593]},"properties":{"id":"IDFM:C00306","route_long_name":"34","stop_id":"IDFM:17600","stop_name":"Robespierre","stop_lon":"2.228048832325532","stop_lat":"48.96058714526593","operatorname":"Keolis Argenteuil Boucles de Seine","shortname":"34","bookingrules":null,"mode":"Bus","nom_commune":"Argenteuil","code_insee":"95018"}},{"type":"Feature","geometry":{"type":"Point","coordinates":[2.2284737563279924,48.963242747043395]},"properties":{"id":"IDFM:C00306","route_long_name":"34","stop_id":"IDFM:17599","stop_name":"Douce F\u00e8ve","stop_lon":"2.2284737563279924","stop_lat":"48.963242747043395","operatorname":"Keolis Argenteuil Boucles de Seine","shortname":"34","bookingrules":null,"mode":"Bus","nom_commune":"Argenteuil","code_insee":"95018"}},{"type":"Feature","geometry":{"type":"Point","coordinates":[2.225992614831684,48.96018720060447]},"properties":{"id":"IDFM:C00306","route_long_name":"34","stop_id":"IDFM:7520","stop_name":"Passemay","stop_lon":"2.225992614831684","stop_lat":"48.96018720060447","operatorname":"Keolis Argenteuil Boucles de Seine","shortname":"34","bookingrules":null,"mode":"Bus","nom_commune":"Argenteuil","code_insee":"95018"}},{"type":"Feature","geometry":{"type":"Point","coordinates":[2.231836449974685,48.955647444643205]},"properties":{"id":"IDFM:C00306","route_long_name":"34","stop_id":"IDFM:7451","stop_name":"Route de Cormeilles","stop_lon":"2.231836449974685","stop_lat":"48.955647444643205","operatorname":"Keolis Argenteuil Boucles de Seine","shortname":"34","bookingrules":null,"mode":"Bus","nom_commune":"Argenteuil","code_insee":"95018"}},{"type":"Feature","geometry":{"type":"Point","coordinates":[2.2255877876632084,48.93418612424866]},"properties":{"id":"IDFM:C00306","route_long_name":"34","stop_id":"IDFM:13097","stop_name":"Marseillaise","stop_lon":"2.2255877876632084","stop_lat":"48.93418612424866","operatorname":"Keolis Argenteuil Boucles de Seine","shortname":"34","bookingrules":null,"mode":"Bus","nom_commune":"Argenteuil","code_insee":"95018"}},{"type":"Feature","geometry":{"type":"Point","coordinates":[2.214571341762952,48.919788461783725]},"properties":{"id":"IDFM:C00306","route_long_name":"34","stop_id":"IDFM:23951","stop_name":"Louis Rameau","stop_lon":"2.214571341762952","stop_lat":"48.919788461783725","operatorname":"Keolis Argenteuil Boucles de Seine","shortname":"34","bookingrules":null,"mode":"Bus","nom_commune":"Bezons","code_insee":"95063"}},{"type":"Feature","geometry":{"type":"Point","coordinates":[2.2070177482793283,48.91579070826144]},"properties":{"id":"IDFM:C00306","route_long_name":"34","stop_id":"IDFM:23946","stop_name":"84 - 89 Salvador Allende","stop_lon":"2.2070177482793283","stop_lat":"48.91579070826144","operatorname":"Keolis Argenteuil Boucles de Seine","shortname":"34","bookingrules":null,"mode":"Bus","nom_commune":"Bezons","code_insee":"95063"}},{"type":"Feature","geometry":{"type":"Point","coordinates":[2.1968221328759077,48.920390244869964]},"properties":{"id":"IDFM:C00306","route_long_name":"34","stop_id":"IDFM:27036","stop_name":"La Fontaine","stop_lon":"2.1968221328759077","stop_lat":"48.920390244869964","operatorname":"Keolis Argenteuil Boucles de Seine","shortname":"34","bookingrules":null,"mode":"Bus","nom_commune":"Houilles","code_insee":"78311"}},{"type":"Feature","geometry":{"type":"Point","coordinates":[2.206874794029545,48.92337997793642]},"properties":{"id":"IDFM:C00308","route_long_name":"6","stop_id":"IDFM:27034","stop_name":"Grand-Cerf","stop_lon":"2.206874794029545","stop_lat":"48.92337997793642","operatorname":"Keolis Argenteuil Boucles de Seine","shortname":"6","bookingrules":null,"mode":"Bus","nom_commune":"Bezons","code_insee":"95063"}},{"type":"Feature","geometry":{"type":"Point","coordinates":[2.227165693556582,48.92996059714552]},"properties":{"id":"IDFM:C00308","route_long_name":"6","stop_id":"IDFM:8033","stop_name":"G\u00e9n\u00e9ral Delambre","stop_lon":"2.227165693556582","stop_lat":"48.92996059714552","operatorname":"Keolis Argenteuil Boucles de Seine","shortname":"6","bookingrules":null,"mode":"Bus","nom_commune":"Bezons","code_insee":"95063"}},{"type":"Feature","geometry":{"type":"Point","coordinates":[2.257031740411655,48.94697526066576]},"properties":{"id":"IDFM:C00308","route_long_name":"6","stop_id":"IDFM:5079","stop_name":"Gare d'Argenteuil","stop_lon":"2.257031740411655","stop_lat":"48.94697526066576","operatorname":"Keolis Argenteuil Boucles de Seine","shortname":"6","bookingrules":null,"mode":"Bus","nom_commune":"Argenteuil","code_insee":"95018"}},{"type":"Feature","geometry":{"type":"Point","coordinates":[2.201726684890339,48.94226715339199]},"properties":{"id":"IDFM:C00309","route_long_name":"501 Scolaire","stop_id":"IDFM:13105","stop_name":"Romain Rolland","stop_lon":"2.201726684890339","stop_lat":"48.94226715339199","operatorname":"Keolis Argenteuil Boucles de Seine","shortname":"501","bookingrules":null,"mode":"Bus","nom_commune":"Sartrouville","code_insee":"78586"}},{"type":"Feature","geometry":{"type":"Point","coordinates":[2.190206081760731,48.93952795144092]},"properties":{"id":"IDFM:C00309","route_long_name":"501 Scolaire","stop_id":"IDFM:7650","stop_name":"Boulevard de Bezons","stop_lon":"2.190206081760731","stop_lat":"48.93952795144092","operatorname":"Keolis Argenteuil Boucles de Seine","shortname":"501","bookingrules":null,"mode":"Bus","nom_commune":"Sartrouville","code_insee":"78586"}},{"type":"Feature","geometry":{"type":"Point","coordinates":[2.1890242408760052,48.9382789259293]},"properties":{"id":"IDFM:C00309","route_long_name":"501 Scolaire","stop_id":"IDFM:7716","stop_name":"Pierson","stop_lon":"2.1890242408760052","stop_lat":"48.9382789259293","operatorname":"Keolis Argenteuil Boucles de Seine","shortname":"501","bookingrules":null,"mode":"Bus","nom_commune":"Sartrouville","code_insee":"78586"}},{"type":"Feature","geometry":{"type":"Point","coordinates":[2.1949674161959396,48.94236583586589]},"properties":{"id":"IDFM:C00309","route_long_name":"501 Scolaire","stop_id":"IDFM:28355","stop_name":"Cl\u00e9menceau","stop_lon":"2.1949674161959396","stop_lat":"48.94236583586589","operatorname":"Keolis Argenteuil Boucles de Seine","shortname":"501","bookingrules":null,"mode":"Bus","nom_commune":"Sartrouville","code_insee":"78586"}},{"type":"Feature","geometry":{"type":"Point","coordinates":[2.170408905190157,48.937989650562024]},"properties":{"id":"IDFM:C00310","route_long_name":"502 Scolaire","stop_id":"IDFM:13104","stop_name":"Milhaud","stop_lon":"2.170408905190157","stop_lat":"48.937989650562024","operatorname":"Keolis Argenteuil Boucles de Seine","shortname":"502","bookingrules":null,"mode":"Bus","nom_commune":"Sartrouville","code_insee":"78586"}},{"type":"Feature","geometry":{"type":"Point","coordinates":[2.181514508313514,48.94272437976215]},"properties":{"id":"IDFM:C00310","route_long_name":"502 Scolaire","stop_id":"IDFM:7668","stop_name":"Joliot Curie","stop_lon":"2.181514508313514","stop_lat":"48.94272437976215","operatorname":"Keolis Argenteuil Boucles de Seine","shortname":"502","bookingrules":null,"mode":"Bus","nom_commune":"Sartrouville","code_insee":"78586"}},{"type":"Feature","geometry":{"type":"Point","coordinates":[2.190206081760731,48.93952795144092]},"properties":{"id":"IDFM:C00310","route_long_name":"502 Scolaire","stop_id":"IDFM:7650","stop_name":"Boulevard de Bezons","stop_lon":"2.190206081760731","stop_lat":"48.93952795144092","operatorname":"Keolis Argenteuil Boucles de Seine","shortname":"502","bookingrules":null,"mode":"Bus","nom_commune":"Sartrouville","code_insee":"78586"}},{"type":"Feature","geometry":{"type":"Point","coordinates":[2.2003140797118976,48.9382468672946]},"properties":{"id":"IDFM:C00310","route_long_name":"502 Scolaire","stop_id":"IDFM:7644","stop_name":"Barian","stop_lon":"2.2003140797118976","stop_lat":"48.9382468672946","operatorname":"Keolis Argenteuil Boucles de Seine","shortname":"502","bookingrules":null,"mode":"Bus","nom_commune":"Sartrouville","code_insee":"78586"}},{"type":"Feature","geometry":{"type":"Point","coordinates":[2.1975421970924605,48.937409977695616]},"properties":{"id":"IDFM:C00310","route_long_name":"502 Scolaire","stop_id":"IDFM:7726","stop_name":"Renoir","stop_lon":"2.1975421970924605","stop_lat":"48.937409977695616","operatorname":"Keolis Argenteuil Boucles de Seine","shortname":"502","bookingrules":null,"mode":"Bus","nom_commune":"Sartrouville","code_insee":"78586"}},{"type":"Feature","geometry":{"type":"Point","coordinates":[2.190206081760731,48.93952795144092]},"properties":{"id":"IDFM:C00311","route_long_name":"503 Scolaire","stop_id":"IDFM:7650","stop_name":"Boulevard de Bezons","stop_lon":"2.190206081760731","stop_lat":"48.93952795144092","operatorname":"Keolis Argenteuil Boucles de Seine","shortname":"503","bookingrules":null,"mode":"Bus","nom_commune":"Sartrouville","code_insee":"78586"}},{"type":"Feature","geometry":{"type":"Point","coordinates":[2.190321170483717,48.94265828852628]},"properties":{"id":"IDFM:C00311","route_long_name":"503 Scolaire","stop_id":"IDFM:7660","stop_name":"Cl\u00e9menceau","stop_lon":"2.190321170483717","stop_lat":"48.94265828852628","operatorname":"Keolis Argenteuil Boucles de Seine","shortname":"503","bookingrules":null,"mode":"Bus","nom_commune":"Sartrouville","code_insee":"78586"}},{"type":"Feature","geometry":{"type":"Point","coordinates":[2.1700974073208563,48.93783461246673]},"properties":{"id":"IDFM:C00311","route_long_name":"503 Scolaire","stop_id":"IDFM:13103","stop_name":"Milhaud","stop_lon":"2.1700974073208563","stop_lat":"48.93783461246673","operatorname":"Keolis Argenteuil Boucles de Seine","shortname":"503","bookingrules":null,"mode":"Bus","nom_commune":"Sartrouville","code_insee":"78586"}},{"type":"Feature","geometry":{"type":"Point","coordinates":[2.1638861054184715,48.92850158669786]},"properties":{"id":"IDFM:C00311","route_long_name":"503 Scolaire","stop_id":"IDFM:491995","stop_name":"Lyc\u00e9e Evariste Galois","stop_lon":"2.1638861054184715","stop_lat":"48.92850158669786","operatorname":"Keolis Argenteuil Boucles de Seine","shortname":"503","bookingrules":null,"mode":"Bus","nom_commune":"Sartrouville","code_insee":"78586"}},{"type":"Feature","geometry":{"type":"Point","coordinates":[2.179494576525681,48.93749462535623]},"properties":{"id":"IDFM:C00311","route_long_name":"503 Scolaire","stop_id":"IDFM:7666","stop_name":"Courteline","stop_lon":"2.179494576525681","stop_lat":"48.93749462535623","operatorname":"Keolis Argenteuil Boucles de Seine","shortname":"503","bookingrules":null,"mode":"Bus","nom_commune":"Sartrouville","code_insee":"78586"}},{"type":"Feature","geometry":{"type":"Point","coordinates":[2.2734859248816885,48.95463906497167]},"properties":{"id":"IDFM:C00312","route_long_name":"7","stop_id":"IDFM:7568","stop_name":"Vaucelle","stop_lon":"2.2734859248816885","stop_lat":"48.95463906497167","operatorname":"Keolis Argenteuil Boucles de Seine","shortname":"7","bookingrules":null,"mode":"Bus","nom_commune":"Argenteuil","code_insee":"95018"}},{"type":"Feature","geometry":{"type":"Point","coordinates":[2.2871328309533676,48.957229960177806]},"properties":{"id":"IDFM:C00312","route_long_name":"7","stop_id":"IDFM:7522","stop_name":"Place Chauvelot","stop_lon":"2.2871328309533676","stop_lat":"48.957229960177806","operatorname":"Keolis Argenteuil Boucles de Seine","shortname":"7","bookingrules":null,"mode":"Bus","nom_commune":"Argenteuil","code_insee":"95018"}},{"type":"Feature","geometry":{"type":"Point","coordinates":[2.2892507571369096,48.955138229116585]},"properties":{"id":"IDFM:C00312","route_long_name":"7","stop_id":"IDFM:413317","stop_name":"\u00cele-de-France","stop_lon":"2.2892507571369096","stop_lat":"48.955138229116585","operatorname":"Keolis Argenteuil Boucles de Seine","shortname":"7","bookingrules":null,"mode":"Bus","nom_commune":"Argenteuil","code_insee":"95018"}},{"type":"Feature","geometry":{"type":"Point","coordinates":[2.2936740851179054,48.95520933237499]},"properties":{"id":"IDFM:C00312","route_long_name":"7","stop_id":"IDFM:412152","stop_name":"\u00c9pinay Orgemont","stop_lon":"2.2936740851179054","stop_lat":"48.95520933237499","operatorname":"Keolis Argenteuil Boucles de Seine","shortname":"7","bookingrules":null,"mode":"Bus","nom_commune":"\u00c9pinay-sur-Seine","code_insee":"93031"}},{"type":"Feature","geometry":{"type":"Point","coordinates":[2.293614448611694,48.960604621284595]},"properties":{"id":"IDFM:C00312","route_long_name":"7","stop_id":"IDFM:2318","stop_name":"Dunkerque","stop_lon":"2.293614448611694","stop_lat":"48.960604621284595","operatorname":"Keolis Argenteuil Boucles de Seine","shortname":"7","bookingrules":null,"mode":"Bus","nom_commune":"\u00c9pinay-sur-Seine","code_insee":"93031"}},{"type":"Feature","geometry":{"type":"Point","coordinates":[2.294804308754448,48.96148391718044]},"properties":{"id":"IDFM:C00312","route_long_name":"7","stop_id":"IDFM:2354","stop_name":"Cygne d'Enghien","stop_lon":"2.294804308754448","stop_lat":"48.96148391718044","operatorname":"Keolis Argenteuil Boucles de Seine","shortname":"7","bookingrules":null,"mode":"Bus","nom_commune":"\u00c9pinay-sur-Seine","code_insee":"93031"}},{"type":"Feature","geometry":{"type":"Point","coordinates":[2.2939431390238116,48.95550767797835]},"properties":{"id":"IDFM:C00312","route_long_name":"7","stop_id":"IDFM:412151","stop_name":"\u00c9pinay Orgemont","stop_lon":"2.2939431390238116","stop_lat":"48.95550767797835","operatorname":"Keolis Argenteuil Boucles de Seine","shortname":"7","bookingrules":null,"mode":"Bus","nom_commune":"\u00c9pinay-sur-Seine","code_insee":"93031"}},{"type":"Feature","geometry":{"type":"Point","coordinates":[2.2887856560145106,48.95519842046937]},"properties":{"id":"IDFM:C00312","route_long_name":"7","stop_id":"IDFM:413318","stop_name":"\u00cele-de-France","stop_lon":"2.2887856560145106","stop_lat":"48.95519842046937","operatorname":"Keolis Argenteuil Boucles de Seine","shortname":"7","bookingrules":null,"mode":"Bus","nom_commune":"Argenteuil","code_insee":"95018"}},{"type":"Feature","geometry":{"type":"Point","coordinates":[2.286885937011118,48.95730942677335]},"properties":{"id":"IDFM:C00312","route_long_name":"7","stop_id":"IDFM:7521","stop_name":"Place Chauvelot","stop_lon":"2.286885937011118","stop_lat":"48.95730942677335","operatorname":"Keolis Argenteuil Boucles de Seine","shortname":"7","bookingrules":null,"mode":"Bus","nom_commune":"Argenteuil","code_insee":"95018"}},{"type":"Feature","geometry":{"type":"Point","coordinates":[2.273171883606299,48.95463716163961]},"properties":{"id":"IDFM:C00312","route_long_name":"7","stop_id":"IDFM:7567","stop_name":"Vaucelle","stop_lon":"2.273171883606299","stop_lat":"48.95463716163961","operatorname":"Keolis Argenteuil Boucles de Seine","shortname":"7","bookingrules":null,"mode":"Bus","nom_commune":"Argenteuil","code_insee":"95018"}},{"type":"Feature","geometry":{"type":"Point","coordinates":[2.1751352959860477,48.92573772141671]},"properties":{"id":"IDFM:C00316","route_long_name":"J","stop_id":"IDFM:7624","stop_name":"Victor Hugo","stop_lon":"2.1751352959860477","stop_lat":"48.92573772141671","operatorname":"Keolis Argenteuil Boucles de Seine","shortname":"J","bookingrules":null,"mode":"Bus","nom_commune":"Houilles","code_insee":"78311"}},{"type":"Feature","geometry":{"type":"Point","coordinates":[2.163444166005942,48.93052195335205]},"properties":{"id":"IDFM:C00316","route_long_name":"J","stop_id":"IDFM:7706","stop_name":"Parmentier","stop_lon":"2.163444166005942","stop_lat":"48.93052195335205","operatorname":"Keolis Argenteuil Boucles de Seine","shortname":"J","bookingrules":null,"mode":"Bus","nom_commune":"Sartrouville","code_insee":"78586"}},{"type":"Feature","geometry":{"type":"Point","coordinates":[2.1578119645908873,48.93781186755499]},"properties":{"id":"IDFM:C00316","route_long_name":"J","stop_id":"IDFM:5387","stop_name":"Gare de Sartrouville","stop_lon":"2.1578119645908873","stop_lat":"48.93781186755499","operatorname":"Keolis Argenteuil Boucles de Seine","shortname":"J","bookingrules":null,"mode":"Bus","nom_commune":"Sartrouville","code_insee":"78586"}},{"type":"Feature","geometry":{"type":"Point","coordinates":[2.1376453376279105,48.942182982482294]},"properties":{"id":"IDFM:C01473","route_long_name":"2","stop_id":"IDFM:35059","stop_name":"R\u00e9publique","stop_lon":"2.1376453376279105","stop_lat":"48.942182982482294","operatorname":"Keolis Argenteuil Boucles de Seine","shortname":"2","bookingrules":null,"mode":"Bus","nom_commune":"Maisons-Laffitte","code_insee":"78358"}},{"type":"Feature","geometry":{"type":"Point","coordinates":[2.1256392066989926,48.940099544481]},"properties":{"id":"IDFM:C01473","route_long_name":"2","stop_id":"IDFM:34944","stop_name":"Cit\u00e9 des Peupliers","stop_lon":"2.1256392066989926","stop_lat":"48.940099544481","operatorname":"Keolis Argenteuil Boucles de Seine","shortname":"2","bookingrules":null,"mode":"Bus","nom_commune":"Le Mesnil-le-Roi","code_insee":"78396"}},{"type":"Feature","geometry":{"type":"Point","coordinates":[2.114747826125258,48.91909247930914]},"properties":{"id":"IDFM:C01473","route_long_name":"2","stop_id":"IDFM:34966","stop_name":"Belloy Parc","stop_lon":"2.114747826125258","stop_lat":"48.91909247930914","operatorname":"Keolis Argenteuil Boucles de Seine","shortname":"2","bookingrules":null,"mode":"Bus","nom_commune":"Le Mesnil-le-Roi","code_insee":"78396"}},{"type":"Feature","geometry":{"type":"Point","coordinates":[2.138861465907168,48.941292421140076]},"properties":{"id":"IDFM:C01473","route_long_name":"2","stop_id":"IDFM:494490","stop_name":"R\u00e9publique","stop_lon":"2.138861465907168","stop_lat":"48.941292421140076","operatorname":"Keolis Argenteuil Boucles de Seine","shortname":"2","bookingrules":null,"mode":"Bus","nom_commune":"Maisons-Laffitte","code_insee":"78358"}},{"type":"Feature","geometry":{"type":"Point","coordinates":[2.1320327642488004,48.93982226323184]},"properties":{"id":"IDFM:C01473","route_long_name":"2","stop_id":"IDFM:34946","stop_name":"Jean Jaur\u00e8s","stop_lon":"2.1320327642488004","stop_lat":"48.93982226323184","operatorname":"Keolis Argenteuil Boucles de Seine","shortname":"2","bookingrules":null,"mode":"Bus","nom_commune":"Le Mesnil-le-Roi","code_insee":"78396"}},{"type":"Feature","geometry":{"type":"Point","coordinates":[2.12704655732076,48.94246598492553]},"properties":{"id":"IDFM:C01473","route_long_name":"2","stop_id":"IDFM:34941","stop_name":"Cit\u00e9 des Tilleuls","stop_lon":"2.12704655732076","stop_lat":"48.94246598492553","operatorname":"Keolis Argenteuil Boucles de Seine","shortname":"2","bookingrules":null,"mode":"Bus","nom_commune":"Le Mesnil-le-Roi","code_insee":"78396"}},{"type":"Feature","geometry":{"type":"Point","coordinates":[2.152779218443403,48.95178749447244]},"properties":{"id":"IDFM:C01473","route_long_name":"2","stop_id":"IDFM:34910","stop_name":"Wagram","stop_lon":"2.152779218443403","stop_lat":"48.95178749447244","operatorname":"Keolis Argenteuil Boucles de Seine","shortname":"2","bookingrules":null,"mode":"Bus","nom_commune":"Maisons-Laffitte","code_insee":"78358"}},{"type":"Feature","geometry":{"type":"Point","coordinates":[2.1598080342800765,48.957907172023305]},"properties":{"id":"IDFM:C01473","route_long_name":"2","stop_id":"IDFM:34923","stop_name":"Place Colbert","stop_lon":"2.1598080342800765","stop_lat":"48.957907172023305","operatorname":"Keolis Argenteuil Boucles de Seine","shortname":"2","bookingrules":null,"mode":"Bus","nom_commune":"Maisons-Laffitte","code_insee":"78358"}},{"type":"Feature","geometry":{"type":"Point","coordinates":[2.122767727244922,48.941184711231806]},"properties":{"id":"IDFM:C01476","route_long_name":"6","stop_id":"IDFM:35064","stop_name":"Cit\u00e9 Grands Champs","stop_lon":"2.122767727244922","stop_lat":"48.941184711231806","operatorname":"Keolis Argenteuil Boucles de Seine","shortname":"6","bookingrules":null,"mode":"Bus","nom_commune":"Le Mesnil-le-Roi","code_insee":"78396"}},{"type":"Feature","geometry":{"type":"Point","coordinates":[2.1341589085268837,48.93757138590978]},"properties":{"id":"IDFM:C01476","route_long_name":"6","stop_id":"IDFM:35062","stop_name":"Croix Bosset","stop_lon":"2.1341589085268837","stop_lat":"48.93757138590978","operatorname":"Keolis Argenteuil Boucles de Seine","shortname":"6","bookingrules":null,"mode":"Bus","nom_commune":"Le Mesnil-le-Roi","code_insee":"78396"}},{"type":"Feature","geometry":{"type":"Point","coordinates":[2.1436392006556098,48.945463441733445]},"properties":{"id":"IDFM:C01476","route_long_name":"6","stop_id":"IDFM:35055","stop_name":"Gare de Maisons-Laffitte","stop_lon":"2.1436392006556098","stop_lat":"48.945463441733445","operatorname":"Keolis Argenteuil Boucles de Seine","shortname":"6","bookingrules":null,"mode":"Bus","nom_commune":"Maisons-Laffitte","code_insee":"78358"}},{"type":"Feature","geometry":{"type":"Point","coordinates":[2.129843070323957,48.943412602134906]},"properties":{"id":"IDFM:C01476","route_long_name":"6","stop_id":"IDFM:34939","stop_name":"Rue de Romilly","stop_lon":"2.129843070323957","stop_lat":"48.943412602134906","operatorname":"Keolis Argenteuil Boucles de Seine","shortname":"6","bookingrules":null,"mode":"Bus","nom_commune":"Le Mesnil-le-Roi","code_insee":"78396"}},{"type":"Feature","geometry":{"type":"Point","coordinates":[2.1338091573311515,48.94381903473034]},"properties":{"id":"IDFM:C01476","route_long_name":"6","stop_id":"IDFM:34937","stop_name":"Rue du Tir","stop_lon":"2.1338091573311515","stop_lat":"48.94381903473034","operatorname":"Keolis Argenteuil Boucles de Seine","shortname":"6","bookingrules":null,"mode":"Bus","nom_commune":"Maisons-Laffitte","code_insee":"78358"}},{"type":"Feature","geometry":{"type":"Point","coordinates":[2.138744527385508,48.944232303583235]},"properties":{"id":"IDFM:C01476","route_long_name":"6","stop_id":"IDFM:34935","stop_name":"Rue des Loges","stop_lon":"2.138744527385508","stop_lat":"48.944232303583235","operatorname":"Keolis Argenteuil Boucles de Seine","shortname":"6","bookingrules":null,"mode":"Bus","nom_commune":"Maisons-Laffitte","code_insee":"78358"}},{"type":"Feature","geometry":{"type":"Point","coordinates":[2.158510167447372,48.92587393187189]},"properties":{"id":"IDFM:C00316","route_long_name":"J","stop_id":"IDFM:7639","stop_name":"Aboukir","stop_lon":"2.158510167447372","stop_lat":"48.92587393187189","operatorname":"Keolis Argenteuil Boucles de Seine","shortname":"J","bookingrules":null,"mode":"Bus","nom_commune":"Sartrouville","code_insee":"78586"}},{"type":"Feature","geometry":{"type":"Point","coordinates":[2.170475710863868,48.928664293703065]},"properties":{"id":"IDFM:C00316","route_long_name":"J","stop_id":"IDFM:7718","stop_name":"La Plaine","stop_lon":"2.170475710863868","stop_lat":"48.928664293703065","operatorname":"Keolis Argenteuil Boucles de Seine","shortname":"J","bookingrules":null,"mode":"Bus","nom_commune":"Sartrouville","code_insee":"78586"}},{"type":"Feature","geometry":{"type":"Point","coordinates":[2.172384026340524,48.927103692715264]},"properties":{"id":"IDFM:C00316","route_long_name":"J","stop_id":"IDFM:7630","stop_name":"La Paix - La Passerelle","stop_lon":"2.172384026340524","stop_lat":"48.927103692715264","operatorname":"Keolis Argenteuil Boucles de Seine","shortname":"J","bookingrules":null,"mode":"Bus","nom_commune":"Houilles","code_insee":"78311"}},{"type":"Feature","geometry":{"type":"Point","coordinates":[2.178737957860779,48.91624769567262]},"properties":{"id":"IDFM:C00317","route_long_name":"H","stop_id":"IDFM:23937","stop_name":"Buzenval","stop_lon":"2.178737957860779","stop_lat":"48.91624769567262","operatorname":"Keolis Argenteuil Boucles de Seine","shortname":"H","bookingrules":null,"mode":"Bus","nom_commune":"Carri\u00e8res-sur-Seine","code_insee":"78124"}},{"type":"Feature","geometry":{"type":"Point","coordinates":[2.1851923780093943,48.929304848595145]},"properties":{"id":"IDFM:C00317","route_long_name":"H","stop_id":"IDFM:21187","stop_name":"Camille Pelletan","stop_lon":"2.1851923780093943","stop_lat":"48.929304848595145","operatorname":"Keolis Argenteuil Boucles de Seine","shortname":"H","bookingrules":null,"mode":"Bus","nom_commune":"Houilles","code_insee":"78311"}},{"type":"Feature","geometry":{"type":"Point","coordinates":[2.1891204884773643,48.938234612058174]},"properties":{"id":"IDFM:C00317","route_long_name":"H","stop_id":"IDFM:7717","stop_name":"Pierson","stop_lon":"2.1891204884773643","stop_lat":"48.938234612058174","operatorname":"Keolis Argenteuil Boucles de Seine","shortname":"H","bookingrules":null,"mode":"Bus","nom_commune":"Sartrouville","code_insee":"78586"}},{"type":"Feature","geometry":{"type":"Point","coordinates":[2.191663028606723,48.938890289843314]},"properties":{"id":"IDFM:C00317","route_long_name":"H","stop_id":"IDFM:19937","stop_name":"Henri Barbusse","stop_lon":"2.191663028606723","stop_lat":"48.938890289843314","operatorname":"Keolis Argenteuil Boucles de Seine","shortname":"H","bookingrules":null,"mode":"Bus","nom_commune":"Sartrouville","code_insee":"78586"}},{"type":"Feature","geometry":{"type":"Point","coordinates":[2.1974615497474836,48.93732850062532]},"properties":{"id":"IDFM:C00317","route_long_name":"H","stop_id":"IDFM:7727","stop_name":"Renoir","stop_lon":"2.1974615497474836","stop_lat":"48.93732850062532","operatorname":"Keolis Argenteuil Boucles de Seine","shortname":"H","bookingrules":null,"mode":"Bus","nom_commune":"Sartrouville","code_insee":"78586"}},{"type":"Feature","geometry":{"type":"Point","coordinates":[2.201208660355192,48.93599558764145]},"properties":{"id":"IDFM:C00317","route_long_name":"H","stop_id":"IDFM:7721","stop_name":"Plateau","stop_lon":"2.201208660355192","stop_lat":"48.93599558764145","operatorname":"Keolis Argenteuil Boucles de Seine","shortname":"H","bookingrules":null,"mode":"Bus","nom_commune":"Bezons","code_insee":"95063"}},{"type":"Feature","geometry":{"type":"Point","coordinates":[2.1868003243147913,48.93645626032484]},"properties":{"id":"IDFM:C00317","route_long_name":"H","stop_id":"IDFM:16914","stop_name":"Martyrs","stop_lon":"2.1868003243147913","stop_lat":"48.93645626032484","operatorname":"Keolis Argenteuil Boucles de Seine","shortname":"H","bookingrules":null,"mode":"Bus","nom_commune":"Houilles","code_insee":"78311"}},{"type":"Feature","geometry":{"type":"Point","coordinates":[2.1836813384576597,48.93253207366784]},"properties":{"id":"IDFM:C00317","route_long_name":"H","stop_id":"IDFM:16915","stop_name":"Cimeti\u00e8re","stop_lon":"2.1836813384576597","stop_lat":"48.93253207366784","operatorname":"Keolis Argenteuil Boucles de Seine","shortname":"H","bookingrules":null,"mode":"Bus","nom_commune":"Houilles","code_insee":"78311"}},{"type":"Feature","geometry":{"type":"Point","coordinates":[2.18433331119261,48.92925403892227]},"properties":{"id":"IDFM:C00317","route_long_name":"H","stop_id":"IDFM:21186","stop_name":"Camille Pelletan","stop_lon":"2.18433331119261","stop_lat":"48.92925403892227","operatorname":"Keolis Argenteuil Boucles de Seine","shortname":"H","bookingrules":null,"mode":"Bus","nom_commune":"Houilles","code_insee":"78311"}},{"type":"Feature","geometry":{"type":"Point","coordinates":[2.1718938599067172,48.9141681147953]},"properties":{"id":"IDFM:C00317","route_long_name":"H","stop_id":"IDFM:23955","stop_name":"Lyc\u00e9e Les Pierres Vives","stop_lon":"2.1718938599067172","stop_lat":"48.9141681147953","operatorname":"Keolis Argenteuil Boucles de Seine","shortname":"H","bookingrules":null,"mode":"Bus","nom_commune":"Carri\u00e8res-sur-Seine","code_insee":"78124"}},{"type":"Feature","geometry":{"type":"Point","coordinates":[2.097567687328009,48.89468216465885]},"properties":{"id":"IDFM:C00324","route_long_name":"1","stop_id":"IDFM:488595","stop_name":"Place Royale - Lyautey","stop_lon":"2.097567687328009","stop_lat":"48.89468216465885","operatorname":"Keolis Argenteuil Boucles de Seine","shortname":"1","bookingrules":null,"mode":"Bus","nom_commune":"Saint-Germain-en-Laye","code_insee":"78551"}},{"type":"Feature","geometry":{"type":"Point","coordinates":[2.1154971537765292,48.89748699182497]},"properties":{"id":"IDFM:C00324","route_long_name":"1","stop_id":"IDFM:32190","stop_name":"R\u00e9publique","stop_lon":"2.1154971537765292","stop_lat":"48.89748699182497","operatorname":"Keolis Argenteuil Boucles de Seine","shortname":"1","bookingrules":null,"mode":"Bus","nom_commune":"Le V\u00e9sinet","code_insee":"78650"}},{"type":"Feature","geometry":{"type":"Point","coordinates":[2.1460840549172437,48.90548825532395]},"properties":{"id":"IDFM:C00324","route_long_name":"1","stop_id":"IDFM:32009","stop_name":"Aristide Briand","stop_lon":"2.1460840549172437","stop_lat":"48.90548825532395","operatorname":"Keolis Argenteuil Boucles de Seine","shortname":"1","bookingrules":null,"mode":"Bus","nom_commune":"Montesson","code_insee":"78418"}},{"type":"Feature","geometry":{"type":"Point","coordinates":[2.1447079396205377,48.89209626901238]},"properties":{"id":"IDFM:C00324","route_long_name":"1","stop_id":"IDFM:32284","stop_name":"Commissariat","stop_lon":"2.1447079396205377","stop_lat":"48.89209626901238","operatorname":"Keolis Argenteuil Boucles de Seine","shortname":"1","bookingrules":null,"mode":"Bus","nom_commune":"Chatou","code_insee":"78146"}},{"type":"Feature","geometry":{"type":"Point","coordinates":[2.1580797808051386,48.889214202499325]},"properties":{"id":"IDFM:C00324","route_long_name":"1","stop_id":"IDFM:26634","stop_name":"Mairie","stop_lon":"2.1580797808051386","stop_lat":"48.889214202499325","operatorname":"Keolis Argenteuil Boucles de Seine","shortname":"1","bookingrules":null,"mode":"Bus","nom_commune":"Chatou","code_insee":"78146"}},{"type":"Feature","geometry":{"type":"Point","coordinates":[2.1514365942972047,48.893484161536264]},"properties":{"id":"IDFM:C00324","route_long_name":"1","stop_id":"IDFM:32188","stop_name":"R\u00e9publique Path\u00e9","stop_lon":"2.1514365942972047","stop_lat":"48.893484161536264","operatorname":"Keolis Argenteuil Boucles de Seine","shortname":"1","bookingrules":null,"mode":"Bus","nom_commune":"Chatou","code_insee":"78146"}},{"type":"Feature","geometry":{"type":"Point","coordinates":[2.1682701976891448,48.90441228544355]},"properties":{"id":"IDFM:C00324","route_long_name":"1","stop_id":"IDFM:32147","stop_name":"Monceau","stop_lon":"2.1682701976891448","stop_lat":"48.90441228544355","operatorname":"Keolis Argenteuil Boucles de Seine","shortname":"1","bookingrules":null,"mode":"Bus","nom_commune":"Carri\u00e8res-sur-Seine","code_insee":"78124"}},{"type":"Feature","geometry":{"type":"Point","coordinates":[2.168052091581511,48.90440177737852]},"properties":{"id":"IDFM:C00324","route_long_name":"1","stop_id":"IDFM:32146","stop_name":"Monceau","stop_lon":"2.168052091581511","stop_lat":"48.90440177737852","operatorname":"Keolis Argenteuil Boucles de Seine","shortname":"1","bookingrules":null,"mode":"Bus","nom_commune":"Carri\u00e8res-sur-Seine","code_insee":"78124"}},{"type":"Feature","geometry":{"type":"Point","coordinates":[2.1603730033778277,48.902621472644555]},"properties":{"id":"IDFM:C00324","route_long_name":"1","stop_id":"IDFM:32032","stop_name":"Coll\u00e8ge Auguste Renoir","stop_lon":"2.1603730033778277","stop_lat":"48.902621472644555","operatorname":"Keolis Argenteuil Boucles de Seine","shortname":"1","bookingrules":null,"mode":"Bus","nom_commune":"Chatou","code_insee":"78146"}},{"type":"Feature","geometry":{"type":"Point","coordinates":[2.1556209896532272,48.90291182586972]},"properties":{"id":"IDFM:C00324","route_long_name":"1","stop_id":"IDFM:32137","stop_name":"Renoir","stop_lon":"2.1556209896532272","stop_lat":"48.90291182586972","operatorname":"Keolis Argenteuil Boucles de Seine","shortname":"1","bookingrules":null,"mode":"Bus","nom_commune":"Chatou","code_insee":"78146"}},{"type":"Feature","geometry":{"type":"Point","coordinates":[2.1366168120925835,48.902983187420006]},"properties":{"id":"IDFM:C00324","route_long_name":"1","stop_id":"IDFM:32278","stop_name":"Charmettes","stop_lon":"2.1366168120925835","stop_lat":"48.902983187420006","operatorname":"Keolis Argenteuil Boucles de Seine","shortname":"1","bookingrules":null,"mode":"Bus","nom_commune":"Le V\u00e9sinet","code_insee":"78650"}},{"type":"Feature","geometry":{"type":"Point","coordinates":[2.101529704733181,48.896281317723044]},"properties":{"id":"IDFM:C00324","route_long_name":"1","stop_id":"IDFM:34663","stop_name":"Pavillon Sully","stop_lon":"2.101529704733181","stop_lat":"48.896281317723044","operatorname":"Keolis Argenteuil Boucles de Seine","shortname":"1","bookingrules":null,"mode":"Bus","nom_commune":"Saint-Germain-en-Laye","code_insee":"78551"}},{"type":"Feature","geometry":{"type":"Point","coordinates":[2.098544041499989,48.89658714198616]},"properties":{"id":"IDFM:C00324","route_long_name":"1","stop_id":"IDFM:32172","stop_name":"Place Royale - Gambetta","stop_lon":"2.098544041499989","stop_lat":"48.89658714198616","operatorname":"Keolis Argenteuil Boucles de Seine","shortname":"1","bookingrules":null,"mode":"Bus","nom_commune":"Saint-Germain-en-Laye","code_insee":"78551"}},{"type":"Feature","geometry":{"type":"Point","coordinates":[2.0647833882872133,48.894367661702205]},"properties":{"id":"IDFM:C00324","route_long_name":"1","stop_id":"IDFM:32320","stop_name":"Verdi","stop_lon":"2.0647833882872133","stop_lat":"48.894367661702205","operatorname":"Keolis Argenteuil Boucles de Seine","shortname":"1","bookingrules":null,"mode":"Bus","nom_commune":"Saint-Germain-en-Laye","code_insee":"78551"}},{"type":"Feature","geometry":{"type":"Point","coordinates":[2.1415158724710794,48.90122872212657]},"properties":{"id":"IDFM:C00325","route_long_name":"12","stop_id":"IDFM:32117","stop_name":"Stade Finalt\u00e9ri","stop_lon":"2.1415158724710794","stop_lat":"48.90122872212657","operatorname":"Keolis Argenteuil Boucles de Seine","shortname":"12","bookingrules":null,"mode":"Bus","nom_commune":"Chatou","code_insee":"78146"}},{"type":"Feature","geometry":{"type":"Point","coordinates":[2.149854145469688,48.901854781919496]},"properties":{"id":"IDFM:C00325","route_long_name":"12","stop_id":"IDFM:32195","stop_name":"Ribot Barbier","stop_lon":"2.149854145469688","stop_lat":"48.901854781919496","operatorname":"Keolis Argenteuil Boucles de Seine","shortname":"12","bookingrules":null,"mode":"Bus","nom_commune":"Chatou","code_insee":"78146"}},{"type":"Feature","geometry":{"type":"Point","coordinates":[2.1574530381328354,48.89591889121222]},"properties":{"id":"IDFM:C00325","route_long_name":"12","stop_id":"IDFM:32136","stop_name":"Maurice Hardouin","stop_lon":"2.1574530381328354","stop_lat":"48.89591889121222","operatorname":"Keolis Argenteuil Boucles de Seine","shortname":"12","bookingrules":null,"mode":"Bus","nom_commune":"Chatou","code_insee":"78146"}},{"type":"Feature","geometry":{"type":"Point","coordinates":[2.182508828419179,48.85947993812467]},"properties":{"id":"IDFM:C00325","route_long_name":"12","stop_id":"IDFM:34393","stop_name":"Coll\u00e8ge Passy - Buzenval","stop_lon":"2.182508828419179","stop_lat":"48.85947993812467","operatorname":"Keolis Argenteuil Boucles de Seine","shortname":"12","bookingrules":null,"mode":"Bus","nom_commune":"Rueil-Malmaison","code_insee":"92063"}},{"type":"Feature","geometry":{"type":"Point","coordinates":[2.1590830063650666,48.893807903895436]},"properties":{"id":"IDFM:C00325","route_long_name":"12","stop_id":"IDFM:32347","stop_name":"S\u00e9curit\u00e9 Sociale","stop_lon":"2.1590830063650666","stop_lat":"48.893807903895436","operatorname":"Keolis Argenteuil Boucles de Seine","shortname":"12","bookingrules":null,"mode":"Bus","nom_commune":"Chatou","code_insee":"78146"}},{"type":"Feature","geometry":{"type":"Point","coordinates":[2.161589096321601,48.90080434204862]},"properties":{"id":"IDFM:C00325","route_long_name":"12","stop_id":"IDFM:32109","stop_name":"Jean Jaur\u00e8s","stop_lon":"2.161589096321601","stop_lat":"48.90080434204862","operatorname":"Keolis Argenteuil Boucles de Seine","shortname":"12","bookingrules":null,"mode":"Bus","nom_commune":"Chatou","code_insee":"78146"}},{"type":"Feature","geometry":{"type":"Point","coordinates":[2.1329647549999216,48.883908676541594]},"properties":{"id":"IDFM:C00325","route_long_name":"12","stop_id":"IDFM:32273","stop_name":"Princesse Croissy","stop_lon":"2.1329647549999216","stop_lat":"48.883908676541594","operatorname":"Keolis Argenteuil Boucles de Seine","shortname":"12","bookingrules":null,"mode":"Bus","nom_commune":"Le V\u00e9sinet","code_insee":"78650"}},{"type":"Feature","geometry":{"type":"Point","coordinates":[2.138064241292612,48.87241574177927]},"properties":{"id":"IDFM:C00325","route_long_name":"12","stop_id":"IDFM:32012","stop_name":"Augier","stop_lon":"2.138064241292612","stop_lat":"48.87241574177927","operatorname":"Keolis Argenteuil Boucles de Seine","shortname":"12","bookingrules":null,"mode":"Bus","nom_commune":"Croissy-sur-Seine","code_insee":"78190"}},{"type":"Feature","geometry":{"type":"Point","coordinates":[2.1832457034436916,48.91159304352977]},"properties":{"id":"IDFM:C00330","route_long_name":"A","stop_id":"IDFM:32206","stop_name":"Salle des F\u00eates","stop_lon":"2.1832457034436916","stop_lat":"48.91159304352977","operatorname":"Keolis Argenteuil Boucles de Seine","shortname":"A","bookingrules":null,"mode":"Bus","nom_commune":"Carri\u00e8res-sur-Seine","code_insee":"78124"}},{"type":"Feature","geometry":{"type":"Point","coordinates":[2.1768084519713597,48.90969637018853]},"properties":{"id":"IDFM:C00330","route_long_name":"A","stop_id":"IDFM:32084","stop_name":"G\u00e9n\u00e9ral Leclerc","stop_lon":"2.1768084519713597","stop_lat":"48.90969637018853","operatorname":"Keolis Argenteuil Boucles de Seine","shortname":"A","bookingrules":null,"mode":"Bus","nom_commune":"Carri\u00e8res-sur-Seine","code_insee":"78124"}},{"type":"Feature","geometry":{"type":"Point","coordinates":[2.1603730033778277,48.902621472644555]},"properties":{"id":"IDFM:C00330","route_long_name":"A","stop_id":"IDFM:32032","stop_name":"Coll\u00e8ge Auguste Renoir","stop_lon":"2.1603730033778277","stop_lat":"48.902621472644555","operatorname":"Keolis Argenteuil Boucles de Seine","shortname":"A","bookingrules":null,"mode":"Bus","nom_commune":"Chatou","code_insee":"78146"}},{"type":"Feature","geometry":{"type":"Point","coordinates":[2.147744575724744,48.90072461149277]},"properties":{"id":"IDFM:C00330","route_long_name":"A","stop_id":"IDFM:32061","stop_name":"Place du Docteur Roux","stop_lon":"2.147744575724744","stop_lat":"48.90072461149277","operatorname":"Keolis Argenteuil Boucles de Seine","shortname":"A","bookingrules":null,"mode":"Bus","nom_commune":"Chatou","code_insee":"78146"}},{"type":"Feature","geometry":{"type":"Point","coordinates":[2.143453077309446,48.89873343807057]},"properties":{"id":"IDFM:C00330","route_long_name":"A","stop_id":"IDFM:32114","stop_name":"Sabinettes","stop_lon":"2.143453077309446","stop_lat":"48.89873343807057","operatorname":"Keolis Argenteuil Boucles de Seine","shortname":"A","bookingrules":null,"mode":"Bus","nom_commune":"Chatou","code_insee":"78146"}},{"type":"Feature","geometry":{"type":"Point","coordinates":[2.1296699614365706,48.88440639555159]},"properties":{"id":"IDFM:C00332","route_long_name":"E","stop_id":"IDFM:32228","stop_name":"\u00c9cole Princesse","stop_lon":"2.1296699614365706","stop_lat":"48.88440639555159","operatorname":"Keolis Argenteuil Boucles de Seine","shortname":"E","bookingrules":null,"mode":"Bus","nom_commune":"Le V\u00e9sinet","code_insee":"78650"}},{"type":"Feature","geometry":{"type":"Point","coordinates":[2.1408186253702097,48.875700220836436]},"properties":{"id":"IDFM:C00332","route_long_name":"E","stop_id":"IDFM:32155","stop_name":"Les Moulins","stop_lon":"2.1408186253702097","stop_lat":"48.875700220836436","operatorname":"Keolis Argenteuil Boucles de Seine","shortname":"E","bookingrules":null,"mode":"Bus","nom_commune":"Croissy-sur-Seine","code_insee":"78190"}},{"type":"Feature","geometry":{"type":"Point","coordinates":[2.1523699974001267,48.878039956815336]},"properties":{"id":"IDFM:C00332","route_long_name":"E","stop_id":"IDFM:32328","stop_name":"Chanorier","stop_lon":"2.1523699974001267","stop_lat":"48.878039956815336","operatorname":"Keolis Argenteuil Boucles de Seine","shortname":"E","bookingrules":null,"mode":"Bus","nom_commune":"Croissy-sur-Seine","code_insee":"78190"}},{"type":"Feature","geometry":{"type":"Point","coordinates":[2.1439618634801882,48.88106491481958]},"properties":{"id":"IDFM:C00332","route_long_name":"E","stop_id":"IDFM:32226","stop_name":"Verdun","stop_lon":"2.1439618634801882","stop_lat":"48.88106491481958","operatorname":"Keolis Argenteuil Boucles de Seine","shortname":"E","bookingrules":null,"mode":"Bus","nom_commune":"Croissy-sur-Seine","code_insee":"78190"}},{"type":"Feature","geometry":{"type":"Point","coordinates":[2.1407488282164935,48.875798649295554]},"properties":{"id":"IDFM:C00332","route_long_name":"E","stop_id":"IDFM:32154","stop_name":"Les Moulins","stop_lon":"2.1407488282164935","stop_lat":"48.875798649295554","operatorname":"Keolis Argenteuil Boucles de Seine","shortname":"E","bookingrules":null,"mode":"Bus","nom_commune":"Croissy-sur-Seine","code_insee":"78190"}},{"type":"Feature","geometry":{"type":"Point","coordinates":[2.1303884605427235,48.87567886600006]},"properties":{"id":"IDFM:C00332","route_long_name":"E","stop_id":"IDFM:474320","stop_name":"Rue Eug\u00e8ne Labiche","stop_lon":"2.1303884605427235","stop_lat":"48.87567886600006","operatorname":"Keolis Argenteuil Boucles de Seine","shortname":"E","bookingrules":null,"mode":"Bus","nom_commune":"Croissy-sur-Seine","code_insee":"78190"}},{"type":"Feature","geometry":{"type":"Point","coordinates":[2.186351469806538,48.91889867583967]},"properties":{"id":"IDFM:C00334","route_long_name":"K","stop_id":"IDFM:491805","stop_name":"Gare de Houilles - Carri\u00e8res-sur-Seine","stop_lon":"2.186351469806538","stop_lat":"48.91889867583967","operatorname":"Keolis Argenteuil Boucles de Seine","shortname":"K","bookingrules":null,"mode":"Bus","nom_commune":"Houilles","code_insee":"78311"}},{"type":"Feature","geometry":{"type":"Point","coordinates":[2.1972496777195136,48.91479036247273]},"properties":{"id":"IDFM:C00334","route_long_name":"K","stop_id":"IDFM:494770","stop_name":"Colombier","stop_lon":"2.1972496777195136","stop_lat":"48.91479036247273","operatorname":"Keolis Argenteuil Boucles de Seine","shortname":"K","bookingrules":null,"mode":"Bus","nom_commune":"Carri\u00e8res-sur-Seine","code_insee":"78124"}},{"type":"Feature","geometry":{"type":"Point","coordinates":[2.132884488303518,48.901832052278685]},"properties":{"id":"IDFM:C00335","route_long_name":"C","stop_id":"IDFM:32014","stop_name":"Belloy","stop_lon":"2.132884488303518","stop_lat":"48.901832052278685","operatorname":"Keolis Argenteuil Boucles de Seine","shortname":"C","bookingrules":null,"mode":"Bus","nom_commune":"Le V\u00e9sinet","code_insee":"78650"}},{"type":"Feature","geometry":{"type":"Point","coordinates":[2.1460840549172437,48.90548825532395]},"properties":{"id":"IDFM:C00335","route_long_name":"C","stop_id":"IDFM:32009","stop_name":"Aristide Briand","stop_lon":"2.1460840549172437","stop_lat":"48.90548825532395","operatorname":"Keolis Argenteuil Boucles de Seine","shortname":"C","bookingrules":null,"mode":"Bus","nom_commune":"Montesson","code_insee":"78418"}},{"type":"Feature","geometry":{"type":"Point","coordinates":[2.1523296091695556,48.90900403705262]},"properties":{"id":"IDFM:C00335","route_long_name":"C","stop_id":"IDFM:32121","stop_name":"G\u00e9n\u00e9ral Leclerc","stop_lon":"2.1523296091695556","stop_lat":"48.90900403705262","operatorname":"Keolis Argenteuil Boucles de Seine","shortname":"C","bookingrules":null,"mode":"Bus","nom_commune":"Montesson","code_insee":"78418"}},{"type":"Feature","geometry":{"type":"Point","coordinates":[2.152060763779523,48.91043206789756]},"properties":{"id":"IDFM:C00335","route_long_name":"C","stop_id":"IDFM:32230","stop_name":"Victor Hugo","stop_lon":"2.152060763779523","stop_lat":"48.91043206789756","operatorname":"Keolis Argenteuil Boucles de Seine","shortname":"C","bookingrules":null,"mode":"Bus","nom_commune":"Montesson","code_insee":"78418"}},{"type":"Feature","geometry":{"type":"Point","coordinates":[2.152760963007997,48.911839974060904]},"properties":{"id":"IDFM:C00335","route_long_name":"C","stop_id":"IDFM:32343","stop_name":"Jean Mac\u00e9","stop_lon":"2.152760963007997","stop_lat":"48.911839974060904","operatorname":"Keolis Argenteuil Boucles de Seine","shortname":"C","bookingrules":null,"mode":"Bus","nom_commune":"Montesson","code_insee":"78418"}},{"type":"Feature","geometry":{"type":"Point","coordinates":[2.157215712218823,48.911421734004485]},"properties":{"id":"IDFM:C00335","route_long_name":"C","stop_id":"IDFM:32345","stop_name":"Sainte-Honorine","stop_lon":"2.157215712218823","stop_lat":"48.911421734004485","operatorname":"Keolis Argenteuil Boucles de Seine","shortname":"C","bookingrules":null,"mode":"Bus","nom_commune":"Montesson","code_insee":"78418"}},{"type":"Feature","geometry":{"type":"Point","coordinates":[2.1602330049226115,48.909608295405285]},"properties":{"id":"IDFM:C00335","route_long_name":"C","stop_id":"IDFM:32153","stop_name":"Ch\u00e2teau d'Eau","stop_lon":"2.1602330049226115","stop_lat":"48.909608295405285","operatorname":"Keolis Argenteuil Boucles de Seine","shortname":"C","bookingrules":null,"mode":"Bus","nom_commune":"Montesson","code_insee":"78418"}},{"type":"Feature","geometry":{"type":"Point","coordinates":[2.1812211802629204,48.917128039822025]},"properties":{"id":"IDFM:C00335","route_long_name":"C","stop_id":"IDFM:23939","stop_name":"Gandillet","stop_lon":"2.1812211802629204","stop_lat":"48.917128039822025","operatorname":"Keolis Argenteuil Boucles de Seine","shortname":"C","bookingrules":null,"mode":"Bus","nom_commune":"Carri\u00e8res-sur-Seine","code_insee":"78124"}},{"type":"Feature","geometry":{"type":"Point","coordinates":[2.185974067206845,48.91947167541627]},"properties":{"id":"IDFM:C00335","route_long_name":"C","stop_id":"IDFM:417901","stop_name":"Gare de Houilles - Carri\u00e8res-sur-Seine","stop_lon":"2.185974067206845","stop_lat":"48.91947167541627","operatorname":"Keolis Argenteuil Boucles de Seine","shortname":"C","bookingrules":null,"mode":"Bus","nom_commune":"Houilles","code_insee":"78311"}},{"type":"Feature","geometry":{"type":"Point","coordinates":[2.160046081488378,48.910200541456156]},"properties":{"id":"IDFM:C00335","route_long_name":"C","stop_id":"IDFM:32152","stop_name":"Ch\u00e2teau d'Eau","stop_lon":"2.160046081488378","stop_lat":"48.910200541456156","operatorname":"Keolis Argenteuil Boucles de Seine","shortname":"C","bookingrules":null,"mode":"Bus","nom_commune":"Montesson","code_insee":"78418"}},{"type":"Feature","geometry":{"type":"Point","coordinates":[2.146691849437424,48.905861313522244]},"properties":{"id":"IDFM:C00335","route_long_name":"C","stop_id":"IDFM:32344","stop_name":"Aristide Briand","stop_lon":"2.146691849437424","stop_lat":"48.905861313522244","operatorname":"Keolis Argenteuil Boucles de Seine","shortname":"C","bookingrules":null,"mode":"Bus","nom_commune":"Montesson","code_insee":"78418"}},{"type":"Feature","geometry":{"type":"Point","coordinates":[2.1558239562100696,48.88534911327494]},"properties":{"id":"IDFM:C00336","route_long_name":"M","stop_id":"IDFM:32359","stop_name":"Gare de Chatou - Croissy","stop_lon":"2.1558239562100696","stop_lat":"48.88534911327494","operatorname":"Keolis Argenteuil Boucles de Seine","shortname":"M","bookingrules":null,"mode":"Bus","nom_commune":"Chatou","code_insee":"78146"}},{"type":"Feature","geometry":{"type":"Point","coordinates":[2.1259391758674604,48.888938929400126]},"properties":{"id":"IDFM:C00336","route_long_name":"M","stop_id":"IDFM:32272","stop_name":"All\u00e9e de la Gare","stop_lon":"2.1259391758674604","stop_lat":"48.888938929400126","operatorname":"Keolis Argenteuil Boucles de Seine","shortname":"M","bookingrules":null,"mode":"Bus","nom_commune":"Le V\u00e9sinet","code_insee":"78650"}},{"type":"Feature","geometry":{"type":"Point","coordinates":[2.122157148313344,48.89161830221242]},"properties":{"id":"IDFM:C00336","route_long_name":"M","stop_id":"IDFM:32269","stop_name":"Lyc\u00e9e Alain","stop_lon":"2.122157148313344","stop_lat":"48.89161830221242","operatorname":"Keolis Argenteuil Boucles de Seine","shortname":"M","bookingrules":null,"mode":"Bus","nom_commune":"Le V\u00e9sinet","code_insee":"78650"}},{"type":"Feature","geometry":{"type":"Point","coordinates":[2.21358057103381,48.95284023167473]},"properties":{"id":"IDFM:C01822","route_long_name":"17","stop_id":"IDFM:20148","stop_name":"Jean Poulmarch","stop_lon":"2.21358057103381","stop_lat":"48.95284023167473","operatorname":"Keolis Argenteuil Boucles de Seine","shortname":"17","bookingrules":null,"mode":"Bus","nom_commune":"Argenteuil","code_insee":"95018"}},{"type":"Feature","geometry":{"type":"Point","coordinates":[2.1548457950824815,48.945614919868866]},"properties":{"id":"IDFM:C01250","route_long_name":"262","stop_id":"IDFM:29236","stop_name":"Ch\u00e2teau","stop_lon":"2.1548457950824815","stop_lat":"48.945614919868866","operatorname":"Keolis Argenteuil Boucles de Seine","shortname":"262","bookingrules":null,"mode":"Bus","nom_commune":"Maisons-Laffitte","code_insee":"78358"}},{"type":"Feature","geometry":{"type":"Point","coordinates":[2.164896448141065,48.9412338249587]},"properties":{"id":"IDFM:C01250","route_long_name":"262","stop_id":"IDFM:41489","stop_name":"Stalingrad","stop_lon":"2.164896448141065","stop_lat":"48.9412338249587","operatorname":"Keolis Argenteuil Boucles de Seine","shortname":"262","bookingrules":null,"mode":"Bus","nom_commune":"Sartrouville","code_insee":"78586"}},{"type":"Feature","geometry":{"type":"Point","coordinates":[2.188255238225565,48.92894792527692]},"properties":{"id":"IDFM:C01250","route_long_name":"262","stop_id":"IDFM:29227","stop_name":"\u00c9douard Branly","stop_lon":"2.188255238225565","stop_lat":"48.92894792527692","operatorname":"Keolis Argenteuil Boucles de Seine","shortname":"262","bookingrules":null,"mode":"Bus","nom_commune":"Houilles","code_insee":"78311"}},{"type":"Feature","geometry":{"type":"Point","coordinates":[2.1930029572040395,48.926434945629275]},"properties":{"id":"IDFM:C01250","route_long_name":"262","stop_id":"IDFM:471412","stop_name":"Les Blanches","stop_lon":"2.1930029572040395","stop_lat":"48.926434945629275","operatorname":"Keolis Argenteuil Boucles de Seine","shortname":"262","bookingrules":null,"mode":"Bus","nom_commune":"Houilles","code_insee":"78311"}},{"type":"Feature","geometry":{"type":"Point","coordinates":[2.2177141912593332,48.92313647741853]},"properties":{"id":"IDFM:C01250","route_long_name":"262","stop_id":"IDFM:16916","stop_name":"Pont de Bezons","stop_lon":"2.2177141912593332","stop_lat":"48.92313647741853","operatorname":"Keolis Argenteuil Boucles de Seine","shortname":"262","bookingrules":null,"mode":"Bus","nom_commune":"Bezons","code_insee":"95063"}},{"type":"Feature","geometry":{"type":"Point","coordinates":[2.217464648450943,48.92339564797189]},"properties":{"id":"IDFM:C01250","route_long_name":"262","stop_id":"IDFM:23822","stop_name":"Pont de Bezons","stop_lon":"2.217464648450943","stop_lat":"48.92339564797189","operatorname":"Keolis Argenteuil Boucles de Seine","shortname":"262","bookingrules":null,"mode":"Bus","nom_commune":"Bezons","code_insee":"95063"}},{"type":"Feature","geometry":{"type":"Point","coordinates":[2.114951682457331,48.903094854308236]},"properties":{"id":"IDFM:C00337","route_long_name":"G","stop_id":"IDFM:32202","stop_name":"Rue de Seine","stop_lon":"2.114951682457331","stop_lat":"48.903094854308236","operatorname":"Keolis Argenteuil Boucles de Seine","shortname":"G","bookingrules":null,"mode":"Bus","nom_commune":"Le Pecq","code_insee":"78481"}},{"type":"Feature","geometry":{"type":"Point","coordinates":[2.1189593015198036,48.90972552898695]},"properties":{"id":"IDFM:C00337","route_long_name":"G","stop_id":"IDFM:460453","stop_name":"Gabriel P\u00e9ri","stop_lon":"2.1189593015198036","stop_lat":"48.90972552898695","operatorname":"Keolis Argenteuil Boucles de Seine","shortname":"G","bookingrules":null,"mode":"Bus","nom_commune":"Montesson","code_insee":"78418"}},{"type":"Feature","geometry":{"type":"Point","coordinates":[2.1480910168047718,48.93206852777294]},"properties":{"id":"IDFM:C00337","route_long_name":"G","stop_id":"IDFM:460449","stop_name":"Montgolfier","stop_lon":"2.1480910168047718","stop_lat":"48.93206852777294","operatorname":"Keolis Argenteuil Boucles de Seine","shortname":"G","bookingrules":null,"mode":"Bus","nom_commune":"Sartrouville","code_insee":"78586"}},{"type":"Feature","geometry":{"type":"Point","coordinates":[2.1532708665885174,48.93501000686132]},"properties":{"id":"IDFM:C00337","route_long_name":"G","stop_id":"IDFM:32219","stop_name":"Strasbourg","stop_lon":"2.1532708665885174","stop_lat":"48.93501000686132","operatorname":"Keolis Argenteuil Boucles de Seine","shortname":"G","bookingrules":null,"mode":"Bus","nom_commune":"Sartrouville","code_insee":"78586"}},{"type":"Feature","geometry":{"type":"Point","coordinates":[2.1578119645908873,48.93781186755499]},"properties":{"id":"IDFM:C00337","route_long_name":"G","stop_id":"IDFM:5387","stop_name":"Gare de Sartrouville","stop_lon":"2.1578119645908873","stop_lat":"48.93781186755499","operatorname":"Keolis Argenteuil Boucles de Seine","shortname":"G","bookingrules":null,"mode":"Bus","nom_commune":"Sartrouville","code_insee":"78586"}},{"type":"Feature","geometry":{"type":"Point","coordinates":[2.1477771167575193,48.93206629596574]},"properties":{"id":"IDFM:C00337","route_long_name":"G","stop_id":"IDFM:460448","stop_name":"Montgolfier","stop_lon":"2.1477771167575193","stop_lat":"48.93206629596574","operatorname":"Keolis Argenteuil Boucles de Seine","shortname":"G","bookingrules":null,"mode":"Bus","nom_commune":"Sartrouville","code_insee":"78586"}},{"type":"Feature","geometry":{"type":"Point","coordinates":[2.1331261316612946,48.922545362878274]},"properties":{"id":"IDFM:C00337","route_long_name":"G","stop_id":"IDFM:460477","stop_name":"Th\u00e9ophile Roussel","stop_lon":"2.1331261316612946","stop_lat":"48.922545362878274","operatorname":"Keolis Argenteuil Boucles de Seine","shortname":"G","bookingrules":null,"mode":"Bus","nom_commune":"Montesson","code_insee":"78418"}},{"type":"Feature","geometry":{"type":"Point","coordinates":[2.114591198559217,48.902633526747856]},"properties":{"id":"IDFM:C00337","route_long_name":"G","stop_id":"IDFM:460483","stop_name":"Rue de Seine","stop_lon":"2.114591198559217","stop_lat":"48.902633526747856","operatorname":"Keolis Argenteuil Boucles de Seine","shortname":"G","bookingrules":null,"mode":"Bus","nom_commune":"Le Pecq","code_insee":"78481"}},{"type":"Feature","geometry":{"type":"Point","coordinates":[2.160473268155204,48.950537642907584]},"properties":{"id":"IDFM:C01478","route_long_name":"12","stop_id":"IDFM:34915","stop_name":"Talma","stop_lon":"2.160473268155204","stop_lat":"48.950537642907584","operatorname":"Keolis Argenteuil Boucles de Seine","shortname":"12","bookingrules":null,"mode":"Bus","nom_commune":"Maisons-Laffitte","code_insee":"78358"}},{"type":"Feature","geometry":{"type":"Point","coordinates":[2.1444310438126397,48.94961486365369]},"properties":{"id":"IDFM:C01478","route_long_name":"12","stop_id":"IDFM:34927","stop_name":"Rue de Lorraine","stop_lon":"2.1444310438126397","stop_lat":"48.94961486365369","operatorname":"Keolis Argenteuil Boucles de Seine","shortname":"12","bookingrules":null,"mode":"Bus","nom_commune":"Maisons-Laffitte","code_insee":"78358"}},{"type":"Feature","geometry":{"type":"Point","coordinates":[2.166548744595855,48.940355016495076]},"properties":{"id":"IDFM:C01250","route_long_name":"262","stop_id":"IDFM:23815","stop_name":"Jean Mermoz","stop_lon":"2.166548744595855","stop_lat":"48.940355016495076","operatorname":"Keolis Argenteuil Boucles de Seine","shortname":"262","bookingrules":null,"mode":"Bus","nom_commune":"Sartrouville","code_insee":"78586"}},{"type":"Feature","geometry":{"type":"Point","coordinates":[2.1860808526563527,48.93009328496339]},"properties":{"id":"IDFM:C01250","route_long_name":"262","stop_id":"IDFM:40244","stop_name":"Camille Pelletan","stop_lon":"2.1860808526563527","stop_lat":"48.93009328496339","operatorname":"Keolis Argenteuil Boucles de Seine","shortname":"262","bookingrules":null,"mode":"Bus","nom_commune":"Houilles","code_insee":"78311"}},{"type":"Feature","geometry":{"type":"Point","coordinates":[2.2013051428246273,48.924377190210336]},"properties":{"id":"IDFM:C01250","route_long_name":"262","stop_id":"IDFM:29230","stop_name":"Yser","stop_lon":"2.2013051428246273","stop_lat":"48.924377190210336","operatorname":"Keolis Argenteuil Boucles de Seine","shortname":"262","bookingrules":null,"mode":"Bus","nom_commune":"Houilles","code_insee":"78311"}},{"type":"Feature","geometry":{"type":"Point","coordinates":[2.208049415497766,48.92331580235492]},"properties":{"id":"IDFM:C01250","route_long_name":"262","stop_id":"IDFM:41466","stop_name":"Grand-Cerf","stop_lon":"2.208049415497766","stop_lat":"48.92331580235492","operatorname":"Keolis Argenteuil Boucles de Seine","shortname":"262","bookingrules":null,"mode":"Bus","nom_commune":"Bezons","code_insee":"95063"}},{"type":"Feature","geometry":{"type":"Point","coordinates":[2.214968755556075,48.92691360668629]},"properties":{"id":"IDFM:C01250","route_long_name":"262","stop_id":"IDFM:21511","stop_name":"La Gr\u00e2ce de Dieu","stop_lon":"2.214968755556075","stop_lat":"48.92691360668629","operatorname":"Keolis Argenteuil Boucles de Seine","shortname":"262","bookingrules":null,"mode":"Bus","nom_commune":"Bezons","code_insee":"95063"}},{"type":"Feature","geometry":{"type":"Point","coordinates":[2.208850926755662,48.924454228945216]},"properties":{"id":"IDFM:C01250","route_long_name":"262","stop_id":"IDFM:16917","stop_name":"\u00c9mile Zola","stop_lon":"2.208850926755662","stop_lat":"48.924454228945216","operatorname":"Keolis Argenteuil Boucles de Seine","shortname":"262","bookingrules":null,"mode":"Bus","nom_commune":"Bezons","code_insee":"95063"}},{"type":"Feature","geometry":{"type":"Point","coordinates":[2.206607574068368,48.92389980943763]},"properties":{"id":"IDFM:C01250","route_long_name":"262","stop_id":"IDFM:471456","stop_name":"Grand-Cerf","stop_lon":"2.206607574068368","stop_lat":"48.92389980943763","operatorname":"Keolis Argenteuil Boucles de Seine","shortname":"262","bookingrules":null,"mode":"Bus","nom_commune":"Bezons","code_insee":"95063"}},{"type":"Feature","geometry":{"type":"Point","coordinates":[2.143800056102805,48.94564445087062]},"properties":{"id":"IDFM:C01250","route_long_name":"262","stop_id":"IDFM:29234","stop_name":"Gare de Maisons-Laffitte","stop_lon":"2.143800056102805","stop_lat":"48.94564445087062","operatorname":"Keolis Argenteuil Boucles de Seine","shortname":"262","bookingrules":null,"mode":"Bus","nom_commune":"Maisons-Laffitte","code_insee":"78358"}},{"type":"Feature","geometry":{"type":"Point","coordinates":[2.216731354946961,48.94491114099416]},"properties":{"id":"IDFM:C00295","route_long_name":"4","stop_id":"IDFM:7456","stop_name":"Courlis","stop_lon":"2.216731354946961","stop_lat":"48.94491114099416","operatorname":"Keolis Argenteuil Boucles de Seine","shortname":"4","bookingrules":null,"mode":"Bus","nom_commune":"Argenteuil","code_insee":"95018"}},{"type":"Feature","geometry":{"type":"Point","coordinates":[2.21716290039182,48.94617296869909]},"properties":{"id":"IDFM:C00295","route_long_name":"4","stop_id":"IDFM:7416","stop_name":"\u00c9rables","stop_lon":"2.21716290039182","stop_lat":"48.94617296869909","operatorname":"Keolis Argenteuil Boucles de Seine","shortname":"4","bookingrules":null,"mode":"Bus","nom_commune":"Argenteuil","code_insee":"95018"}},{"type":"Feature","geometry":{"type":"Point","coordinates":[2.2465648651475605,48.938141844354604]},"properties":{"id":"IDFM:C00297","route_long_name":"8","stop_id":"IDFM:7529","stop_name":"Petit Marly","stop_lon":"2.2465648651475605","stop_lat":"48.938141844354604","operatorname":"Keolis Argenteuil Boucles de Seine","shortname":"8","bookingrules":null,"mode":"Bus","nom_commune":"Argenteuil","code_insee":"95018"}},{"type":"Feature","geometry":{"type":"Point","coordinates":[2.2483066916136822,48.939465750382276]},"properties":{"id":"IDFM:C00297","route_long_name":"8","stop_id":"IDFM:7491","stop_name":"H\u00e9lo\u00efse","stop_lon":"2.2483066916136822","stop_lat":"48.939465750382276","operatorname":"Keolis Argenteuil Boucles de Seine","shortname":"8","bookingrules":null,"mode":"Bus","nom_commune":"Argenteuil","code_insee":"95018"}},{"type":"Feature","geometry":{"type":"Point","coordinates":[2.257481953604911,48.94604279193077]},"properties":{"id":"IDFM:C00297","route_long_name":"8","stop_id":"IDFM:7481","stop_name":"Gare d'Argenteuil","stop_lon":"2.257481953604911","stop_lat":"48.94604279193077","operatorname":"Keolis Argenteuil Boucles de Seine","shortname":"8","bookingrules":null,"mode":"Bus","nom_commune":"Argenteuil","code_insee":"95018"}},{"type":"Feature","geometry":{"type":"Point","coordinates":[2.2523818934909277,48.948466146040786]},"properties":{"id":"IDFM:C00297","route_long_name":"8","stop_id":"IDFM:27435","stop_name":"L\u00e9on Feix","stop_lon":"2.2523818934909277","stop_lat":"48.948466146040786","operatorname":"Keolis Argenteuil Boucles de Seine","shortname":"8","bookingrules":null,"mode":"Bus","nom_commune":"Argenteuil","code_insee":"95018"}},{"type":"Feature","geometry":{"type":"Point","coordinates":[2.252383096369772,48.94268373157446]},"properties":{"id":"IDFM:C00297","route_long_name":"8","stop_id":"IDFM:7428","stop_name":"Jean Borderel","stop_lon":"2.252383096369772","stop_lat":"48.94268373157446","operatorname":"Keolis Argenteuil Boucles de Seine","shortname":"8","bookingrules":null,"mode":"Bus","nom_commune":"Argenteuil","code_insee":"95018"}},{"type":"Feature","geometry":{"type":"Point","coordinates":[2.251404318718099,48.94144559420952]},"properties":{"id":"IDFM:C00297","route_long_name":"8","stop_id":"IDFM:7473","stop_name":"Salle Jean Vilar","stop_lon":"2.251404318718099","stop_lat":"48.94144559420952","operatorname":"Keolis Argenteuil Boucles de Seine","shortname":"8","bookingrules":null,"mode":"Bus","nom_commune":"Argenteuil","code_insee":"95018"}},{"type":"Feature","geometry":{"type":"Point","coordinates":[2.2332444477563165,48.94628590110434]},"properties":{"id":"IDFM:C00297","route_long_name":"8","stop_id":"IDFM:7533","stop_name":"Place Fran\u00e7ois Rabelais","stop_lon":"2.2332444477563165","stop_lat":"48.94628590110434","operatorname":"Keolis Argenteuil Boucles de Seine","shortname":"8","bookingrules":null,"mode":"Bus","nom_commune":"Argenteuil","code_insee":"95018"}},{"type":"Feature","geometry":{"type":"Point","coordinates":[2.22267653151758,48.95545351714764]},"properties":{"id":"IDFM:C00297","route_long_name":"8","stop_id":"IDFM:7449","stop_name":"Coll\u00e8ge Claude Monet","stop_lon":"2.22267653151758","stop_lat":"48.95545351714764","operatorname":"Keolis Argenteuil Boucles de Seine","shortname":"8","bookingrules":null,"mode":"Bus","nom_commune":"Argenteuil","code_insee":"95018"}},{"type":"Feature","geometry":{"type":"Point","coordinates":[2.2217794808486335,48.95243509536973]},"properties":{"id":"IDFM:C00297","route_long_name":"8","stop_id":"IDFM:427944","stop_name":"B\u00e9rionne","stop_lon":"2.2217794808486335","stop_lat":"48.95243509536973","operatorname":"Keolis Argenteuil Boucles de Seine","shortname":"8","bookingrules":null,"mode":"Bus","nom_commune":"Argenteuil","code_insee":"95018"}},{"type":"Feature","geometry":{"type":"Point","coordinates":[2.1562543211335,48.94210857728772]},"properties":{"id":"IDFM:C00298","route_long_name":"9","stop_id":"IDFM:5385","stop_name":"H\u00f4tel de Ville","stop_lon":"2.1562543211335","stop_lat":"48.94210857728772","operatorname":"Keolis Argenteuil Boucles de Seine","shortname":"9","bookingrules":null,"mode":"Bus","nom_commune":"Sartrouville","code_insee":"78586"}},{"type":"Feature","geometry":{"type":"Point","coordinates":[2.1949674161959396,48.94236583586589]},"properties":{"id":"IDFM:C00298","route_long_name":"9","stop_id":"IDFM:28355","stop_name":"Cl\u00e9menceau","stop_lon":"2.1949674161959396","stop_lat":"48.94236583586589","operatorname":"Keolis Argenteuil Boucles de Seine","shortname":"9","bookingrules":null,"mode":"Bus","nom_commune":"Sartrouville","code_insee":"78586"}},{"type":"Feature","geometry":{"type":"Point","coordinates":[2.210872999725097,48.941401441185576]},"properties":{"id":"IDFM:C00298","route_long_name":"9","stop_id":"IDFM:23959","stop_name":"Liserons","stop_lon":"2.210872999725097","stop_lat":"48.941401441185576","operatorname":"Keolis Argenteuil Boucles de Seine","shortname":"9","bookingrules":null,"mode":"Bus","nom_commune":"Argenteuil","code_insee":"95018"}},{"type":"Feature","geometry":{"type":"Point","coordinates":[2.2348682891906693,48.93984835271896]},"properties":{"id":"IDFM:C00298","route_long_name":"9","stop_id":"IDFM:7433","stop_name":"Maurice Utrillo","stop_lon":"2.2348682891906693","stop_lat":"48.93984835271896","operatorname":"Keolis Argenteuil Boucles de Seine","shortname":"9","bookingrules":null,"mode":"Bus","nom_commune":"Argenteuil","code_insee":"95018"}},{"type":"Feature","geometry":{"type":"Point","coordinates":[2.2523567864280243,48.94831311089982]},"properties":{"id":"IDFM:C00298","route_long_name":"9","stop_id":"IDFM:8530","stop_name":"L\u00e9on Feix","stop_lon":"2.2523567864280243","stop_lat":"48.94831311089982","operatorname":"Keolis Argenteuil Boucles de Seine","shortname":"9","bookingrules":null,"mode":"Bus","nom_commune":"Argenteuil","code_insee":"95018"}},{"type":"Feature","geometry":{"type":"Point","coordinates":[2.2523818934909277,48.948466146040786]},"properties":{"id":"IDFM:C00298","route_long_name":"9","stop_id":"IDFM:27435","stop_name":"L\u00e9on Feix","stop_lon":"2.2523818934909277","stop_lat":"48.948466146040786","operatorname":"Keolis Argenteuil Boucles de Seine","shortname":"9","bookingrules":null,"mode":"Bus","nom_commune":"Argenteuil","code_insee":"95018"}},{"type":"Feature","geometry":{"type":"Point","coordinates":[2.2229946157092573,48.9405633495221]},"properties":{"id":"IDFM:C00298","route_long_name":"9","stop_id":"IDFM:7571","stop_name":"Les Champioux","stop_lon":"2.2229946157092573","stop_lat":"48.9405633495221","operatorname":"Keolis Argenteuil Boucles de Seine","shortname":"9","bookingrules":null,"mode":"Bus","nom_commune":"Argenteuil","code_insee":"95018"}},{"type":"Feature","geometry":{"type":"Point","coordinates":[2.2175971130305703,48.94090594323667]},"properties":{"id":"IDFM:C00298","route_long_name":"9","stop_id":"IDFM:7556","stop_name":"Alouettes","stop_lon":"2.2175971130305703","stop_lat":"48.94090594323667","operatorname":"Keolis Argenteuil Boucles de Seine","shortname":"9","bookingrules":null,"mode":"Bus","nom_commune":"Argenteuil","code_insee":"95018"}},{"type":"Feature","geometry":{"type":"Point","coordinates":[2.2079635507172934,48.941508153092435]},"properties":{"id":"IDFM:C00298","route_long_name":"9","stop_id":"IDFM:7462","stop_name":"Val Notre-Dame","stop_lon":"2.2079635507172934","stop_lat":"48.941508153092435","operatorname":"Keolis Argenteuil Boucles de Seine","shortname":"9","bookingrules":null,"mode":"Bus","nom_commune":"Argenteuil","code_insee":"95018"}},{"type":"Feature","geometry":{"type":"Point","coordinates":[2.193296741843243,48.94269633682829]},"properties":{"id":"IDFM:C00298","route_long_name":"9","stop_id":"IDFM:7711","stop_name":"Paul Bert","stop_lon":"2.193296741843243","stop_lat":"48.94269633682829","operatorname":"Keolis Argenteuil Boucles de Seine","shortname":"9","bookingrules":null,"mode":"Bus","nom_commune":"Sartrouville","code_insee":"78586"}},{"type":"Feature","geometry":{"type":"Point","coordinates":[2.1898629947537844,48.94314980628017]},"properties":{"id":"IDFM:C00298","route_long_name":"9","stop_id":"IDFM:7658","stop_name":"Rue de Chatou","stop_lon":"2.1898629947537844","stop_lat":"48.94314980628017","operatorname":"Keolis Argenteuil Boucles de Seine","shortname":"9","bookingrules":null,"mode":"Bus","nom_commune":"Sartrouville","code_insee":"78586"}},{"type":"Feature","geometry":{"type":"Point","coordinates":[2.258112496582024,48.94586683845213]},"properties":{"id":"IDFM:C00292","route_long_name":"1","stop_id":"IDFM:7476","stop_name":"Gare d'Argenteuil","stop_lon":"2.258112496582024","stop_lat":"48.94586683845213","operatorname":"Keolis Argenteuil Boucles de Seine","shortname":"1","bookingrules":null,"mode":"Bus","nom_commune":"Argenteuil","code_insee":"95018"}},{"type":"Feature","geometry":{"type":"Point","coordinates":[2.241520530375497,48.95454902400344]},"properties":{"id":"IDFM:C00292","route_long_name":"1","stop_id":"IDFM:13110","stop_name":"Marceau Guillot","stop_lon":"2.241520530375497","stop_lat":"48.95454902400344","operatorname":"Keolis Argenteuil Boucles de Seine","shortname":"1","bookingrules":null,"mode":"Bus","nom_commune":"Argenteuil","code_insee":"95018"}},{"type":"Feature","geometry":{"type":"Point","coordinates":[2.2313057190295122,48.95090481714628]},"properties":{"id":"IDFM:C00292","route_long_name":"1","stop_id":"IDFM:13100","stop_name":"Gare du Val d'Argenteuil","stop_lon":"2.2313057190295122","stop_lat":"48.95090481714628","operatorname":"Keolis Argenteuil Boucles de Seine","shortname":"1","bookingrules":null,"mode":"Bus","nom_commune":"Argenteuil","code_insee":"95018"}},{"type":"Feature","geometry":{"type":"Point","coordinates":[2.2220214753826526,48.95086291492777]},"properties":{"id":"IDFM:C00292","route_long_name":"1","stop_id":"IDFM:7542","stop_name":"Rue de la B\u00e9rionne","stop_lon":"2.2220214753826526","stop_lat":"48.95086291492777","operatorname":"Keolis Argenteuil Boucles de Seine","shortname":"1","bookingrules":null,"mode":"Bus","nom_commune":"Argenteuil","code_insee":"95018"}},{"type":"Feature","geometry":{"type":"Point","coordinates":[2.218084301873596,48.95299558869013]},"properties":{"id":"IDFM:C00292","route_long_name":"1","stop_id":"IDFM:7437","stop_name":"Martyrs de Chateaubriant","stop_lon":"2.218084301873596","stop_lat":"48.95299558869013","operatorname":"Keolis Argenteuil Boucles de Seine","shortname":"1","bookingrules":null,"mode":"Bus","nom_commune":"Argenteuil","code_insee":"95018"}},{"type":"Feature","geometry":{"type":"Point","coordinates":[2.1807150850442385,48.94494018345877]},"properties":{"id":"IDFM:C00292","route_long_name":"1","stop_id":"IDFM:7689","stop_name":"Charles de Gaulle","stop_lon":"2.1807150850442385","stop_lat":"48.94494018345877","operatorname":"Keolis Argenteuil Boucles de Seine","shortname":"1","bookingrules":null,"mode":"Bus","nom_commune":"Sartrouville","code_insee":"78586"}},{"type":"Feature","geometry":{"type":"Point","coordinates":[2.158909583457367,48.93746884606573]},"properties":{"id":"IDFM:C00292","route_long_name":"1","stop_id":"IDFM:7684","stop_name":"Gare de Sartrouville","stop_lon":"2.158909583457367","stop_lat":"48.93746884606573","operatorname":"Keolis Argenteuil Boucles de Seine","shortname":"1","bookingrules":null,"mode":"Bus","nom_commune":"Sartrouville","code_insee":"78586"}},{"type":"Feature","geometry":{"type":"Point","coordinates":[2.1604287434540472,48.94060907515788]},"properties":{"id":"IDFM:C00292","route_long_name":"1","stop_id":"IDFM:23974","stop_name":"Poste","stop_lon":"2.1604287434540472","stop_lat":"48.94060907515788","operatorname":"Keolis Argenteuil Boucles de Seine","shortname":"1","bookingrules":null,"mode":"Bus","nom_commune":"Sartrouville","code_insee":"78586"}},{"type":"Feature","geometry":{"type":"Point","coordinates":[2.204494048777281,48.946098559856594]},"properties":{"id":"IDFM:C00292","route_long_name":"1","stop_id":"IDFM:7649","stop_name":"Berry","stop_lon":"2.204494048777281","stop_lat":"48.946098559856594","operatorname":"Keolis Argenteuil Boucles de Seine","shortname":"1","bookingrules":null,"mode":"Bus","nom_commune":"Sartrouville","code_insee":"78586"}},{"type":"Feature","geometry":{"type":"Point","coordinates":[2.2061887620091163,48.947773484325886]},"properties":{"id":"IDFM:C00292","route_long_name":"1","stop_id":"IDFM:20152","stop_name":"Sureaux","stop_lon":"2.2061887620091163","stop_lat":"48.947773484325886","operatorname":"Keolis Argenteuil Boucles de Seine","shortname":"1","bookingrules":null,"mode":"Bus","nom_commune":"Argenteuil","code_insee":"95018"}},{"type":"Feature","geometry":{"type":"Point","coordinates":[2.2220639136963802,48.95076426874438]},"properties":{"id":"IDFM:C00292","route_long_name":"1","stop_id":"IDFM:7543","stop_name":"Rue de la B\u00e9rionne","stop_lon":"2.2220639136963802","stop_lat":"48.95076426874438","operatorname":"Keolis Argenteuil Boucles de Seine","shortname":"1","bookingrules":null,"mode":"Bus","nom_commune":"Argenteuil","code_insee":"95018"}},{"type":"Feature","geometry":{"type":"Point","coordinates":[2.2267418876299883,48.95020999589852]},"properties":{"id":"IDFM:C00292","route_long_name":"1","stop_id":"IDFM:7498","stop_name":"Fernand L\u00e9ger","stop_lon":"2.2267418876299883","stop_lat":"48.95020999589852","operatorname":"Keolis Argenteuil Boucles de Seine","shortname":"1","bookingrules":null,"mode":"Bus","nom_commune":"Argenteuil","code_insee":"95018"}},{"type":"Feature","geometry":{"type":"Point","coordinates":[2.249345191424791,48.946963347059686]},"properties":{"id":"IDFM:C00294","route_long_name":"2","stop_id":"IDFM:7573","stop_name":"H\u00f4tel de Ville","stop_lon":"2.249345191424791","stop_lat":"48.946963347059686","operatorname":"Keolis Argenteuil Boucles de Seine","shortname":"2","bookingrules":null,"mode":"Bus","nom_commune":"Argenteuil","code_insee":"95018"}},{"type":"Feature","geometry":{"type":"Point","coordinates":[2.2366073622524665,48.96273725049178]},"properties":{"id":"IDFM:C00294","route_long_name":"2","stop_id":"IDFM:7553","stop_name":"Petite Ruelle","stop_lon":"2.2366073622524665","stop_lat":"48.96273725049178","operatorname":"Keolis Argenteuil Boucles de Seine","shortname":"2","bookingrules":null,"mode":"Bus","nom_commune":"Argenteuil","code_insee":"95018"}},{"type":"Feature","geometry":{"type":"Point","coordinates":[2.2343047867305565,48.9697818605102]},"properties":{"id":"IDFM:C00294","route_long_name":"2","stop_id":"IDFM:7635","stop_name":"Le Moulin \/ Jean Gosselin","stop_lon":"2.2343047867305565","stop_lat":"48.9697818605102","operatorname":"Keolis Argenteuil Boucles de Seine","shortname":"2","bookingrules":null,"mode":"Bus","nom_commune":"Sannois","code_insee":"95582"}},{"type":"Feature","geometry":{"type":"Point","coordinates":[2.249345191424791,48.946963347059686]},"properties":{"id":"IDFM:C00295","route_long_name":"4","stop_id":"IDFM:7573","stop_name":"H\u00f4tel de Ville","stop_lon":"2.249345191424791","stop_lat":"48.946963347059686","operatorname":"Keolis Argenteuil Boucles de Seine","shortname":"4","bookingrules":null,"mode":"Bus","nom_commune":"Argenteuil","code_insee":"95018"}},{"type":"Feature","geometry":{"type":"Point","coordinates":[2.2406671758497763,48.947529201697115]},"properties":{"id":"IDFM:C00295","route_long_name":"4","stop_id":"IDFM:7467","stop_name":"Ernestine","stop_lon":"2.2406671758497763","stop_lat":"48.947529201697115","operatorname":"Keolis Argenteuil Boucles de Seine","shortname":"4","bookingrules":null,"mode":"Bus","nom_commune":"Argenteuil","code_insee":"95018"}},{"type":"Feature","geometry":{"type":"Point","coordinates":[2.226421655529021,48.944200676093324]},"properties":{"id":"IDFM:C00295","route_long_name":"4","stop_id":"IDFM:7549","stop_name":"Rethondes","stop_lon":"2.226421655529021","stop_lat":"48.944200676093324","operatorname":"Keolis Argenteuil Boucles de Seine","shortname":"4","bookingrules":null,"mode":"Bus","nom_commune":"Argenteuil","code_insee":"95018"}},{"type":"Feature","geometry":{"type":"Point","coordinates":[2.2064141980723355,48.932999519673494]},"properties":{"id":"IDFM:C00295","route_long_name":"4","stop_id":"IDFM:7578","stop_name":"Albert 1er","stop_lon":"2.2064141980723355","stop_lat":"48.932999519673494","operatorname":"Keolis Argenteuil Boucles de Seine","shortname":"4","bookingrules":null,"mode":"Bus","nom_commune":"Bezons","code_insee":"95063"}},{"type":"Feature","geometry":{"type":"Point","coordinates":[2.208850926755662,48.924454228945216]},"properties":{"id":"IDFM:C00295","route_long_name":"4","stop_id":"IDFM:16917","stop_name":"\u00c9mile Zola","stop_lon":"2.208850926755662","stop_lat":"48.924454228945216","operatorname":"Keolis Argenteuil Boucles de Seine","shortname":"4","bookingrules":null,"mode":"Bus","nom_commune":"Bezons","code_insee":"95063"}},{"type":"Feature","geometry":{"type":"Point","coordinates":[2.206874794029545,48.92337997793642]},"properties":{"id":"IDFM:C00295","route_long_name":"4","stop_id":"IDFM:27034","stop_name":"Grand-Cerf","stop_lon":"2.206874794029545","stop_lat":"48.92337997793642","operatorname":"Keolis Argenteuil Boucles de Seine","shortname":"4","bookingrules":null,"mode":"Bus","nom_commune":"Bezons","code_insee":"95063"}},{"type":"Feature","geometry":{"type":"Point","coordinates":[2.119547162514242,48.886265991631134]},"properties":{"id":"IDFM:C02264","route_long_name":"20","stop_id":"IDFM:477595","stop_name":"All\u00e9e des Machines","stop_lon":"2.119547162514242","stop_lat":"48.886265991631134","operatorname":"Keolis Argenteuil Boucles de Seine","shortname":"20","bookingrules":null,"mode":"Bus","nom_commune":"Croissy-sur-Seine","code_insee":"78190"}},{"type":"Feature","geometry":{"type":"Point","coordinates":[2.1263356108411013,48.879129874627154]},"properties":{"id":"IDFM:C02264","route_long_name":"20","stop_id":"IDFM:32100","stop_name":"Stade Omnisports","stop_lon":"2.1263356108411013","stop_lat":"48.879129874627154","operatorname":"Keolis Argenteuil Boucles de Seine","shortname":"20","bookingrules":null,"mode":"Bus","nom_commune":"Croissy-sur-Seine","code_insee":"78190"}},{"type":"Feature","geometry":{"type":"Point","coordinates":[2.1320031273162066,48.879422921541185]},"properties":{"id":"IDFM:C02264","route_long_name":"20","stop_id":"IDFM:477590","stop_name":"Gabillons","stop_lon":"2.1320031273162066","stop_lat":"48.879422921541185","operatorname":"Keolis Argenteuil Boucles de Seine","shortname":"20","bookingrules":null,"mode":"Bus","nom_commune":"Croissy-sur-Seine","code_insee":"78190"}},{"type":"Feature","geometry":{"type":"Point","coordinates":[2.1296699614365706,48.88440639555159]},"properties":{"id":"IDFM:C02264","route_long_name":"20","stop_id":"IDFM:32228","stop_name":"\u00c9cole Princesse","stop_lon":"2.1296699614365706","stop_lat":"48.88440639555159","operatorname":"Keolis Argenteuil Boucles de Seine","shortname":"20","bookingrules":null,"mode":"Bus","nom_commune":"Le V\u00e9sinet","code_insee":"78650"}},{"type":"Feature","geometry":{"type":"Point","coordinates":[2.119600337238407,48.88634732438031]},"properties":{"id":"IDFM:C02264","route_long_name":"20","stop_id":"IDFM:477606","stop_name":"All\u00e9e des Machines","stop_lon":"2.119600337238407","stop_lat":"48.88634732438031","operatorname":"Keolis Argenteuil Boucles de Seine","shortname":"20","bookingrules":null,"mode":"Bus","nom_commune":"Le V\u00e9sinet","code_insee":"78650"}},{"type":"Feature","geometry":{"type":"Point","coordinates":[2.113715133636818,48.89159209006981]},"properties":{"id":"IDFM:C02264","route_long_name":"20","stop_id":"IDFM:34666","stop_name":"Cirsee Buisson","stop_lon":"2.113715133636818","stop_lat":"48.89159209006981","operatorname":"Keolis Argenteuil Boucles de Seine","shortname":"20","bookingrules":null,"mode":"Bus","nom_commune":"Le Pecq","code_insee":"78481"}},{"type":"Feature","geometry":{"type":"Point","coordinates":[2.1623796563086306,48.901691222015884]},"properties":{"id":"IDFM:C02142","route_long_name":"L","stop_id":"IDFM:411952","stop_name":"Parc de l'Europe","stop_lon":"2.1623796563086306","stop_lat":"48.901691222015884","operatorname":"Keolis Argenteuil Boucles de Seine","shortname":"L","bookingrules":null,"mode":"Bus","nom_commune":"Chatou","code_insee":"78146"}},{"type":"Feature","geometry":{"type":"Point","coordinates":[2.1558239562100696,48.88534911327494]},"properties":{"id":"IDFM:C02144","route_long_name":"T","stop_id":"IDFM:32359","stop_name":"Gare de Chatou - Croissy","stop_lon":"2.1558239562100696","stop_lat":"48.88534911327494","operatorname":"Keolis Argenteuil Boucles de Seine","shortname":"T","bookingrules":null,"mode":"Bus","nom_commune":"Chatou","code_insee":"78146"}},{"type":"Feature","geometry":{"type":"Point","coordinates":[2.1600038495693545,48.890837542543544]},"properties":{"id":"IDFM:C02144","route_long_name":"T","stop_id":"IDFM:32060","stop_name":"Docteur Rochefort","stop_lon":"2.1600038495693545","stop_lat":"48.890837542543544","operatorname":"Keolis Argenteuil Boucles de Seine","shortname":"T","bookingrules":null,"mode":"Bus","nom_commune":"Chatou","code_insee":"78146"}},{"type":"Feature","geometry":{"type":"Point","coordinates":[2.1574795872455814,48.89596404499914]},"properties":{"id":"IDFM:C02144","route_long_name":"T","stop_id":"IDFM:32135","stop_name":"Maurice Hardouin","stop_lon":"2.1574795872455814","stop_lat":"48.89596404499914","operatorname":"Keolis Argenteuil Boucles de Seine","shortname":"T","bookingrules":null,"mode":"Bus","nom_commune":"Chatou","code_insee":"78146"}},{"type":"Feature","geometry":{"type":"Point","coordinates":[2.161589096321601,48.90080434204862]},"properties":{"id":"IDFM:C02144","route_long_name":"T","stop_id":"IDFM:32109","stop_name":"Jean Jaur\u00e8s","stop_lon":"2.161589096321601","stop_lat":"48.90080434204862","operatorname":"Keolis Argenteuil Boucles de Seine","shortname":"T","bookingrules":null,"mode":"Bus","nom_commune":"Chatou","code_insee":"78146"}},{"type":"Feature","geometry":{"type":"Point","coordinates":[2.1526798310589497,48.90257628756355]},"properties":{"id":"IDFM:C02144","route_long_name":"T","stop_id":"IDFM:32126","stop_name":"Maurice de Vlaminck","stop_lon":"2.1526798310589497","stop_lat":"48.90257628756355","operatorname":"Keolis Argenteuil Boucles de Seine","shortname":"T","bookingrules":null,"mode":"Bus","nom_commune":"Chatou","code_insee":"78146"}},{"type":"Feature","geometry":{"type":"Point","coordinates":[2.1585983250053213,48.897635687983424]},"properties":{"id":"IDFM:C02144","route_long_name":"T","stop_id":"IDFM:474308","stop_name":"Rue Tahan","stop_lon":"2.1585983250053213","stop_lat":"48.897635687983424","operatorname":"Keolis Argenteuil Boucles de Seine","shortname":"T","bookingrules":null,"mode":"Bus","nom_commune":"Chatou","code_insee":"78146"}},{"type":"Feature","geometry":{"type":"Point","coordinates":[2.1581320009614195,48.88935846492753]},"properties":{"id":"IDFM:C02144","route_long_name":"T","stop_id":"IDFM:26635","stop_name":"Mairie","stop_lon":"2.1581320009614195","stop_lat":"48.88935846492753","operatorname":"Keolis Argenteuil Boucles de Seine","shortname":"T","bookingrules":null,"mode":"Bus","nom_commune":"Chatou","code_insee":"78146"}},{"type":"Feature","geometry":{"type":"Point","coordinates":[2.1599989164540023,48.89537019179461]},"properties":{"id":"IDFM:C02144","route_long_name":"T","stop_id":"IDFM:32020","stop_name":"Berthelot","stop_lon":"2.1599989164540023","stop_lat":"48.89537019179461","operatorname":"Keolis Argenteuil Boucles de Seine","shortname":"T","bookingrules":null,"mode":"Bus","nom_commune":"Chatou","code_insee":"78146"}},{"type":"Feature","geometry":{"type":"Point","coordinates":[2.1599989164540023,48.89537019179461]},"properties":{"id":"IDFM:C02145","route_long_name":"S3","stop_id":"IDFM:32020","stop_name":"Berthelot","stop_lon":"2.1599989164540023","stop_lat":"48.89537019179461","operatorname":"Keolis Argenteuil Boucles de Seine","shortname":"S3","bookingrules":null,"mode":"Bus","nom_commune":"Chatou","code_insee":"78146"}},{"type":"Feature","geometry":{"type":"Point","coordinates":[2.141770287478136,48.91061958958242]},"properties":{"id":"IDFM:C02145","route_long_name":"S3","stop_id":"IDFM:32030","stop_name":"Coll\u00e8ge Pablo Picasso","stop_lon":"2.141770287478136","stop_lat":"48.91061958958242","operatorname":"Keolis Argenteuil Boucles de Seine","shortname":"S3","bookingrules":null,"mode":"Bus","nom_commune":"Montesson","code_insee":"78418"}},{"type":"Feature","geometry":{"type":"Point","coordinates":[2.133466375647334,48.909489604321465]},"properties":{"id":"IDFM:C02145","route_long_name":"S3","stop_id":"IDFM:32057","stop_name":"Curie Pages","stop_lon":"2.133466375647334","stop_lat":"48.909489604321465","operatorname":"Keolis Argenteuil Boucles de Seine","shortname":"S3","bookingrules":null,"mode":"Bus","nom_commune":"Chatou","code_insee":"78146"}},{"type":"Feature","geometry":{"type":"Point","coordinates":[2.1556909408925464,48.90280439885476]},"properties":{"id":"IDFM:C02145","route_long_name":"S3","stop_id":"IDFM:474311","stop_name":"Renoir","stop_lon":"2.1556909408925464","stop_lat":"48.90280439885476","operatorname":"Keolis Argenteuil Boucles de Seine","shortname":"S3","bookingrules":null,"mode":"Bus","nom_commune":"Chatou","code_insee":"78146"}},{"type":"Feature","geometry":{"type":"Point","coordinates":[2.186201339767165,48.84211122550426]},"properties":{"id":"IDFM:C01491","route_long_name":"37","stop_id":"IDFM:34229","stop_name":"Mairie","stop_lon":"2.186201339767165","stop_lat":"48.84211122550426","operatorname":"Keolis Argenteuil Boucles de Seine","shortname":"37","bookingrules":null,"mode":"Bus","nom_commune":"Garches","code_insee":"92033"}},{"type":"Feature","geometry":{"type":"Point","coordinates":[2.1863752272522374,48.84231926577654]},"properties":{"id":"IDFM:C01491","route_long_name":"37","stop_id":"IDFM:34230","stop_name":"Mairie","stop_lon":"2.1863752272522374","stop_lat":"48.84231926577654","operatorname":"Keolis Argenteuil Boucles de Seine","shortname":"37","bookingrules":null,"mode":"Bus","nom_commune":"Garches","code_insee":"92033"}},{"type":"Feature","geometry":{"type":"Point","coordinates":[2.17139671600727,48.862263498121436]},"properties":{"id":"IDFM:C01491","route_long_name":"37","stop_id":"IDFM:36756","stop_name":"Saint-Cucufa","stop_lon":"2.17139671600727","stop_lat":"48.862263498121436","operatorname":"Keolis Argenteuil Boucles de Seine","shortname":"37","bookingrules":null,"mode":"Bus","nom_commune":"Rueil-Malmaison","code_insee":"92063"}},{"type":"Feature","geometry":{"type":"Point","coordinates":[2.212718274602781,48.85285630941064]},"properties":{"id":"IDFM:C01492","route_long_name":"40","stop_id":"IDFM:28535","stop_name":"Marie Bonaparte","stop_lon":"2.212718274602781","stop_lat":"48.85285630941064","operatorname":"Keolis Argenteuil Boucles de Seine","shortname":"40","bookingrules":null,"mode":"Bus","nom_commune":"Saint-Cloud","code_insee":"92064"}},{"type":"Feature","geometry":{"type":"Point","coordinates":[2.2314515681375133,48.87543505621925]},"properties":{"id":"IDFM:C01492","route_long_name":"40","stop_id":"IDFM:7931","stop_name":"Pompidou","stop_lon":"2.2314515681375133","stop_lat":"48.87543505621925","operatorname":"Keolis Argenteuil Boucles de Seine","shortname":"40","bookingrules":null,"mode":"Bus","nom_commune":"Suresnes","code_insee":"92073"}},{"type":"Feature","geometry":{"type":"Point","coordinates":[2.229237633327315,48.87301955863757]},"properties":{"id":"IDFM:C01492","route_long_name":"40","stop_id":"IDFM:34406","stop_name":"Jean Mac\u00e9","stop_lon":"2.229237633327315","stop_lat":"48.87301955863757","operatorname":"Keolis Argenteuil Boucles de Seine","shortname":"40","bookingrules":null,"mode":"Bus","nom_commune":"Suresnes","code_insee":"92073"}},{"type":"Feature","geometry":{"type":"Point","coordinates":[2.2275853440139457,48.87043676224457]},"properties":{"id":"IDFM:C01492","route_long_name":"40","stop_id":"IDFM:34181","stop_name":"Henri IV","stop_lon":"2.2275853440139457","stop_lat":"48.87043676224457","operatorname":"Keolis Argenteuil Boucles de Seine","shortname":"40","bookingrules":null,"mode":"Bus","nom_commune":"Suresnes","code_insee":"92073"}},{"type":"Feature","geometry":{"type":"Point","coordinates":[2.2237374952718567,48.86882900659682]},"properties":{"id":"IDFM:C01492","route_long_name":"40","stop_id":"IDFM:40598","stop_name":"De Gaulle","stop_lon":"2.2237374952718567","stop_lat":"48.86882900659682","operatorname":"Keolis Argenteuil Boucles de Seine","shortname":"40","bookingrules":null,"mode":"Bus","nom_commune":"Suresnes","code_insee":"92073"}},{"type":"Feature","geometry":{"type":"Point","coordinates":[2.2220193364428336,48.867945476620555]},"properties":{"id":"IDFM:C01492","route_long_name":"40","stop_id":"IDFM:34399","stop_name":"Suresnes - Longchamp","stop_lon":"2.2220193364428336","stop_lat":"48.867945476620555","operatorname":"Keolis Argenteuil Boucles de Seine","shortname":"40","bookingrules":null,"mode":"Bus","nom_commune":"Suresnes","code_insee":"92073"}},{"type":"Feature","geometry":{"type":"Point","coordinates":[2.218459425497317,48.863524425541385]},"properties":{"id":"IDFM:C01492","route_long_name":"40","stop_id":"IDFM:34371","stop_name":"Garibaldi","stop_lon":"2.218459425497317","stop_lat":"48.863524425541385","operatorname":"Keolis Argenteuil Boucles de Seine","shortname":"40","bookingrules":null,"mode":"Bus","nom_commune":"Suresnes","code_insee":"92073"}},{"type":"Feature","geometry":{"type":"Point","coordinates":[2.2129873278292163,48.85940546355416]},"properties":{"id":"IDFM:C01492","route_long_name":"40","stop_id":"IDFM:30171","stop_name":"Val d'Or","stop_lon":"2.2129873278292163","stop_lat":"48.85940546355416","operatorname":"Keolis Argenteuil Boucles de Seine","shortname":"40","bookingrules":null,"mode":"Bus","nom_commune":"Saint-Cloud","code_insee":"92064"}},{"type":"Feature","geometry":{"type":"Point","coordinates":[2.1426874489152734,48.878960298588275]},"properties":{"id":"IDFM:C01755","route_long_name":"D","stop_id":"IDFM:32156","stop_name":"Patte d'Oie","stop_lon":"2.1426874489152734","stop_lat":"48.878960298588275","operatorname":"Keolis Argenteuil Boucles de Seine","shortname":"D","bookingrules":null,"mode":"Bus","nom_commune":"Croissy-sur-Seine","code_insee":"78190"}},{"type":"Feature","geometry":{"type":"Point","coordinates":[2.1373222614412373,48.86617780213137]},"properties":{"id":"IDFM:C01755","route_long_name":"D","stop_id":"IDFM:32174","stop_name":"Pont de Bougival","stop_lon":"2.1373222614412373","stop_lat":"48.86617780213137","operatorname":"Keolis Argenteuil Boucles de Seine","shortname":"D","bookingrules":null,"mode":"Bus","nom_commune":"Bougival","code_insee":"78092"}},{"type":"Feature","geometry":{"type":"Point","coordinates":[2.138911985845546,48.85824781482581]},"properties":{"id":"IDFM:C01755","route_long_name":"D","stop_id":"IDFM:32214","stop_name":"Square de la Drionne","stop_lon":"2.138911985845546","stop_lat":"48.85824781482581","operatorname":"Keolis Argenteuil Boucles de Seine","shortname":"D","bookingrules":null,"mode":"Bus","nom_commune":"Bougival","code_insee":"78092"}},{"type":"Feature","geometry":{"type":"Point","coordinates":[2.1340403191529274,48.85777196643017]},"properties":{"id":"IDFM:C01755","route_long_name":"D","stop_id":"IDFM:32039","stop_name":"Chemin de Fer Martin","stop_lon":"2.1340403191529274","stop_lat":"48.85777196643017","operatorname":"Keolis Argenteuil Boucles de Seine","shortname":"D","bookingrules":null,"mode":"Bus","nom_commune":"Bougival","code_insee":"78092"}},{"type":"Feature","geometry":{"type":"Point","coordinates":[2.1295379922423336,48.85558979236447]},"properties":{"id":"IDFM:C01755","route_long_name":"D","stop_id":"IDFM:32046","stop_name":"Claude Monet","stop_lon":"2.1295379922423336","stop_lat":"48.85558979236447","operatorname":"Keolis Argenteuil Boucles de Seine","shortname":"D","bookingrules":null,"mode":"Bus","nom_commune":"Bougival","code_insee":"78092"}},{"type":"Feature","geometry":{"type":"Point","coordinates":[2.130637329582972,48.846882794829526]},"properties":{"id":"IDFM:C01755","route_long_name":"D","stop_id":"IDFM:32179","stop_name":"Pr\u00e9 d'Orient","stop_lon":"2.130637329582972","stop_lat":"48.846882794829526","operatorname":"Keolis Argenteuil Boucles de Seine","shortname":"D","bookingrules":null,"mode":"Bus","nom_commune":"La Celle-Saint-Cloud","code_insee":"78126"}},{"type":"Feature","geometry":{"type":"Point","coordinates":[2.1210781298267323,48.82788074404912]},"properties":{"id":"IDFM:C01755","route_long_name":"D","stop_id":"IDFM:4069","stop_name":"Charles P\u00e9guy","stop_lon":"2.1210781298267323","stop_lat":"48.82788074404912","operatorname":"Keolis Argenteuil Boucles de Seine","shortname":"D","bookingrules":null,"mode":"Bus","nom_commune":"Le Chesnay-Rocquencourt","code_insee":"78158"}},{"type":"Feature","geometry":{"type":"Point","coordinates":[2.128282053099443,48.82964232815399]},"properties":{"id":"IDFM:C01755","route_long_name":"D","stop_id":"IDFM:4275","stop_name":"H\u00f4pital Andr\u00e9 Mignot","stop_lon":"2.128282053099443","stop_lat":"48.82964232815399","operatorname":"Keolis Argenteuil Boucles de Seine","shortname":"D","bookingrules":null,"mode":"Bus","nom_commune":"Le Chesnay-Rocquencourt","code_insee":"78158"}},{"type":"Feature","geometry":{"type":"Point","coordinates":[2.13143901115018,48.854380454274725]},"properties":{"id":"IDFM:C01755","route_long_name":"D","stop_id":"IDFM:32170","stop_name":"Gare de Bougival","stop_lon":"2.13143901115018","stop_lat":"48.854380454274725","operatorname":"Keolis Argenteuil Boucles de Seine","shortname":"D","bookingrules":null,"mode":"Bus","nom_commune":"La Celle-Saint-Cloud","code_insee":"78126"}},{"type":"Feature","geometry":{"type":"Point","coordinates":[2.1396206125561257,48.863208445826125]},"properties":{"id":"IDFM:C01755","route_long_name":"D","stop_id":"IDFM:32022","stop_name":"Poste","stop_lon":"2.1396206125561257","stop_lat":"48.863208445826125","operatorname":"Keolis Argenteuil Boucles de Seine","shortname":"D","bookingrules":null,"mode":"Bus","nom_commune":"Bougival","code_insee":"78092"}},{"type":"Feature","geometry":{"type":"Point","coordinates":[2.1868003243147913,48.93645626032484]},"properties":{"id":"IDFM:C01775","route_long_name":"S6","stop_id":"IDFM:16914","stop_name":"Martyrs","stop_lon":"2.1868003243147913","stop_lat":"48.93645626032484","operatorname":"Keolis Argenteuil Boucles de Seine","shortname":"S6","bookingrules":null,"mode":"Bus","nom_commune":"Houilles","code_insee":"78311"}},{"type":"Feature","geometry":{"type":"Point","coordinates":[2.186351469806538,48.91889867583967]},"properties":{"id":"IDFM:C01775","route_long_name":"S6","stop_id":"IDFM:491805","stop_name":"Gare de Houilles - Carri\u00e8res-sur-Seine","stop_lon":"2.186351469806538","stop_lat":"48.91889867583967","operatorname":"Keolis Argenteuil Boucles de Seine","shortname":"S6","bookingrules":null,"mode":"Bus","nom_commune":"Houilles","code_insee":"78311"}},{"type":"Feature","geometry":{"type":"Point","coordinates":[2.1966231503348905,48.93239470234836]},"properties":{"id":"IDFM:C02629","route_long_name":"N","stop_id":"IDFM:488640","stop_name":"Charles Tellier","stop_lon":"2.1966231503348905","stop_lat":"48.93239470234836","operatorname":"Keolis Argenteuil Boucles de Seine","shortname":"N","bookingrules":null,"mode":"Bus","nom_commune":"Houilles","code_insee":"78311"}},{"type":"Feature","geometry":{"type":"Point","coordinates":[2.1980170365856972,48.93405875833429]},"properties":{"id":"IDFM:C02629","route_long_name":"N","stop_id":"IDFM:492924","stop_name":"Croizat","stop_lon":"2.1980170365856972","stop_lat":"48.93405875833429","operatorname":"Keolis Argenteuil Boucles de Seine","shortname":"N","bookingrules":null,"mode":"Bus","nom_commune":"Houilles","code_insee":"78311"}},{"type":"Feature","geometry":{"type":"Point","coordinates":[2.1899739434284715,48.925506203679426]},"properties":{"id":"IDFM:C02629","route_long_name":"N","stop_id":"IDFM:488680","stop_name":"Place de l'Abb\u00e9 Gr\u00e9goire","stop_lon":"2.1899739434284715","stop_lat":"48.925506203679426","operatorname":"Keolis Argenteuil Boucles de Seine","shortname":"N","bookingrules":null,"mode":"Bus","nom_commune":"Houilles","code_insee":"78311"}},{"type":"Feature","geometry":{"type":"Point","coordinates":[2.1894820295532478,48.932553458875745]},"properties":{"id":"IDFM:C02629","route_long_name":"N","stop_id":"IDFM:488676","stop_name":"\u00c9mile Benoit","stop_lon":"2.1894820295532478","stop_lat":"48.932553458875745","operatorname":"Keolis Argenteuil Boucles de Seine","shortname":"N","bookingrules":null,"mode":"Bus","nom_commune":"Houilles","code_insee":"78311"}},{"type":"Feature","geometry":{"type":"Point","coordinates":[2.1810026080113083,48.925813939730524]},"properties":{"id":"IDFM:C02629","route_long_name":"N","stop_id":"IDFM:488647","stop_name":"Metz","stop_lon":"2.1810026080113083","stop_lat":"48.925813939730524","operatorname":"Keolis Argenteuil Boucles de Seine","shortname":"N","bookingrules":null,"mode":"Bus","nom_commune":"Houilles","code_insee":"78311"}},{"type":"Feature","geometry":{"type":"Point","coordinates":[2.18568468141358,48.92575591824075]},"properties":{"id":"IDFM:C02629","route_long_name":"N","stop_id":"IDFM:488668","stop_name":"Commissariat","stop_lon":"2.18568468141358","stop_lat":"48.92575591824075","operatorname":"Keolis Argenteuil Boucles de Seine","shortname":"N","bookingrules":null,"mode":"Bus","nom_commune":"Houilles","code_insee":"78311"}},{"type":"Feature","geometry":{"type":"Point","coordinates":[2.185566806884046,48.94113324386045]},"properties":{"id":"IDFM:C02730","route_long_name":"26","stop_id":"IDFM:7641","stop_name":"Alphonse Allais","stop_lon":"2.185566806884046","stop_lat":"48.94113324386045","operatorname":"Keolis Argenteuil Boucles de Seine","shortname":"26","bookingrules":null,"mode":"Bus","nom_commune":"Sartrouville","code_insee":"78586"}},{"type":"Feature","geometry":{"type":"Point","coordinates":[2.190206081760731,48.93952795144092]},"properties":{"id":"IDFM:C02730","route_long_name":"26","stop_id":"IDFM:7650","stop_name":"Boulevard de Bezons","stop_lon":"2.190206081760731","stop_lat":"48.93952795144092","operatorname":"Keolis Argenteuil Boucles de Seine","shortname":"26","bookingrules":null,"mode":"Bus","nom_commune":"Sartrouville","code_insee":"78586"}},{"type":"Feature","geometry":{"type":"Point","coordinates":[2.194708090055038,48.94677064101065]},"properties":{"id":"IDFM:C02730","route_long_name":"26","stop_id":"IDFM:7676","stop_name":"Flaubert","stop_lon":"2.194708090055038","stop_lat":"48.94677064101065","operatorname":"Keolis Argenteuil Boucles de Seine","shortname":"26","bookingrules":null,"mode":"Bus","nom_commune":"Sartrouville","code_insee":"78586"}},{"type":"Feature","geometry":{"type":"Point","coordinates":[2.1763220464274,48.94646586130637]},"properties":{"id":"IDFM:C02730","route_long_name":"26","stop_id":"IDFM:5374","stop_name":"Vendanges","stop_lon":"2.1763220464274","stop_lat":"48.94646586130637","operatorname":"Keolis Argenteuil Boucles de Seine","shortname":"26","bookingrules":null,"mode":"Bus","nom_commune":"Sartrouville","code_insee":"78586"}},{"type":"Feature","geometry":{"type":"Point","coordinates":[2.167539067257234,48.944156946467096]},"properties":{"id":"IDFM:C02730","route_long_name":"26","stop_id":"IDFM:7732","stop_name":"Suger","stop_lon":"2.167539067257234","stop_lat":"48.944156946467096","operatorname":"Keolis Argenteuil Boucles de Seine","shortname":"26","bookingrules":null,"mode":"Bus","nom_commune":"Sartrouville","code_insee":"78586"}},{"type":"Feature","geometry":{"type":"Point","coordinates":[2.15839149333711,48.93742923698639]},"properties":{"id":"IDFM:C02731","route_long_name":"25","stop_id":"IDFM:7685","stop_name":"Gare de Sartrouville","stop_lon":"2.15839149333711","stop_lat":"48.93742923698639","operatorname":"Keolis Argenteuil Boucles de Seine","shortname":"25","bookingrules":null,"mode":"Bus","nom_commune":"Sartrouville","code_insee":"78586"}},{"type":"Feature","geometry":{"type":"Point","coordinates":[2.1809208456574067,48.949213240058945]},"properties":{"id":"IDFM:C02731","route_long_name":"25","stop_id":"IDFM:5371","stop_name":"La Garenne","stop_lon":"2.1809208456574067","stop_lat":"48.949213240058945","operatorname":"Keolis Argenteuil Boucles de Seine","shortname":"25","bookingrules":null,"mode":"Bus","nom_commune":"Sartrouville","code_insee":"78586"}},{"type":"Feature","geometry":{"type":"Point","coordinates":[2.1945067951431025,48.94654446522065]},"properties":{"id":"IDFM:C02731","route_long_name":"25","stop_id":"IDFM:7675","stop_name":"Flaubert","stop_lon":"2.1945067951431025","stop_lat":"48.94654446522065","operatorname":"Keolis Argenteuil Boucles de Seine","shortname":"25","bookingrules":null,"mode":"Bus","nom_commune":"Sartrouville","code_insee":"78586"}},{"type":"Feature","geometry":{"type":"Point","coordinates":[2.1935422008860344,48.94095335087658]},"properties":{"id":"IDFM:C02731","route_long_name":"25","stop_id":"IDFM:7735","stop_name":"Th\u00e9\u00e2tre","stop_lon":"2.1935422008860344","stop_lat":"48.94095335087658","operatorname":"Keolis Argenteuil Boucles de Seine","shortname":"25","bookingrules":null,"mode":"Bus","nom_commune":"Sartrouville","code_insee":"78586"}},{"type":"Feature","geometry":{"type":"Point","coordinates":[2.173985432160638,48.93455202934079]},"properties":{"id":"IDFM:C02731","route_long_name":"25","stop_id":"IDFM:479072","stop_name":"Henri Brisson","stop_lon":"2.173985432160638","stop_lat":"48.93455202934079","operatorname":"Keolis Argenteuil Boucles de Seine","shortname":"25","bookingrules":null,"mode":"Bus","nom_commune":"Sartrouville","code_insee":"78586"}},{"type":"Feature","geometry":{"type":"Point","coordinates":[2.1671233961936633,48.934306690871104]},"properties":{"id":"IDFM:C02731","route_long_name":"25","stop_id":"IDFM:7663","stop_name":"Convention","stop_lon":"2.1671233961936633","stop_lat":"48.934306690871104","operatorname":"Keolis Argenteuil Boucles de Seine","shortname":"25","bookingrules":null,"mode":"Bus","nom_commune":"Sartrouville","code_insee":"78586"}},{"type":"Feature","geometry":{"type":"Point","coordinates":[2.1649284344517286,48.932438842069736]},"properties":{"id":"IDFM:C02731","route_long_name":"25","stop_id":"IDFM:7737","stop_name":"Turgot","stop_lon":"2.1649284344517286","stop_lat":"48.932438842069736","operatorname":"Keolis Argenteuil Boucles de Seine","shortname":"25","bookingrules":null,"mode":"Bus","nom_commune":"Sartrouville","code_insee":"78586"}},{"type":"Feature","geometry":{"type":"Point","coordinates":[2.166653802994908,48.96021215524803]},"properties":{"id":"IDFM:C02683","route_long_name":"60","stop_id":"IDFM:34921","stop_name":"Square Le Kain","stop_lon":"2.166653802994908","stop_lat":"48.96021215524803","operatorname":"Keolis Argenteuil Boucles de Seine","shortname":"60","bookingrules":null,"mode":"Bus","nom_commune":"Maisons-Laffitte","code_insee":"78358"}},{"type":"Feature","geometry":{"type":"Point","coordinates":[2.163629485091835,48.96059577737408]},"properties":{"id":"IDFM:C02683","route_long_name":"60","stop_id":"IDFM:34922","stop_name":"Mademoiselle Mars","stop_lon":"2.163629485091835","stop_lat":"48.96059577737408","operatorname":"Keolis Argenteuil Boucles de Seine","shortname":"60","bookingrules":null,"mode":"Bus","nom_commune":"Maisons-Laffitte","code_insee":"78358"}},{"type":"Feature","geometry":{"type":"Point","coordinates":[2.153765025510047,48.96001397391462]},"properties":{"id":"IDFM:C02684","route_long_name":"61","stop_id":"IDFM:34924","stop_name":"Place Napol\u00e9on","stop_lon":"2.153765025510047","stop_lat":"48.96001397391462","operatorname":"Keolis Argenteuil Boucles de Seine","shortname":"61","bookingrules":null,"mode":"Bus","nom_commune":"Maisons-Laffitte","code_insee":"78358"}},{"type":"Feature","geometry":{"type":"Point","coordinates":[2.1332067201703935,48.9439225963491]},"properties":{"id":"IDFM:C02685","route_long_name":"62","stop_id":"IDFM:34936","stop_name":"Rue du Tir","stop_lon":"2.1332067201703935","stop_lat":"48.9439225963491","operatorname":"Keolis Argenteuil Boucles de Seine","shortname":"62","bookingrules":null,"mode":"Bus","nom_commune":"Maisons-Laffitte","code_insee":"78358"}},{"type":"Feature","geometry":{"type":"Point","coordinates":[2.1297589089421933,48.94354688676935]},"properties":{"id":"IDFM:C02685","route_long_name":"62","stop_id":"IDFM:34938","stop_name":"Rue de Romilly","stop_lon":"2.1297589089421933","stop_lat":"48.94354688676935","operatorname":"Keolis Argenteuil Boucles de Seine","shortname":"62","bookingrules":null,"mode":"Bus","nom_commune":"Maisons-Laffitte","code_insee":"78358"}},{"type":"Feature","geometry":{"type":"Point","coordinates":[2.139518164654168,48.94120720679301]},"properties":{"id":"IDFM:C02685","route_long_name":"62","stop_id":"IDFM:35060","stop_name":"R\u00e9publique","stop_lon":"2.139518164654168","stop_lat":"48.94120720679301","operatorname":"Keolis Argenteuil Boucles de Seine","shortname":"62","bookingrules":null,"mode":"Bus","nom_commune":"Maisons-Laffitte","code_insee":"78358"}},{"type":"Feature","geometry":{"type":"Point","coordinates":[2.1640918205739514,48.92844006999559]},"properties":{"id":"IDFM:C02686","route_long_name":"63","stop_id":"IDFM:13112","stop_name":"Lyc\u00e9e Evariste Galois","stop_lon":"2.1640918205739514","stop_lat":"48.92844006999559","operatorname":"Keolis Argenteuil Boucles de Seine","shortname":"63","bookingrules":null,"mode":"Bus","nom_commune":"Sartrouville","code_insee":"78586"}},{"type":"Feature","geometry":{"type":"Point","coordinates":[2.160473268155204,48.950537642907584]},"properties":{"id":"IDFM:C02686","route_long_name":"63","stop_id":"IDFM:34915","stop_name":"Talma","stop_lon":"2.160473268155204","stop_lat":"48.950537642907584","operatorname":"Keolis Argenteuil Boucles de Seine","shortname":"63","bookingrules":null,"mode":"Bus","nom_commune":"Maisons-Laffitte","code_insee":"78358"}},{"type":"Feature","geometry":{"type":"Point","coordinates":[2.1618925471816235,48.95397387874829]},"properties":{"id":"IDFM:C02686","route_long_name":"63","stop_id":"IDFM:34917","stop_name":"Les Trois Ch\u00eanes","stop_lon":"2.1618925471816235","stop_lat":"48.95397387874829","operatorname":"Keolis Argenteuil Boucles de Seine","shortname":"63","bookingrules":null,"mode":"Bus","nom_commune":"Maisons-Laffitte","code_insee":"78358"}},{"type":"Feature","geometry":{"type":"Point","coordinates":[2.1640672164900874,48.955454904181735]},"properties":{"id":"IDFM:C02686","route_long_name":"63","stop_id":"IDFM:34919","stop_name":"Place Charlemagne","stop_lon":"2.1640672164900874","stop_lat":"48.955454904181735","operatorname":"Keolis Argenteuil Boucles de Seine","shortname":"63","bookingrules":null,"mode":"Bus","nom_commune":"Maisons-Laffitte","code_insee":"78358"}},{"type":"Feature","geometry":{"type":"Point","coordinates":[2.166811570385431,48.958036978428666]},"properties":{"id":"IDFM:C02686","route_long_name":"63","stop_id":"IDFM:34920","stop_name":"Place Montaigne","stop_lon":"2.166811570385431","stop_lat":"48.958036978428666","operatorname":"Keolis Argenteuil Boucles de Seine","shortname":"63","bookingrules":null,"mode":"Bus","nom_commune":"Maisons-Laffitte","code_insee":"78358"}},{"type":"Feature","geometry":{"type":"Point","coordinates":[2.1702453867765743,48.905451222470056]},"properties":{"id":"IDFM:C02146","route_long_name":"S4","stop_id":"IDFM:32017","stop_name":"Bercail","stop_lon":"2.1702453867765743","stop_lat":"48.905451222470056","operatorname":"Keolis Argenteuil Boucles de Seine","shortname":"S4","bookingrules":null,"mode":"Bus","nom_commune":"Carri\u00e8res-sur-Seine","code_insee":"78124"}},{"type":"Feature","geometry":{"type":"Point","coordinates":[2.182678139068851,48.9103750842666]},"properties":{"id":"IDFM:C02146","route_long_name":"S4","stop_id":"IDFM:32363","stop_name":"Salle des F\u00eates","stop_lon":"2.182678139068851","stop_lat":"48.9103750842666","operatorname":"Keolis Argenteuil Boucles de Seine","shortname":"S4","bookingrules":null,"mode":"Bus","nom_commune":"Carri\u00e8res-sur-Seine","code_insee":"78124"}},{"type":"Feature","geometry":{"type":"Point","coordinates":[2.1747875734270483,48.907218307798715]},"properties":{"id":"IDFM:C02146","route_long_name":"S4","stop_id":"IDFM:32132","stop_name":"\u00c9galit\u00e9","stop_lon":"2.1747875734270483","stop_lat":"48.907218307798715","operatorname":"Keolis Argenteuil Boucles de Seine","shortname":"S4","bookingrules":null,"mode":"Bus","nom_commune":"Carri\u00e8res-sur-Seine","code_insee":"78124"}},{"type":"Feature","geometry":{"type":"Point","coordinates":[2.1532708665885174,48.93501000686132]},"properties":{"id":"IDFM:C02147","route_long_name":"S7","stop_id":"IDFM:32219","stop_name":"Strasbourg","stop_lon":"2.1532708665885174","stop_lat":"48.93501000686132","operatorname":"Keolis Argenteuil Boucles de Seine","shortname":"S7","bookingrules":null,"mode":"Bus","nom_commune":"Sartrouville","code_insee":"78586"}},{"type":"Feature","geometry":{"type":"Point","coordinates":[2.1519730601086446,48.93423641845924]},"properties":{"id":"IDFM:C02147","route_long_name":"S7","stop_id":"IDFM:32218","stop_name":"Strasbourg","stop_lon":"2.1519730601086446","stop_lat":"48.93423641845924","operatorname":"Keolis Argenteuil Boucles de Seine","shortname":"S7","bookingrules":null,"mode":"Bus","nom_commune":"Sartrouville","code_insee":"78586"}},{"type":"Feature","geometry":{"type":"Point","coordinates":[2.143010392570183,48.92893866625447]},"properties":{"id":"IDFM:C02148","route_long_name":"S1","stop_id":"IDFM:460440","stop_name":"Centre Commercial","stop_lon":"2.143010392570183","stop_lat":"48.92893866625447","operatorname":"Keolis Argenteuil Boucles de Seine","shortname":"S1","bookingrules":null,"mode":"Bus","nom_commune":"Montesson","code_insee":"78418"}},{"type":"Feature","geometry":{"type":"Point","coordinates":[2.1477771167575193,48.93206629596574]},"properties":{"id":"IDFM:C02148","route_long_name":"S1","stop_id":"IDFM:460448","stop_name":"Montgolfier","stop_lon":"2.1477771167575193","stop_lat":"48.93206629596574","operatorname":"Keolis Argenteuil Boucles de Seine","shortname":"S1","bookingrules":null,"mode":"Bus","nom_commune":"Sartrouville","code_insee":"78586"}},{"type":"Feature","geometry":{"type":"Point","coordinates":[2.1477771167575193,48.93206629596574]},"properties":{"id":"IDFM:C02149","route_long_name":"B","stop_id":"IDFM:460448","stop_name":"Montgolfier","stop_lon":"2.1477771167575193","stop_lat":"48.93206629596574","operatorname":"Keolis Argenteuil Boucles de Seine","shortname":"B","bookingrules":null,"mode":"Bus","nom_commune":"Sartrouville","code_insee":"78586"}},{"type":"Feature","geometry":{"type":"Point","coordinates":[2.146746822256845,48.91166238862538]},"properties":{"id":"IDFM:C02149","route_long_name":"B","stop_id":"IDFM:32044","stop_name":"Cimeti\u00e8re","stop_lon":"2.146746822256845","stop_lat":"48.91166238862538","operatorname":"Keolis Argenteuil Boucles de Seine","shortname":"B","bookingrules":null,"mode":"Bus","nom_commune":"Montesson","code_insee":"78418"}},{"type":"Feature","geometry":{"type":"Point","coordinates":[2.146691849437424,48.905861313522244]},"properties":{"id":"IDFM:C02149","route_long_name":"B","stop_id":"IDFM:32344","stop_name":"Aristide Briand","stop_lon":"2.146691849437424","stop_lat":"48.905861313522244","operatorname":"Keolis Argenteuil Boucles de Seine","shortname":"B","bookingrules":null,"mode":"Bus","nom_commune":"Montesson","code_insee":"78418"}},{"type":"Feature","geometry":{"type":"Point","coordinates":[2.1526798310589497,48.90257628756355]},"properties":{"id":"IDFM:C02149","route_long_name":"B","stop_id":"IDFM:32126","stop_name":"Maurice de Vlaminck","stop_lon":"2.1526798310589497","stop_lat":"48.90257628756355","operatorname":"Keolis Argenteuil Boucles de Seine","shortname":"B","bookingrules":null,"mode":"Bus","nom_commune":"Chatou","code_insee":"78146"}},{"type":"Feature","geometry":{"type":"Point","coordinates":[2.1514365942972047,48.893484161536264]},"properties":{"id":"IDFM:C02149","route_long_name":"B","stop_id":"IDFM:32188","stop_name":"R\u00e9publique Path\u00e9","stop_lon":"2.1514365942972047","stop_lat":"48.893484161536264","operatorname":"Keolis Argenteuil Boucles de Seine","shortname":"B","bookingrules":null,"mode":"Bus","nom_commune":"Chatou","code_insee":"78146"}},{"type":"Feature","geometry":{"type":"Point","coordinates":[2.152378870209398,48.90262811813954]},"properties":{"id":"IDFM:C02149","route_long_name":"B","stop_id":"IDFM:32293","stop_name":"Maurice de Vlaminck","stop_lon":"2.152378870209398","stop_lat":"48.90262811813954","operatorname":"Keolis Argenteuil Boucles de Seine","shortname":"B","bookingrules":null,"mode":"Bus","nom_commune":"Chatou","code_insee":"78146"}},{"type":"Feature","geometry":{"type":"Point","coordinates":[2.154844539369084,48.90704328079454]},"properties":{"id":"IDFM:C02149","route_long_name":"B","stop_id":"IDFM:32036","stop_name":"Champs Roger","stop_lon":"2.154844539369084","stop_lat":"48.90704328079454","operatorname":"Keolis Argenteuil Boucles de Seine","shortname":"B","bookingrules":null,"mode":"Bus","nom_commune":"Montesson","code_insee":"78418"}},{"type":"Feature","geometry":{"type":"Point","coordinates":[2.1329674619374894,48.92060167952658]},"properties":{"id":"IDFM:C02149","route_long_name":"B","stop_id":"IDFM:32167","stop_name":"P\u00e9ri Borde","stop_lon":"2.1329674619374894","stop_lat":"48.92060167952658","operatorname":"Keolis Argenteuil Boucles de Seine","shortname":"B","bookingrules":null,"mode":"Bus","nom_commune":"Montesson","code_insee":"78418"}},{"type":"Feature","geometry":{"type":"Point","coordinates":[2.1532708665885174,48.93501000686132]},"properties":{"id":"IDFM:C02149","route_long_name":"B","stop_id":"IDFM:32219","stop_name":"Strasbourg","stop_lon":"2.1532708665885174","stop_lat":"48.93501000686132","operatorname":"Keolis Argenteuil Boucles de Seine","shortname":"B","bookingrules":null,"mode":"Bus","nom_commune":"Sartrouville","code_insee":"78586"}},{"type":"Feature","geometry":{"type":"Point","coordinates":[2.1292042438965946,48.90980943600082]},"properties":{"id":"IDFM:C02150","route_long_name":"F","stop_id":"IDFM:32053","stop_name":"Cormeilles","stop_lon":"2.1292042438965946","stop_lat":"48.90980943600082","operatorname":"Keolis Argenteuil Boucles de Seine","shortname":"F","bookingrules":null,"mode":"Bus","nom_commune":"Chatou","code_insee":"78146"}},{"type":"Feature","geometry":{"type":"Point","coordinates":[2.1228689080732366,48.905230566413344]},"properties":{"id":"IDFM:C02150","route_long_name":"F","stop_id":"IDFM:32143","stop_name":"Franklin Roosevelt","stop_lon":"2.1228689080732366","stop_lat":"48.905230566413344","operatorname":"Keolis Argenteuil Boucles de Seine","shortname":"F","bookingrules":null,"mode":"Bus","nom_commune":"Le V\u00e9sinet","code_insee":"78650"}},{"type":"Feature","geometry":{"type":"Point","coordinates":[2.1267358295935344,48.90811870687795]},"properties":{"id":"IDFM:C02150","route_long_name":"F","stop_id":"IDFM:32341","stop_name":"Roger Salengro","stop_lon":"2.1267358295935344","stop_lat":"48.90811870687795","operatorname":"Keolis Argenteuil Boucles de Seine","shortname":"F","bookingrules":null,"mode":"Bus","nom_commune":"Chatou","code_insee":"78146"}},{"type":"Feature","geometry":{"type":"Point","coordinates":[2.132087649837766,48.90871519028165]},"properties":{"id":"IDFM:C02150","route_long_name":"F","stop_id":"IDFM:32221","stop_name":"Terres Blanches","stop_lon":"2.132087649837766","stop_lat":"48.90871519028165","operatorname":"Keolis Argenteuil Boucles de Seine","shortname":"F","bookingrules":null,"mode":"Bus","nom_commune":"Chatou","code_insee":"78146"}},{"type":"Feature","geometry":{"type":"Point","coordinates":[2.1846236441510403,48.90985774078718]},"properties":{"id":"IDFM:C02151","route_long_name":"S5","stop_id":"IDFM:32103","stop_name":"Jardins Sportifs","stop_lon":"2.1846236441510403","stop_lat":"48.90985774078718","operatorname":"Keolis Argenteuil Boucles de Seine","shortname":"S5","bookingrules":null,"mode":"Bus","nom_commune":"Carri\u00e8res-sur-Seine","code_insee":"78124"}},{"type":"Feature","geometry":{"type":"Point","coordinates":[2.186351469806538,48.91889867583967]},"properties":{"id":"IDFM:C02151","route_long_name":"S5","stop_id":"IDFM:491805","stop_name":"Gare de Houilles - Carri\u00e8res-sur-Seine","stop_lon":"2.186351469806538","stop_lat":"48.91889867583967","operatorname":"Keolis Argenteuil Boucles de Seine","shortname":"S5","bookingrules":null,"mode":"Bus","nom_commune":"Houilles","code_insee":"78311"}},{"type":"Feature","geometry":{"type":"Point","coordinates":[2.16584249508659,48.91118533848771]},"properties":{"id":"IDFM:C02152","route_long_name":"P","stop_id":"IDFM:32236","stop_name":"Konica JVC","stop_lon":"2.16584249508659","stop_lat":"48.91118533848771","operatorname":"Keolis Argenteuil Boucles de Seine","shortname":"P","bookingrules":null,"mode":"Bus","nom_commune":"Carri\u00e8res-sur-Seine","code_insee":"78124"}},{"type":"Feature","geometry":{"type":"Point","coordinates":[2.1716910261190727,48.91319544295702]},"properties":{"id":"IDFM:C02152","route_long_name":"P","stop_id":"IDFM:474314","stop_name":"Lyc\u00e9e Les Pierres Vives","stop_lon":"2.1716910261190727","stop_lat":"48.91319544295702","operatorname":"Keolis Argenteuil Boucles de Seine","shortname":"P","bookingrules":null,"mode":"Bus","nom_commune":"Carri\u00e8res-sur-Seine","code_insee":"78124"}},{"type":"Feature","geometry":{"type":"Point","coordinates":[2.158801926771146,48.90867194546936]},"properties":{"id":"IDFM:C02152","route_long_name":"P","stop_id":"IDFM:474321","stop_name":"Le Montoir","stop_lon":"2.158801926771146","stop_lat":"48.90867194546936","operatorname":"Keolis Argenteuil Boucles de Seine","shortname":"P","bookingrules":null,"mode":"Bus","nom_commune":"Montesson","code_insee":"78418"}},{"type":"Feature","geometry":{"type":"Point","coordinates":[2.1494434536716747,48.907787468395334]},"properties":{"id":"IDFM:C02152","route_long_name":"P","stop_id":"IDFM:32065","stop_name":"\u00c9glise","stop_lon":"2.1494434536716747","stop_lat":"48.907787468395334","operatorname":"Keolis Argenteuil Boucles de Seine","shortname":"P","bookingrules":null,"mode":"Bus","nom_commune":"Montesson","code_insee":"78418"}},{"type":"Feature","geometry":{"type":"Point","coordinates":[2.1500491690130175,48.91246827997253]},"properties":{"id":"IDFM:C02152","route_long_name":"P","stop_id":"IDFM:474309","stop_name":"La Tour","stop_lon":"2.1500491690130175","stop_lat":"48.91246827997253","operatorname":"Keolis Argenteuil Boucles de Seine","shortname":"P","bookingrules":null,"mode":"Bus","nom_commune":"Montesson","code_insee":"78418"}},{"type":"Feature","geometry":{"type":"Point","coordinates":[2.1206220323442984,48.911446478688056]},"properties":{"id":"IDFM:C02152","route_long_name":"P","stop_id":"IDFM:460455","stop_name":"Berges de Montesson","stop_lon":"2.1206220323442984","stop_lat":"48.911446478688056","operatorname":"Keolis Argenteuil Boucles de Seine","shortname":"P","bookingrules":null,"mode":"Bus","nom_commune":"Montesson","code_insee":"78418"}},{"type":"Feature","geometry":{"type":"Point","coordinates":[2.1553850834543495,48.90736185940447]},"properties":{"id":"IDFM:C02153","route_long_name":"S2","stop_id":"IDFM:32337","stop_name":"Champs Roger","stop_lon":"2.1553850834543495","stop_lat":"48.90736185940447","operatorname":"Keolis Argenteuil Boucles de Seine","shortname":"S2","bookingrules":null,"mode":"Bus","nom_commune":"Montesson","code_insee":"78418"}},{"type":"Feature","geometry":{"type":"Point","coordinates":[2.147153431872568,48.90599950092945]},"properties":{"id":"IDFM:C02153","route_long_name":"S2","stop_id":"IDFM:32336","stop_name":"Aristide Briand","stop_lon":"2.147153431872568","stop_lat":"48.90599950092945","operatorname":"Keolis Argenteuil Boucles de Seine","shortname":"S2","bookingrules":null,"mode":"Bus","nom_commune":"Montesson","code_insee":"78418"}},{"type":"Feature","geometry":{"type":"Point","coordinates":[2.1494434536716747,48.907787468395334]},"properties":{"id":"IDFM:C02153","route_long_name":"S2","stop_id":"IDFM:32065","stop_name":"\u00c9glise","stop_lon":"2.1494434536716747","stop_lat":"48.907787468395334","operatorname":"Keolis Argenteuil Boucles de Seine","shortname":"S2","bookingrules":null,"mode":"Bus","nom_commune":"Montesson","code_insee":"78418"}},{"type":"Feature","geometry":{"type":"Point","coordinates":[2.1206220323442984,48.911446478688056]},"properties":{"id":"IDFM:C02153","route_long_name":"S2","stop_id":"IDFM:460455","stop_name":"Berges de Montesson","stop_lon":"2.1206220323442984","stop_lat":"48.911446478688056","operatorname":"Keolis Argenteuil Boucles de Seine","shortname":"S2","bookingrules":null,"mode":"Bus","nom_commune":"Montesson","code_insee":"78418"}},{"type":"Feature","geometry":{"type":"Point","coordinates":[2.2121426653222915,48.95491713373665]},"properties":{"id":"IDFM:C01822","route_long_name":"17","stop_id":"IDFM:17598","stop_name":"Jules Vercruysse","stop_lon":"2.2121426653222915","stop_lat":"48.95491713373665","operatorname":"Keolis Argenteuil Boucles de Seine","shortname":"17","bookingrules":null,"mode":"Bus","nom_commune":"Argenteuil","code_insee":"95018"}},{"type":"Feature","geometry":{"type":"Point","coordinates":[2.2097030843088916,48.957302166346494]},"properties":{"id":"IDFM:C01822","route_long_name":"17","stop_id":"IDFM:17597","stop_name":"Chemin Vert","stop_lon":"2.2097030843088916","stop_lat":"48.957302166346494","operatorname":"Keolis Argenteuil Boucles de Seine","shortname":"17","bookingrules":null,"mode":"Bus","nom_commune":"Argenteuil","code_insee":"95018"}},{"type":"Feature","geometry":{"type":"Point","coordinates":[2.209015623741476,48.95042708896975]},"properties":{"id":"IDFM:C01822","route_long_name":"17","stop_id":"IDFM:20149","stop_name":"Fosse aux Loups","stop_lon":"2.209015623741476","stop_lat":"48.95042708896975","operatorname":"Keolis Argenteuil Boucles de Seine","shortname":"17","bookingrules":null,"mode":"Bus","nom_commune":"Argenteuil","code_insee":"95018"}},{"type":"Feature","geometry":{"type":"Point","coordinates":[2.216430390303138,48.94766999865123]},"properties":{"id":"IDFM:C01822","route_long_name":"17","stop_id":"IDFM:7562","stop_name":"Jean-Pierre Timbaud","stop_lon":"2.216430390303138","stop_lat":"48.94766999865123","operatorname":"Keolis Argenteuil Boucles de Seine","shortname":"17","bookingrules":null,"mode":"Bus","nom_commune":"Argenteuil","code_insee":"95018"}},{"type":"Feature","geometry":{"type":"Point","coordinates":[2.136173831869594,48.93871905266561]},"properties":{"id":"IDFM:C01473","route_long_name":"2","stop_id":"IDFM:35058","stop_name":"Procession","stop_lon":"2.136173831869594","stop_lat":"48.93871905266561","operatorname":"Keolis Argenteuil Boucles de Seine","shortname":"2","bookingrules":null,"mode":"Bus","nom_commune":"Le Mesnil-le-Roi","code_insee":"78396"}},{"type":"Feature","geometry":{"type":"Point","coordinates":[2.126510805307902,48.94185055420012]},"properties":{"id":"IDFM:C01473","route_long_name":"2","stop_id":"IDFM:420897","stop_name":"Cit\u00e9 des Tilleuls","stop_lon":"2.126510805307902","stop_lat":"48.94185055420012","operatorname":"Keolis Argenteuil Boucles de Seine","shortname":"2","bookingrules":null,"mode":"Bus","nom_commune":"Le Mesnil-le-Roi","code_insee":"78396"}},{"type":"Feature","geometry":{"type":"Point","coordinates":[2.130702469829048,48.93855359196849]},"properties":{"id":"IDFM:C01473","route_long_name":"2","stop_id":"IDFM:34945","stop_name":"Jean Jaur\u00e8s","stop_lon":"2.130702469829048","stop_lat":"48.93855359196849","operatorname":"Keolis Argenteuil Boucles de Seine","shortname":"2","bookingrules":null,"mode":"Bus","nom_commune":"Le Mesnil-le-Roi","code_insee":"78396"}},{"type":"Feature","geometry":{"type":"Point","coordinates":[2.113086909099593,48.922065955393045]},"properties":{"id":"IDFM:C01473","route_long_name":"2","stop_id":"IDFM:495727","stop_name":"Strasbourg Paymal","stop_lon":"2.113086909099593","stop_lat":"48.922065955393045","operatorname":"Keolis Argenteuil Boucles de Seine","shortname":"2","bookingrules":null,"mode":"Bus","nom_commune":"Le Mesnil-le-Roi","code_insee":"78396"}},{"type":"Feature","geometry":{"type":"Point","coordinates":[2.1084981187214575,48.920673919241615]},"properties":{"id":"IDFM:C01473","route_long_name":"2","stop_id":"IDFM:495728","stop_name":"Ch\u00e2teau du Val","stop_lon":"2.1084981187214575","stop_lat":"48.920673919241615","operatorname":"Keolis Argenteuil Boucles de Seine","shortname":"2","bookingrules":null,"mode":"Bus","nom_commune":"Saint-Germain-en-Laye","code_insee":"78551"}},{"type":"Feature","geometry":{"type":"Point","coordinates":[2.076635121307304,48.89443265365491]},"properties":{"id":"IDFM:C01473","route_long_name":"2","stop_id":"IDFM:32318","stop_name":"Nicot \/ \u00c9cole Notre-Dame","stop_lon":"2.076635121307304","stop_lat":"48.89443265365491","operatorname":"Keolis Argenteuil Boucles de Seine","shortname":"2","bookingrules":null,"mode":"Bus","nom_commune":"Saint-Germain-en-Laye","code_insee":"78551"}},{"type":"Feature","geometry":{"type":"Point","coordinates":[2.109192154526943,48.92078700043731]},"properties":{"id":"IDFM:C01473","route_long_name":"2","stop_id":"IDFM:495730","stop_name":"Ch\u00e2teau du Val","stop_lon":"2.109192154526943","stop_lat":"48.92078700043731","operatorname":"Keolis Argenteuil Boucles de Seine","shortname":"2","bookingrules":null,"mode":"Bus","nom_commune":"Le Mesnil-le-Roi","code_insee":"78396"}},{"type":"Feature","geometry":{"type":"Point","coordinates":[2.1339324106987707,48.93723700526685]},"properties":{"id":"IDFM:C01473","route_long_name":"2","stop_id":"IDFM:34948","stop_name":"Croix Bosset","stop_lon":"2.1339324106987707","stop_lat":"48.93723700526685","operatorname":"Keolis Argenteuil Boucles de Seine","shortname":"2","bookingrules":null,"mode":"Bus","nom_commune":"Le Mesnil-le-Roi","code_insee":"78396"}},{"type":"Feature","geometry":{"type":"Point","coordinates":[2.1365548252260282,48.93879374249152]},"properties":{"id":"IDFM:C01473","route_long_name":"2","stop_id":"IDFM:35056","stop_name":"Procession","stop_lon":"2.1365548252260282","stop_lat":"48.93879374249152","operatorname":"Keolis Argenteuil Boucles de Seine","shortname":"2","bookingrules":null,"mode":"Bus","nom_commune":"Le Mesnil-le-Roi","code_insee":"78396"}},{"type":"Feature","geometry":{"type":"Point","coordinates":[2.1254057977779275,48.9401787792495]},"properties":{"id":"IDFM:C01473","route_long_name":"2","stop_id":"IDFM:34943","stop_name":"Cit\u00e9 des Peupliers","stop_lon":"2.1254057977779275","stop_lat":"48.9401787792495","operatorname":"Keolis Argenteuil Boucles de Seine","shortname":"2","bookingrules":null,"mode":"Bus","nom_commune":"Le Mesnil-le-Roi","code_insee":"78396"}},{"type":"Feature","geometry":{"type":"Point","coordinates":[2.129843070323957,48.943412602134906]},"properties":{"id":"IDFM:C01473","route_long_name":"2","stop_id":"IDFM:34939","stop_name":"Rue de Romilly","stop_lon":"2.129843070323957","stop_lat":"48.943412602134906","operatorname":"Keolis Argenteuil Boucles de Seine","shortname":"2","bookingrules":null,"mode":"Bus","nom_commune":"Le Mesnil-le-Roi","code_insee":"78396"}},{"type":"Feature","geometry":{"type":"Point","coordinates":[2.1458242182099903,48.94626142230701]},"properties":{"id":"IDFM:C01473","route_long_name":"2","stop_id":"IDFM:34903","stop_name":"H\u00f4tel de Ville","stop_lon":"2.1458242182099903","stop_lat":"48.94626142230701","operatorname":"Keolis Argenteuil Boucles de Seine","shortname":"2","bookingrules":null,"mode":"Bus","nom_commune":"Maisons-Laffitte","code_insee":"78358"}},{"type":"Feature","geometry":{"type":"Point","coordinates":[2.1332067201703935,48.9439225963491]},"properties":{"id":"IDFM:C01476","route_long_name":"6","stop_id":"IDFM:34936","stop_name":"Rue du Tir","stop_lon":"2.1332067201703935","stop_lat":"48.9439225963491","operatorname":"Keolis Argenteuil Boucles de Seine","shortname":"6","bookingrules":null,"mode":"Bus","nom_commune":"Maisons-Laffitte","code_insee":"78358"}},{"type":"Feature","geometry":{"type":"Point","coordinates":[2.1263273091347616,48.94220893916121]},"properties":{"id":"IDFM:C01476","route_long_name":"6","stop_id":"IDFM:34940","stop_name":"Cit\u00e9 des Tilleuls","stop_lon":"2.1263273091347616","stop_lat":"48.94220893916121","operatorname":"Keolis Argenteuil Boucles de Seine","shortname":"6","bookingrules":null,"mode":"Bus","nom_commune":"Le Mesnil-le-Roi","code_insee":"78396"}},{"type":"Feature","geometry":{"type":"Point","coordinates":[2.1256392066989926,48.940099544481]},"properties":{"id":"IDFM:C01476","route_long_name":"6","stop_id":"IDFM:34944","stop_name":"Cit\u00e9 des Peupliers","stop_lon":"2.1256392066989926","stop_lat":"48.940099544481","operatorname":"Keolis Argenteuil Boucles de Seine","shortname":"6","bookingrules":null,"mode":"Bus","nom_commune":"Le Mesnil-le-Roi","code_insee":"78396"}},{"type":"Feature","geometry":{"type":"Point","coordinates":[2.1365548252260282,48.93879374249152]},"properties":{"id":"IDFM:C01476","route_long_name":"6","stop_id":"IDFM:35056","stop_name":"Procession","stop_lon":"2.1365548252260282","stop_lat":"48.93879374249152","operatorname":"Keolis Argenteuil Boucles de Seine","shortname":"6","bookingrules":null,"mode":"Bus","nom_commune":"Le Mesnil-le-Roi","code_insee":"78396"}},{"type":"Feature","geometry":{"type":"Point","coordinates":[2.12704655732076,48.94246598492553]},"properties":{"id":"IDFM:C01476","route_long_name":"6","stop_id":"IDFM:34941","stop_name":"Cit\u00e9 des Tilleuls","stop_lon":"2.12704655732076","stop_lat":"48.94246598492553","operatorname":"Keolis Argenteuil Boucles de Seine","shortname":"6","bookingrules":null,"mode":"Bus","nom_commune":"Le Mesnil-le-Roi","code_insee":"78396"}},{"type":"Feature","geometry":{"type":"Point","coordinates":[2.1480361171911206,48.94792287955139]},"properties":{"id":"IDFM:C01478","route_long_name":"12","stop_id":"IDFM:34905","stop_name":"Grille du Parc","stop_lon":"2.1480361171911206","stop_lat":"48.94792287955139","operatorname":"Keolis Argenteuil Boucles de Seine","shortname":"12","bookingrules":null,"mode":"Bus","nom_commune":"Maisons-Laffitte","code_insee":"78358"}},{"type":"Feature","geometry":{"type":"Point","coordinates":[2.1501481954786055,48.949017027921755]},"properties":{"id":"IDFM:C01478","route_long_name":"12","stop_id":"IDFM:34909","stop_name":"Ch\u00e2teau","stop_lon":"2.1501481954786055","stop_lat":"48.949017027921755","operatorname":"Keolis Argenteuil Boucles de Seine","shortname":"12","bookingrules":null,"mode":"Bus","nom_commune":"Maisons-Laffitte","code_insee":"78358"}},{"type":"Feature","geometry":{"type":"Point","coordinates":[2.153765025510047,48.96001397391462]},"properties":{"id":"IDFM:C01478","route_long_name":"12","stop_id":"IDFM:34924","stop_name":"Place Napol\u00e9on","stop_lon":"2.153765025510047","stop_lat":"48.96001397391462","operatorname":"Keolis Argenteuil Boucles de Seine","shortname":"12","bookingrules":null,"mode":"Bus","nom_commune":"Maisons-Laffitte","code_insee":"78358"}},{"type":"Feature","geometry":{"type":"Point","coordinates":[2.150905224855222,48.9578444577563]},"properties":{"id":"IDFM:C01478","route_long_name":"12","stop_id":"IDFM:34925","stop_name":"Parc des Sports","stop_lon":"2.150905224855222","stop_lat":"48.9578444577563","operatorname":"Keolis Argenteuil Boucles de Seine","shortname":"12","bookingrules":null,"mode":"Bus","nom_commune":"Maisons-Laffitte","code_insee":"78358"}},{"type":"Feature","geometry":{"type":"Point","coordinates":[2.1522438192620545,48.951963568632785]},"properties":{"id":"IDFM:C01478","route_long_name":"12","stop_id":"IDFM:34911","stop_name":"Wagram","stop_lon":"2.1522438192620545","stop_lat":"48.951963568632785","operatorname":"Keolis Argenteuil Boucles de Seine","shortname":"12","bookingrules":null,"mode":"Bus","nom_commune":"Maisons-Laffitte","code_insee":"78358"}},{"type":"Feature","geometry":{"type":"Point","coordinates":[2.147583390854937,48.948054555972355]},"properties":{"id":"IDFM:C01478","route_long_name":"12","stop_id":"IDFM:34906","stop_name":"Grille du Parc","stop_lon":"2.147583390854937","stop_lat":"48.948054555972355","operatorname":"Keolis Argenteuil Boucles de Seine","shortname":"12","bookingrules":null,"mode":"Bus","nom_commune":"Maisons-Laffitte","code_insee":"78358"}},{"type":"Feature","geometry":{"type":"Point","coordinates":[2.137179527926197,48.95133450858187]},"properties":{"id":"IDFM:C01478","route_long_name":"12","stop_id":"IDFM:34928","stop_name":"Cocteau","stop_lon":"2.137179527926197","stop_lat":"48.95133450858187","operatorname":"Keolis Argenteuil Boucles de Seine","shortname":"12","bookingrules":null,"mode":"Bus","nom_commune":"Maisons-Laffitte","code_insee":"78358"}},{"type":"Feature","geometry":{"type":"Point","coordinates":[2.133417563320188,48.94765622280333]},"properties":{"id":"IDFM:C01478","route_long_name":"12","stop_id":"IDFM:34930","stop_name":"Clos Fleuri","stop_lon":"2.133417563320188","stop_lat":"48.94765622280333","operatorname":"Keolis Argenteuil Boucles de Seine","shortname":"12","bookingrules":null,"mode":"Bus","nom_commune":"Maisons-Laffitte","code_insee":"78358"}},{"type":"Feature","geometry":{"type":"Point","coordinates":[2.1156986639272515,48.90569945935154]},"properties":{"id":"IDFM:C00337","route_long_name":"G","stop_id":"IDFM:460485","stop_name":"COMSIP","stop_lon":"2.1156986639272515","stop_lat":"48.90569945935154","operatorname":"Keolis Argenteuil Boucles de Seine","shortname":"G","bookingrules":null,"mode":"Bus","nom_commune":"Montesson","code_insee":"78418"}},{"type":"Feature","geometry":{"type":"Point","coordinates":[2.1171061578046904,48.90797616929098]},"properties":{"id":"IDFM:C00337","route_long_name":"G","stop_id":"IDFM:460452","stop_name":"Hameau de Palfour","stop_lon":"2.1171061578046904","stop_lat":"48.90797616929098","operatorname":"Keolis Argenteuil Boucles de Seine","shortname":"G","bookingrules":null,"mode":"Bus","nom_commune":"Montesson","code_insee":"78418"}},{"type":"Feature","geometry":{"type":"Point","coordinates":[2.1334671144991755,48.922556822576276]},"properties":{"id":"IDFM:C00337","route_long_name":"G","stop_id":"IDFM:32223","stop_name":"Th\u00e9ophile Roussel","stop_lon":"2.1334671144991755","stop_lat":"48.922556822576276","operatorname":"Keolis Argenteuil Boucles de Seine","shortname":"G","bookingrules":null,"mode":"Bus","nom_commune":"Montesson","code_insee":"78418"}},{"type":"Feature","geometry":{"type":"Point","coordinates":[2.141132312567678,48.92778309013487]},"properties":{"id":"IDFM:C00337","route_long_name":"G","stop_id":"IDFM:32068","stop_name":"Ferdinand Buisson","stop_lon":"2.141132312567678","stop_lat":"48.92778309013487","operatorname":"Keolis Argenteuil Boucles de Seine","shortname":"G","bookingrules":null,"mode":"Bus","nom_commune":"Montesson","code_insee":"78418"}},{"type":"Feature","geometry":{"type":"Point","coordinates":[2.143010392570183,48.92893866625447]},"properties":{"id":"IDFM:C00337","route_long_name":"G","stop_id":"IDFM:460440","stop_name":"Centre Commercial","stop_lon":"2.143010392570183","stop_lat":"48.92893866625447","operatorname":"Keolis Argenteuil Boucles de Seine","shortname":"G","bookingrules":null,"mode":"Bus","nom_commune":"Montesson","code_insee":"78418"}},{"type":"Feature","geometry":{"type":"Point","coordinates":[2.1586342710838866,48.93761080259885]},"properties":{"id":"IDFM:C00337","route_long_name":"G","stop_id":"IDFM:32351","stop_name":"Gare de Sartrouville","stop_lon":"2.1586342710838866","stop_lat":"48.93761080259885","operatorname":"Keolis Argenteuil Boucles de Seine","shortname":"G","bookingrules":null,"mode":"Bus","nom_commune":"Sartrouville","code_insee":"78586"}},{"type":"Feature","geometry":{"type":"Point","coordinates":[2.1519730601086446,48.93423641845924]},"properties":{"id":"IDFM:C00337","route_long_name":"G","stop_id":"IDFM:32218","stop_name":"Strasbourg","stop_lon":"2.1519730601086446","stop_lat":"48.93423641845924","operatorname":"Keolis Argenteuil Boucles de Seine","shortname":"G","bookingrules":null,"mode":"Bus","nom_commune":"Sartrouville","code_insee":"78586"}},{"type":"Feature","geometry":{"type":"Point","coordinates":[2.1206220323442984,48.911446478688056]},"properties":{"id":"IDFM:C00337","route_long_name":"G","stop_id":"IDFM:460455","stop_name":"Berges de Montesson","stop_lon":"2.1206220323442984","stop_lat":"48.911446478688056","operatorname":"Keolis Argenteuil Boucles de Seine","shortname":"G","bookingrules":null,"mode":"Bus","nom_commune":"Montesson","code_insee":"78418"}},{"type":"Feature","geometry":{"type":"Point","coordinates":[2.113623624500823,48.899370754399364]},"properties":{"id":"IDFM:C00337","route_long_name":"G","stop_id":"IDFM:34698","stop_name":"Jacques Cartier","stop_lon":"2.113623624500823","stop_lat":"48.899370754399364","operatorname":"Keolis Argenteuil Boucles de Seine","shortname":"G","bookingrules":null,"mode":"Bus","nom_commune":"Le Pecq","code_insee":"78481"}},{"type":"Feature","geometry":{"type":"Point","coordinates":[2.174765033209937,48.922407707557724]},"properties":{"id":"IDFM:C00316","route_long_name":"J","stop_id":"IDFM:7628","stop_name":"Marine","stop_lon":"2.174765033209937","stop_lat":"48.922407707557724","operatorname":"Keolis Argenteuil Boucles de Seine","shortname":"J","bookingrules":null,"mode":"Bus","nom_commune":"Houilles","code_insee":"78311"}},{"type":"Feature","geometry":{"type":"Point","coordinates":[2.1843655287326915,48.92023414855925]},"properties":{"id":"IDFM:C00316","route_long_name":"J","stop_id":"IDFM:494507","stop_name":"Gare de Houilles - Carri\u00e8res-sur-Seine","stop_lon":"2.1843655287326915","stop_lat":"48.92023414855925","operatorname":"Keolis Argenteuil Boucles de Seine","shortname":"J","bookingrules":null,"mode":"Bus","nom_commune":"Houilles","code_insee":"78311"}},{"type":"Feature","geometry":{"type":"Point","coordinates":[2.1812211802629204,48.917128039822025]},"properties":{"id":"IDFM:C00317","route_long_name":"H","stop_id":"IDFM:23939","stop_name":"Gandillet","stop_lon":"2.1812211802629204","stop_lat":"48.917128039822025","operatorname":"Keolis Argenteuil Boucles de Seine","shortname":"H","bookingrules":null,"mode":"Bus","nom_commune":"Carri\u00e8res-sur-Seine","code_insee":"78124"}},{"type":"Feature","geometry":{"type":"Point","coordinates":[2.175469476423961,48.92962504767467]},"properties":{"id":"IDFM:C00317","route_long_name":"H","stop_id":"IDFM:7627","stop_name":"Lavoisier","stop_lon":"2.175469476423961","stop_lat":"48.92962504767467","operatorname":"Keolis Argenteuil Boucles de Seine","shortname":"H","bookingrules":null,"mode":"Bus","nom_commune":"Houilles","code_insee":"78311"}},{"type":"Feature","geometry":{"type":"Point","coordinates":[2.176190337748414,48.93064622513527]},"properties":{"id":"IDFM:C00317","route_long_name":"H","stop_id":"IDFM:7620","stop_name":"Condorcet","stop_lon":"2.176190337748414","stop_lat":"48.93064622513527","operatorname":"Keolis Argenteuil Boucles de Seine","shortname":"H","bookingrules":null,"mode":"Bus","nom_commune":"Houilles","code_insee":"78311"}},{"type":"Feature","geometry":{"type":"Point","coordinates":[2.186127431282724,48.93322318994297]},"properties":{"id":"IDFM:C00317","route_long_name":"H","stop_id":"IDFM:7622","stop_name":"\u00c9coles","stop_lon":"2.186127431282724","stop_lat":"48.93322318994297","operatorname":"Keolis Argenteuil Boucles de Seine","shortname":"H","bookingrules":null,"mode":"Bus","nom_commune":"Houilles","code_insee":"78311"}},{"type":"Feature","geometry":{"type":"Point","coordinates":[2.187052770463382,48.936898631272804]},"properties":{"id":"IDFM:C00317","route_long_name":"H","stop_id":"IDFM:7629","stop_name":"Martyrs","stop_lon":"2.187052770463382","stop_lat":"48.936898631272804","operatorname":"Keolis Argenteuil Boucles de Seine","shortname":"H","bookingrules":null,"mode":"Bus","nom_commune":"Sartrouville","code_insee":"78586"}},{"type":"Feature","geometry":{"type":"Point","coordinates":[2.19130757729097,48.93892386413924]},"properties":{"id":"IDFM:C00317","route_long_name":"H","stop_id":"IDFM:19938","stop_name":"Henri Barbusse","stop_lon":"2.19130757729097","stop_lat":"48.93892386413924","operatorname":"Keolis Argenteuil Boucles de Seine","shortname":"H","bookingrules":null,"mode":"Bus","nom_commune":"Sartrouville","code_insee":"78586"}},{"type":"Feature","geometry":{"type":"Point","coordinates":[2.1765391951615674,48.93102633252312]},"properties":{"id":"IDFM:C00317","route_long_name":"H","stop_id":"IDFM:7619","stop_name":"Condorcet","stop_lon":"2.1765391951615674","stop_lat":"48.93102633252312","operatorname":"Keolis Argenteuil Boucles de Seine","shortname":"H","bookingrules":null,"mode":"Bus","nom_commune":"Houilles","code_insee":"78311"}},{"type":"Feature","geometry":{"type":"Point","coordinates":[2.1843655287326915,48.92023414855925]},"properties":{"id":"IDFM:C00317","route_long_name":"H","stop_id":"IDFM:494507","stop_name":"Gare de Houilles - Carri\u00e8res-sur-Seine","stop_lon":"2.1843655287326915","stop_lat":"48.92023414855925","operatorname":"Keolis Argenteuil Boucles de Seine","shortname":"H","bookingrules":null,"mode":"Bus","nom_commune":"Houilles","code_insee":"78311"}},{"type":"Feature","geometry":{"type":"Point","coordinates":[2.104561522420052,48.891703859565666]},"properties":{"id":"IDFM:C00324","route_long_name":"1","stop_id":"IDFM:34442","stop_name":"Jean Moulin","stop_lon":"2.104561522420052","stop_lat":"48.891703859565666","operatorname":"Keolis Argenteuil Boucles de Seine","shortname":"1","bookingrules":null,"mode":"Bus","nom_commune":"Le Pecq","code_insee":"78481"}},{"type":"Feature","geometry":{"type":"Point","coordinates":[2.1053116960785623,48.89495611574448]},"properties":{"id":"IDFM:C00324","route_long_name":"1","stop_id":"IDFM:34440","stop_name":"Brossolette","stop_lon":"2.1053116960785623","stop_lat":"48.89495611574448","operatorname":"Keolis Argenteuil Boucles de Seine","shortname":"1","bookingrules":null,"mode":"Bus","nom_commune":"Le Pecq","code_insee":"78481"}},{"type":"Feature","geometry":{"type":"Point","coordinates":[2.1329145292126026,48.894295789702596]},"properties":{"id":"IDFM:C00324","route_long_name":"1","stop_id":"IDFM:24726","stop_name":"H\u00f4tel de Ville","stop_lon":"2.1329145292126026","stop_lat":"48.894295789702596","operatorname":"Keolis Argenteuil Boucles de Seine","shortname":"1","bookingrules":null,"mode":"Bus","nom_commune":"Le V\u00e9sinet","code_insee":"78650"}},{"type":"Feature","geometry":{"type":"Point","coordinates":[2.114951682457331,48.903094854308236]},"properties":{"id":"IDFM:C00324","route_long_name":"1","stop_id":"IDFM:32202","stop_name":"Rue de Seine","stop_lon":"2.114951682457331","stop_lat":"48.903094854308236","operatorname":"Keolis Argenteuil Boucles de Seine","shortname":"1","bookingrules":null,"mode":"Bus","nom_commune":"Le Pecq","code_insee":"78481"}},{"type":"Feature","geometry":{"type":"Point","coordinates":[2.1233786241828616,48.90574691974756]},"properties":{"id":"IDFM:C00324","route_long_name":"1","stop_id":"IDFM:32142","stop_name":"Franklin Roosevelt","stop_lon":"2.1233786241828616","stop_lat":"48.90574691974756","operatorname":"Keolis Argenteuil Boucles de Seine","shortname":"1","bookingrules":null,"mode":"Bus","nom_commune":"Montesson","code_insee":"78418"}},{"type":"Feature","geometry":{"type":"Point","coordinates":[2.1531625940469366,48.8905105585651]},"properties":{"id":"IDFM:C00324","route_long_name":"1","stop_id":"IDFM:32163","stop_name":"Paul Bert","stop_lon":"2.1531625940469366","stop_lat":"48.8905105585651","operatorname":"Keolis Argenteuil Boucles de Seine","shortname":"1","bookingrules":null,"mode":"Bus","nom_commune":"Chatou","code_insee":"78146"}},{"type":"Feature","geometry":{"type":"Point","coordinates":[2.1700363291868148,48.886905418316104]},"properties":{"id":"IDFM:C00324","route_long_name":"1","stop_id":"IDFM:492657","stop_name":"Gare de Rueil-Malmaison","stop_lon":"2.1700363291868148","stop_lat":"48.886905418316104","operatorname":"Keolis Argenteuil Boucles de Seine","shortname":"1","bookingrules":null,"mode":"Bus","nom_commune":"Rueil-Malmaison","code_insee":"92063"}},{"type":"Feature","geometry":{"type":"Point","coordinates":[2.1750352558113275,48.90708511459551]},"properties":{"id":"IDFM:C00324","route_long_name":"1","stop_id":"IDFM:32133","stop_name":"\u00c9galit\u00e9","stop_lon":"2.1750352558113275","stop_lat":"48.90708511459551","operatorname":"Keolis Argenteuil Boucles de Seine","shortname":"1","bookingrules":null,"mode":"Bus","nom_commune":"Carri\u00e8res-sur-Seine","code_insee":"78124"}},{"type":"Feature","geometry":{"type":"Point","coordinates":[2.1581320009614195,48.88935846492753]},"properties":{"id":"IDFM:C00324","route_long_name":"1","stop_id":"IDFM:26635","stop_name":"Mairie","stop_lon":"2.1581320009614195","stop_lat":"48.88935846492753","operatorname":"Keolis Argenteuil Boucles de Seine","shortname":"1","bookingrules":null,"mode":"Bus","nom_commune":"Chatou","code_insee":"78146"}},{"type":"Feature","geometry":{"type":"Point","coordinates":[2.1423933050376514,48.89268227514092]},"properties":{"id":"IDFM:C00324","route_long_name":"1","stop_id":"IDFM:32283","stop_name":"Commissariat","stop_lon":"2.1423933050376514","stop_lat":"48.89268227514092","operatorname":"Keolis Argenteuil Boucles de Seine","shortname":"1","bookingrules":null,"mode":"Bus","nom_commune":"Le V\u00e9sinet","code_insee":"78650"}},{"type":"Feature","geometry":{"type":"Point","coordinates":[2.170502127567754,48.905605886949324]},"properties":{"id":"IDFM:C00324","route_long_name":"1","stop_id":"IDFM:32015","stop_name":"Bercail","stop_lon":"2.170502127567754","stop_lat":"48.905605886949324","operatorname":"Keolis Argenteuil Boucles de Seine","shortname":"1","bookingrules":null,"mode":"Bus","nom_commune":"Carri\u00e8res-sur-Seine","code_insee":"78124"}},{"type":"Feature","geometry":{"type":"Point","coordinates":[2.146691849437424,48.905861313522244]},"properties":{"id":"IDFM:C00324","route_long_name":"1","stop_id":"IDFM:32344","stop_name":"Aristide Briand","stop_lon":"2.146691849437424","stop_lat":"48.905861313522244","operatorname":"Keolis Argenteuil Boucles de Seine","shortname":"1","bookingrules":null,"mode":"Bus","nom_commune":"Montesson","code_insee":"78418"}},{"type":"Feature","geometry":{"type":"Point","coordinates":[2.1265843226843923,48.90495194262006]},"properties":{"id":"IDFM:C00324","route_long_name":"1","stop_id":"IDFM:32279","stop_name":"Belgique Belloy","stop_lon":"2.1265843226843923","stop_lat":"48.90495194262006","operatorname":"Keolis Argenteuil Boucles de Seine","shortname":"1","bookingrules":null,"mode":"Bus","nom_commune":"Le V\u00e9sinet","code_insee":"78650"}},{"type":"Feature","geometry":{"type":"Point","coordinates":[2.1068673232463215,48.89801651061733]},"properties":{"id":"IDFM:C00324","route_long_name":"1","stop_id":"IDFM:32354","stop_name":"Mairie","stop_lon":"2.1068673232463215","stop_lat":"48.89801651061733","operatorname":"Keolis Argenteuil Boucles de Seine","shortname":"1","bookingrules":null,"mode":"Bus","nom_commune":"Le Pecq","code_insee":"78481"}},{"type":"Feature","geometry":{"type":"Point","coordinates":[2.076635121307304,48.89443265365491]},"properties":{"id":"IDFM:C00324","route_long_name":"1","stop_id":"IDFM:32318","stop_name":"Nicot \/ \u00c9cole Notre-Dame","stop_lon":"2.076635121307304","stop_lat":"48.89443265365491","operatorname":"Keolis Argenteuil Boucles de Seine","shortname":"1","bookingrules":null,"mode":"Bus","nom_commune":"Saint-Germain-en-Laye","code_insee":"78551"}},{"type":"Feature","geometry":{"type":"Point","coordinates":[2.1424150670570614,48.8789403605375]},"properties":{"id":"IDFM:C00325","route_long_name":"12","stop_id":"IDFM:32157","stop_name":"Patte d'Oie","stop_lon":"2.1424150670570614","stop_lat":"48.8789403605375","operatorname":"Keolis Argenteuil Boucles de Seine","shortname":"12","bookingrules":null,"mode":"Bus","nom_commune":"Croissy-sur-Seine","code_insee":"78190"}},{"type":"Feature","geometry":{"type":"Point","coordinates":[2.1490818707881876,48.879833326755325]},"properties":{"id":"IDFM:C00325","route_long_name":"12","stop_id":"IDFM:32197","stop_name":"La Roseraie","stop_lon":"2.1490818707881876","stop_lat":"48.879833326755325","operatorname":"Keolis Argenteuil Boucles de Seine","shortname":"12","bookingrules":null,"mode":"Bus","nom_commune":"Croissy-sur-Seine","code_insee":"78190"}},{"type":"Feature","geometry":{"type":"Point","coordinates":[2.139934052115303,48.90284517354759]},"properties":{"id":"IDFM:C00325","route_long_name":"12","stop_id":"IDFM:32119","stop_name":"Landes","stop_lon":"2.139934052115303","stop_lat":"48.90284517354759","operatorname":"Keolis Argenteuil Boucles de Seine","shortname":"12","bookingrules":null,"mode":"Bus","nom_commune":"Chatou","code_insee":"78146"}},{"type":"Feature","geometry":{"type":"Point","coordinates":[2.14635798197459,48.8979357802131]},"properties":{"id":"IDFM:C00325","route_long_name":"12","stop_id":"IDFM:32052","stop_name":"Cormiers Ricard","stop_lon":"2.14635798197459","stop_lat":"48.8979357802131","operatorname":"Keolis Argenteuil Boucles de Seine","shortname":"12","bookingrules":null,"mode":"Bus","nom_commune":"Chatou","code_insee":"78146"}},{"type":"Feature","geometry":{"type":"Point","coordinates":[2.1556909408925464,48.90280439885476]},"properties":{"id":"IDFM:C00325","route_long_name":"12","stop_id":"IDFM:474311","stop_name":"Renoir","stop_lon":"2.1556909408925464","stop_lat":"48.90280439885476","operatorname":"Keolis Argenteuil Boucles de Seine","shortname":"12","bookingrules":null,"mode":"Bus","nom_commune":"Chatou","code_insee":"78146"}},{"type":"Feature","geometry":{"type":"Point","coordinates":[2.15771950962371,48.900525376820696]},"properties":{"id":"IDFM:C00325","route_long_name":"12","stop_id":"IDFM:41762","stop_name":"Marolles Bouvets","stop_lon":"2.15771950962371","stop_lat":"48.900525376820696","operatorname":"Keolis Argenteuil Boucles de Seine","shortname":"12","bookingrules":null,"mode":"Bus","nom_commune":"Chatou","code_insee":"78146"}},{"type":"Feature","geometry":{"type":"Point","coordinates":[2.163371083754336,48.89602333577805]},"properties":{"id":"IDFM:C00325","route_long_name":"12","stop_id":"IDFM:32099","stop_name":"\u00cele Verte","stop_lon":"2.163371083754336","stop_lat":"48.89602333577805","operatorname":"Keolis Argenteuil Boucles de Seine","shortname":"12","bookingrules":null,"mode":"Bus","nom_commune":"Chatou","code_insee":"78146"}},{"type":"Feature","geometry":{"type":"Point","coordinates":[2.1721515763040045,48.8610815588773]},"properties":{"id":"IDFM:C00325","route_long_name":"12","stop_id":"IDFM:32275","stop_name":"Centre Madeleine Dani\u00e9lou","stop_lon":"2.1721515763040045","stop_lat":"48.8610815588773","operatorname":"Keolis Argenteuil Boucles de Seine","shortname":"12","bookingrules":null,"mode":"Bus","nom_commune":"Rueil-Malmaison","code_insee":"92063"}},{"type":"Feature","geometry":{"type":"Point","coordinates":[2.1574795872455814,48.89596404499914]},"properties":{"id":"IDFM:C00325","route_long_name":"12","stop_id":"IDFM:32135","stop_name":"Maurice Hardouin","stop_lon":"2.1574795872455814","stop_lat":"48.89596404499914","operatorname":"Keolis Argenteuil Boucles de Seine","shortname":"12","bookingrules":null,"mode":"Bus","nom_commune":"Chatou","code_insee":"78146"}},{"type":"Feature","geometry":{"type":"Point","coordinates":[2.1512222462296884,48.9024490533718]},"properties":{"id":"IDFM:C00325","route_long_name":"12","stop_id":"IDFM:32125","stop_name":"Maurice de Vlaminck","stop_lon":"2.1512222462296884","stop_lat":"48.9024490533718","operatorname":"Keolis Argenteuil Boucles de Seine","shortname":"12","bookingrules":null,"mode":"Bus","nom_commune":"Chatou","code_insee":"78146"}},{"type":"Feature","geometry":{"type":"Point","coordinates":[2.1400425791033415,48.90288192627981]},"properties":{"id":"IDFM:C00325","route_long_name":"12","stop_id":"IDFM:32118","stop_name":"Landes","stop_lon":"2.1400425791033415","stop_lat":"48.90288192627981","operatorname":"Keolis Argenteuil Boucles de Seine","shortname":"12","bookingrules":null,"mode":"Bus","nom_commune":"Chatou","code_insee":"78146"}},{"type":"Feature","geometry":{"type":"Point","coordinates":[2.136540788326762,48.902631897963495]},"properties":{"id":"IDFM:C00325","route_long_name":"12","stop_id":"IDFM:32034","stop_name":"Charmettes","stop_lon":"2.136540788326762","stop_lat":"48.902631897963495","operatorname":"Keolis Argenteuil Boucles de Seine","shortname":"12","bookingrules":null,"mode":"Bus","nom_commune":"Le V\u00e9sinet","code_insee":"78650"}},{"type":"Feature","geometry":{"type":"Point","coordinates":[2.1408186253702097,48.875700220836436]},"properties":{"id":"IDFM:C00325","route_long_name":"12","stop_id":"IDFM:32155","stop_name":"Les Moulins","stop_lon":"2.1408186253702097","stop_lat":"48.875700220836436","operatorname":"Keolis Argenteuil Boucles de Seine","shortname":"12","bookingrules":null,"mode":"Bus","nom_commune":"Croissy-sur-Seine","code_insee":"78190"}},{"type":"Feature","geometry":{"type":"Point","coordinates":[2.14635798197459,48.8979357802131]},"properties":{"id":"IDFM:C00330","route_long_name":"A","stop_id":"IDFM:32052","stop_name":"Cormiers Ricard","stop_lon":"2.14635798197459","stop_lat":"48.8979357802131","operatorname":"Keolis Argenteuil Boucles de Seine","shortname":"A","bookingrules":null,"mode":"Bus","nom_commune":"Chatou","code_insee":"78146"}},{"type":"Feature","geometry":{"type":"Point","coordinates":[2.1682701976891448,48.90441228544355]},"properties":{"id":"IDFM:C00330","route_long_name":"A","stop_id":"IDFM:32147","stop_name":"Monceau","stop_lon":"2.1682701976891448","stop_lat":"48.90441228544355","operatorname":"Keolis Argenteuil Boucles de Seine","shortname":"A","bookingrules":null,"mode":"Bus","nom_commune":"Carri\u00e8res-sur-Seine","code_insee":"78124"}},{"type":"Feature","geometry":{"type":"Point","coordinates":[2.180126099791553,48.91128394938297]},"properties":{"id":"IDFM:C00330","route_long_name":"A","stop_id":"IDFM:32246","stop_name":"Mar\u00e9chal Juin","stop_lon":"2.180126099791553","stop_lat":"48.91128394938297","operatorname":"Keolis Argenteuil Boucles de Seine","shortname":"A","bookingrules":null,"mode":"Bus","nom_commune":"Carri\u00e8res-sur-Seine","code_insee":"78124"}},{"type":"Feature","geometry":{"type":"Point","coordinates":[2.1833825519652392,48.91156699677283]},"properties":{"id":"IDFM:C00330","route_long_name":"A","stop_id":"IDFM:32205","stop_name":"Salle des F\u00eates","stop_lon":"2.1833825519652392","stop_lat":"48.91156699677283","operatorname":"Keolis Argenteuil Boucles de Seine","shortname":"A","bookingrules":null,"mode":"Bus","nom_commune":"Carri\u00e8res-sur-Seine","code_insee":"78124"}},{"type":"Feature","geometry":{"type":"Point","coordinates":[2.1857128499523224,48.91959580477242]},"properties":{"id":"IDFM:C00330","route_long_name":"A","stop_id":"IDFM:32358","stop_name":"Gare de Houilles - Carri\u00e8res-sur-Seine","stop_lon":"2.1857128499523224","stop_lat":"48.91959580477242","operatorname":"Keolis Argenteuil Boucles de Seine","shortname":"A","bookingrules":null,"mode":"Bus","nom_commune":"Houilles","code_insee":"78311"}},{"type":"Feature","geometry":{"type":"Point","coordinates":[2.1556209896532272,48.90291182586972]},"properties":{"id":"IDFM:C00330","route_long_name":"A","stop_id":"IDFM:32137","stop_name":"Renoir","stop_lon":"2.1556209896532272","stop_lat":"48.90291182586972","operatorname":"Keolis Argenteuil Boucles de Seine","shortname":"A","bookingrules":null,"mode":"Bus","nom_commune":"Chatou","code_insee":"78146"}},{"type":"Feature","geometry":{"type":"Point","coordinates":[2.1497573442126434,48.90193503500895]},"properties":{"id":"IDFM:C00330","route_long_name":"A","stop_id":"IDFM:32194","stop_name":"Ribot Barbier","stop_lon":"2.1497573442126434","stop_lat":"48.90193503500895","operatorname":"Keolis Argenteuil Boucles de Seine","shortname":"A","bookingrules":null,"mode":"Bus","nom_commune":"Chatou","code_insee":"78146"}},{"type":"Feature","geometry":{"type":"Point","coordinates":[2.1348448955808883,48.88975906069389]},"properties":{"id":"IDFM:C00332","route_long_name":"E","stop_id":"IDFM:477604","stop_name":"Gare du V\u00e9sinet - Centre","stop_lon":"2.1348448955808883","stop_lat":"48.88975906069389","operatorname":"Keolis Argenteuil Boucles de Seine","shortname":"E","bookingrules":null,"mode":"Bus","nom_commune":"Le V\u00e9sinet","code_insee":"78650"}},{"type":"Feature","geometry":{"type":"Point","coordinates":[2.132008044277809,48.88403664729296]},"properties":{"id":"IDFM:C00332","route_long_name":"E","stop_id":"IDFM:32181","stop_name":"Princesse Croissy","stop_lon":"2.132008044277809","stop_lat":"48.88403664729296","operatorname":"Keolis Argenteuil Boucles de Seine","shortname":"E","bookingrules":null,"mode":"Bus","nom_commune":"Le V\u00e9sinet","code_insee":"78650"}},{"type":"Feature","geometry":{"type":"Point","coordinates":[2.138064241292612,48.87241574177927]},"properties":{"id":"IDFM:C00332","route_long_name":"E","stop_id":"IDFM:32012","stop_name":"Augier","stop_lon":"2.138064241292612","stop_lat":"48.87241574177927","operatorname":"Keolis Argenteuil Boucles de Seine","shortname":"E","bookingrules":null,"mode":"Bus","nom_commune":"Croissy-sur-Seine","code_insee":"78190"}},{"type":"Feature","geometry":{"type":"Point","coordinates":[2.1426874489152734,48.878960298588275]},"properties":{"id":"IDFM:C00332","route_long_name":"E","stop_id":"IDFM:32156","stop_name":"Patte d'Oie","stop_lon":"2.1426874489152734","stop_lat":"48.878960298588275","operatorname":"Keolis Argenteuil Boucles de Seine","shortname":"E","bookingrules":null,"mode":"Bus","nom_commune":"Croissy-sur-Seine","code_insee":"78190"}},{"type":"Feature","geometry":{"type":"Point","coordinates":[2.132353562728115,48.87475779106006]},"properties":{"id":"IDFM:C00332","route_long_name":"E","stop_id":"IDFM:474315","stop_name":"Lucien Guitry","stop_lon":"2.132353562728115","stop_lat":"48.87475779106006","operatorname":"Keolis Argenteuil Boucles de Seine","shortname":"E","bookingrules":null,"mode":"Bus","nom_commune":"Croissy-sur-Seine","code_insee":"78190"}},{"type":"Feature","geometry":{"type":"Point","coordinates":[2.1310784547642703,48.877635485676066]},"properties":{"id":"IDFM:C00332","route_long_name":"E","stop_id":"IDFM:477601","stop_name":"IRSN","stop_lon":"2.1310784547642703","stop_lat":"48.877635485676066","operatorname":"Keolis Argenteuil Boucles de Seine","shortname":"E","bookingrules":null,"mode":"Bus","nom_commune":"Croissy-sur-Seine","code_insee":"78190"}},{"type":"Feature","geometry":{"type":"Point","coordinates":[2.1320031273162066,48.879422921541185]},"properties":{"id":"IDFM:C00332","route_long_name":"E","stop_id":"IDFM:477590","stop_name":"Gabillons","stop_lon":"2.1320031273162066","stop_lat":"48.879422921541185","operatorname":"Keolis Argenteuil Boucles de Seine","shortname":"E","bookingrules":null,"mode":"Bus","nom_commune":"Croissy-sur-Seine","code_insee":"78190"}},{"type":"Feature","geometry":{"type":"Point","coordinates":[2.1334831543908934,48.88225761915098]},"properties":{"id":"IDFM:C00332","route_long_name":"E","stop_id":"IDFM:32055","stop_name":"Cr\u00e8che","stop_lon":"2.1334831543908934","stop_lat":"48.88225761915098","operatorname":"Keolis Argenteuil Boucles de Seine","shortname":"E","bookingrules":null,"mode":"Bus","nom_commune":"Croissy-sur-Seine","code_insee":"78190"}},{"type":"Feature","geometry":{"type":"Point","coordinates":[2.132520489823439,48.884382115370514]},"properties":{"id":"IDFM:C00332","route_long_name":"E","stop_id":"IDFM:32182","stop_name":"Princesse Croissy","stop_lon":"2.132520489823439","stop_lat":"48.884382115370514","operatorname":"Keolis Argenteuil Boucles de Seine","shortname":"E","bookingrules":null,"mode":"Bus","nom_commune":"Le V\u00e9sinet","code_insee":"78650"}},{"type":"Feature","geometry":{"type":"Point","coordinates":[2.2015667993588326,48.913551171648784]},"properties":{"id":"IDFM:C00334","route_long_name":"K","stop_id":"IDFM:23944","stop_name":"Daubigny","stop_lon":"2.2015667993588326","stop_lat":"48.913551171648784","operatorname":"Keolis Argenteuil Boucles de Seine","shortname":"K","bookingrules":null,"mode":"Bus","nom_commune":"Bezons","code_insee":"95063"}},{"type":"Feature","geometry":{"type":"Point","coordinates":[2.2036617995483687,48.91485114308907]},"properties":{"id":"IDFM:C00334","route_long_name":"K","stop_id":"IDFM:494764","stop_name":"La Rivi\u00e8re","stop_lon":"2.2036617995483687","stop_lat":"48.91485114308907","operatorname":"Keolis Argenteuil Boucles de Seine","shortname":"K","bookingrules":null,"mode":"Bus","nom_commune":"Bezons","code_insee":"95063"}},{"type":"Feature","geometry":{"type":"Point","coordinates":[2.1878394949292472,48.909241066390656]},"properties":{"id":"IDFM:C00334","route_long_name":"K","stop_id":"IDFM:32368","stop_name":"3 Buttes","stop_lon":"2.1878394949292472","stop_lat":"48.909241066390656","operatorname":"Keolis Argenteuil Boucles de Seine","shortname":"K","bookingrules":null,"mode":"Bus","nom_commune":"Carri\u00e8res-sur-Seine","code_insee":"78124"}},{"type":"Feature","geometry":{"type":"Point","coordinates":[2.1510126612250313,48.90609886375309]},"properties":{"id":"IDFM:C00335","route_long_name":"C","stop_id":"IDFM:32371","stop_name":"Poste","stop_lon":"2.1510126612250313","stop_lat":"48.90609886375309","operatorname":"Keolis Argenteuil Boucles de Seine","shortname":"C","bookingrules":null,"mode":"Bus","nom_commune":"Montesson","code_insee":"78418"}},{"type":"Feature","geometry":{"type":"Point","coordinates":[2.154844539369084,48.90704328079454]},"properties":{"id":"IDFM:C00335","route_long_name":"C","stop_id":"IDFM:32036","stop_name":"Champs Roger","stop_lon":"2.154844539369084","stop_lat":"48.90704328079454","operatorname":"Keolis Argenteuil Boucles de Seine","shortname":"C","bookingrules":null,"mode":"Bus","nom_commune":"Montesson","code_insee":"78418"}},{"type":"Feature","geometry":{"type":"Point","coordinates":[2.178966780248685,48.91644711458022]},"properties":{"id":"IDFM:C00335","route_long_name":"C","stop_id":"IDFM:474294","stop_name":"Buzenval","stop_lon":"2.178966780248685","stop_lat":"48.91644711458022","operatorname":"Keolis Argenteuil Boucles de Seine","shortname":"C","bookingrules":null,"mode":"Bus","nom_commune":"Houilles","code_insee":"78311"}},{"type":"Feature","geometry":{"type":"Point","coordinates":[2.1531565964855783,48.911842771536946]},"properties":{"id":"IDFM:C00335","route_long_name":"C","stop_id":"IDFM:32107","stop_name":"Jean Mac\u00e9","stop_lon":"2.1531565964855783","stop_lat":"48.911842771536946","operatorname":"Keolis Argenteuil Boucles de Seine","shortname":"C","bookingrules":null,"mode":"Bus","nom_commune":"Montesson","code_insee":"78418"}},{"type":"Feature","geometry":{"type":"Point","coordinates":[2.142012848258821,48.9041821066041]},"properties":{"id":"IDFM:C00335","route_long_name":"C","stop_id":"IDFM:32112","stop_name":"Jules Ferry","stop_lon":"2.142012848258821","stop_lat":"48.9041821066041","operatorname":"Keolis Argenteuil Boucles de Seine","shortname":"C","bookingrules":null,"mode":"Bus","nom_commune":"Chatou","code_insee":"78146"}},{"type":"Feature","geometry":{"type":"Point","coordinates":[2.136540788326762,48.902631897963495]},"properties":{"id":"IDFM:C00335","route_long_name":"C","stop_id":"IDFM:32034","stop_name":"Charmettes","stop_lon":"2.136540788326762","stop_lat":"48.902631897963495","operatorname":"Keolis Argenteuil Boucles de Seine","shortname":"C","bookingrules":null,"mode":"Bus","nom_commune":"Le V\u00e9sinet","code_insee":"78650"}},{"type":"Feature","geometry":{"type":"Point","coordinates":[2.1217098685552775,48.898728841970396]},"properties":{"id":"IDFM:C00335","route_long_name":"C","stop_id":"IDFM:32360","stop_name":"Gare du V\u00e9sinet - Le Pecq","stop_lon":"2.1217098685552775","stop_lat":"48.898728841970396","operatorname":"Keolis Argenteuil Boucles de Seine","shortname":"C","bookingrules":null,"mode":"Bus","nom_commune":"Le V\u00e9sinet","code_insee":"78650"}},{"type":"Feature","geometry":{"type":"Point","coordinates":[2.122154874102036,48.89175318772322]},"properties":{"id":"IDFM:C00336","route_long_name":"M","stop_id":"IDFM:32270","stop_name":"Lyc\u00e9e Alain","stop_lon":"2.122154874102036","stop_lat":"48.89175318772322","operatorname":"Keolis Argenteuil Boucles de Seine","shortname":"M","bookingrules":null,"mode":"Bus","nom_commune":"Le V\u00e9sinet","code_insee":"78650"}},{"type":"Feature","geometry":{"type":"Point","coordinates":[2.1260652246924585,48.888741992527095]},"properties":{"id":"IDFM:C00336","route_long_name":"M","stop_id":"IDFM:32271","stop_name":"All\u00e9e de la Gare","stop_lon":"2.1260652246924585","stop_lat":"48.888741992527095","operatorname":"Keolis Argenteuil Boucles de Seine","shortname":"M","bookingrules":null,"mode":"Bus","nom_commune":"Le V\u00e9sinet","code_insee":"78650"}},{"type":"Feature","geometry":{"type":"Point","coordinates":[2.15479713820891,48.884757292046125]},"properties":{"id":"IDFM:C00336","route_long_name":"M","stop_id":"IDFM:492004","stop_name":"Gare de Chatou - Croissy","stop_lon":"2.15479713820891","stop_lat":"48.884757292046125","operatorname":"Keolis Argenteuil Boucles de Seine","shortname":"M","bookingrules":null,"mode":"Bus","nom_commune":"Chatou","code_insee":"78146"}},{"type":"Feature","geometry":{"type":"Point","coordinates":[2.1555512442510762,48.885347190149716]},"properties":{"id":"IDFM:C00336","route_long_name":"M","stop_id":"IDFM:491806","stop_name":"Gare de Chatou - Croissy","stop_lon":"2.1555512442510762","stop_lat":"48.885347190149716","operatorname":"Keolis Argenteuil Boucles de Seine","shortname":"M","bookingrules":null,"mode":"Bus","nom_commune":"Chatou","code_insee":"78146"}},{"type":"Feature","geometry":{"type":"Point","coordinates":[2.2542937893460766,48.953199291801184]},"properties":{"id":"IDFM:C00303","route_long_name":"18","stop_id":"IDFM:7426","stop_name":"Pont Blanc","stop_lon":"2.2542937893460766","stop_lat":"48.953199291801184","operatorname":"Keolis Argenteuil Boucles de Seine","shortname":"18","bookingrules":null,"mode":"Bus","nom_commune":"Argenteuil","code_insee":"95018"}},{"type":"Feature","geometry":{"type":"Point","coordinates":[2.2548944099027515,48.95511849359811]},"properties":{"id":"IDFM:C00303","route_long_name":"18","stop_id":"IDFM:19939","stop_name":"Cloviers","stop_lon":"2.2548944099027515","stop_lat":"48.95511849359811","operatorname":"Keolis Argenteuil Boucles de Seine","shortname":"18","bookingrules":null,"mode":"Bus","nom_commune":"Argenteuil","code_insee":"95018"}},{"type":"Feature","geometry":{"type":"Point","coordinates":[2.2513471182203837,48.95964674455901]},"properties":{"id":"IDFM:C00303","route_long_name":"18","stop_id":"IDFM:7468","stop_name":"Fanouillets","stop_lon":"2.2513471182203837","stop_lat":"48.95964674455901","operatorname":"Keolis Argenteuil Boucles de Seine","shortname":"18","bookingrules":null,"mode":"Bus","nom_commune":"Argenteuil","code_insee":"95018"}},{"type":"Feature","geometry":{"type":"Point","coordinates":[2.251836706691145,48.96073792406273]},"properties":{"id":"IDFM:C00303","route_long_name":"18","stop_id":"IDFM:7444","stop_name":"Ch\u00e2taigniers","stop_lon":"2.251836706691145","stop_lat":"48.96073792406273","operatorname":"Keolis Argenteuil Boucles de Seine","shortname":"18","bookingrules":null,"mode":"Bus","nom_commune":"Argenteuil","code_insee":"95018"}},{"type":"Feature","geometry":{"type":"Point","coordinates":[2.2552347468125284,48.96091195393137]},"properties":{"id":"IDFM:C00303","route_long_name":"18","stop_id":"IDFM:7527","stop_name":"Piscine - Coll\u00e8ge Ariane","stop_lon":"2.2552347468125284","stop_lat":"48.96091195393137","operatorname":"Keolis Argenteuil Boucles de Seine","shortname":"18","bookingrules":null,"mode":"Bus","nom_commune":"Argenteuil","code_insee":"95018"}},{"type":"Feature","geometry":{"type":"Point","coordinates":[2.257031740411655,48.94697526066576]},"properties":{"id":"IDFM:C00303","route_long_name":"18","stop_id":"IDFM:5079","stop_name":"Gare d'Argenteuil","stop_lon":"2.257031740411655","stop_lat":"48.94697526066576","operatorname":"Keolis Argenteuil Boucles de Seine","shortname":"18","bookingrules":null,"mode":"Bus","nom_commune":"Argenteuil","code_insee":"95018"}},{"type":"Feature","geometry":{"type":"Point","coordinates":[2.1854950989420714,48.91955835197002]},"properties":{"id":"IDFM:C00306","route_long_name":"34","stop_id":"IDFM:27045","stop_name":"Gare de Houilles - Carri\u00e8res-sur-Seine","stop_lon":"2.1854950989420714","stop_lat":"48.91955835197002","operatorname":"Keolis Argenteuil Boucles de Seine","shortname":"34","bookingrules":null,"mode":"Bus","nom_commune":"Houilles","code_insee":"78311"}},{"type":"Feature","geometry":{"type":"Point","coordinates":[2.2156267293678167,48.92762836818845]},"properties":{"id":"IDFM:C00306","route_long_name":"34","stop_id":"IDFM:23968","stop_name":"La Gr\u00e2ce de Dieu","stop_lon":"2.2156267293678167","stop_lat":"48.92762836818845","operatorname":"Keolis Argenteuil Boucles de Seine","shortname":"34","bookingrules":null,"mode":"Bus","nom_commune":"Bezons","code_insee":"95063"}},{"type":"Feature","geometry":{"type":"Point","coordinates":[2.219324258148894,48.93043136756575]},"properties":{"id":"IDFM:C00306","route_long_name":"34","stop_id":"IDFM:7590","stop_name":"Lilas","stop_lon":"2.219324258148894","stop_lat":"48.93043136756575","operatorname":"Keolis Argenteuil Boucles de Seine","shortname":"34","bookingrules":null,"mode":"Bus","nom_commune":"Bezons","code_insee":"95063"}},{"type":"Feature","geometry":{"type":"Point","coordinates":[2.22854280823775,48.95214607009326]},"properties":{"id":"IDFM:C00306","route_long_name":"34","stop_id":"IDFM:427970","stop_name":"Jean Lur\u00e7at","stop_lon":"2.22854280823775","stop_lat":"48.95214607009326","operatorname":"Keolis Argenteuil Boucles de Seine","shortname":"34","bookingrules":null,"mode":"Bus","nom_commune":"Argenteuil","code_insee":"95018"}},{"type":"Feature","geometry":{"type":"Point","coordinates":[2.230187548340156,48.954494780454255]},"properties":{"id":"IDFM:C00306","route_long_name":"34","stop_id":"IDFM:7455","stop_name":"Rue de Coudray","stop_lon":"2.230187548340156","stop_lat":"48.954494780454255","operatorname":"Keolis Argenteuil Boucles de Seine","shortname":"34","bookingrules":null,"mode":"Bus","nom_commune":"Argenteuil","code_insee":"95018"}},{"type":"Feature","geometry":{"type":"Point","coordinates":[2.231636898760851,48.94512451669911]},"properties":{"id":"IDFM:C00306","route_long_name":"34","stop_id":"IDFM:7500","stop_name":"Square Aquitaine","stop_lon":"2.231636898760851","stop_lat":"48.94512451669911","operatorname":"Keolis Argenteuil Boucles de Seine","shortname":"34","bookingrules":null,"mode":"Bus","nom_commune":"Argenteuil","code_insee":"95018"}},{"type":"Feature","geometry":{"type":"Point","coordinates":[2.227272130548068,48.93749742293974]},"properties":{"id":"IDFM:C00306","route_long_name":"34","stop_id":"IDFM:7508","stop_name":"Espace Nelson Mandela","stop_lon":"2.227272130548068","stop_lat":"48.93749742293974","operatorname":"Keolis Argenteuil Boucles de Seine","shortname":"34","bookingrules":null,"mode":"Bus","nom_commune":"Argenteuil","code_insee":"95018"}},{"type":"Feature","geometry":{"type":"Point","coordinates":[2.2204142123224955,48.93147266228605]},"properties":{"id":"IDFM:C00306","route_long_name":"34","stop_id":"IDFM:7597","stop_name":"Francis de Pressens\u00e9","stop_lon":"2.2204142123224955","stop_lat":"48.93147266228605","operatorname":"Keolis Argenteuil Boucles de Seine","shortname":"34","bookingrules":null,"mode":"Bus","nom_commune":"Bezons","code_insee":"95063"}},{"type":"Feature","geometry":{"type":"Point","coordinates":[2.215504450648307,48.92759159545315]},"properties":{"id":"IDFM:C00306","route_long_name":"34","stop_id":"IDFM:23969","stop_name":"La Gr\u00e2ce de Dieu","stop_lon":"2.215504450648307","stop_lat":"48.92759159545315","operatorname":"Keolis Argenteuil Boucles de Seine","shortname":"34","bookingrules":null,"mode":"Bus","nom_commune":"Bezons","code_insee":"95063"}},{"type":"Feature","geometry":{"type":"Point","coordinates":[2.2036617995483687,48.91485114308907]},"properties":{"id":"IDFM:C00306","route_long_name":"34","stop_id":"IDFM:494764","stop_name":"La Rivi\u00e8re","stop_lon":"2.2036617995483687","stop_lat":"48.91485114308907","operatorname":"Keolis Argenteuil Boucles de Seine","shortname":"34","bookingrules":null,"mode":"Bus","nom_commune":"Bezons","code_insee":"95063"}},{"type":"Feature","geometry":{"type":"Point","coordinates":[2.2174961319571502,48.92311706734463]},"properties":{"id":"IDFM:C00308","route_long_name":"6","stop_id":"IDFM:21515","stop_name":"Pont de Bezons","stop_lon":"2.2174961319571502","stop_lat":"48.92311706734463","operatorname":"Keolis Argenteuil Boucles de Seine","shortname":"6","bookingrules":null,"mode":"Bus","nom_commune":"Bezons","code_insee":"95063"}},{"type":"Feature","geometry":{"type":"Point","coordinates":[2.207080026992549,48.92334536378372]},"properties":{"id":"IDFM:C00308","route_long_name":"6","stop_id":"IDFM:27041","stop_name":"Grand-Cerf","stop_lon":"2.207080026992549","stop_lat":"48.92334536378372","operatorname":"Keolis Argenteuil Boucles de Seine","shortname":"6","bookingrules":null,"mode":"Bus","nom_commune":"Bezons","code_insee":"95063"}},{"type":"Feature","geometry":{"type":"Point","coordinates":[2.2177141912593332,48.92313647741853]},"properties":{"id":"IDFM:C00308","route_long_name":"6","stop_id":"IDFM:16916","stop_name":"Pont de Bezons","stop_lon":"2.2177141912593332","stop_lat":"48.92313647741853","operatorname":"Keolis Argenteuil Boucles de Seine","shortname":"6","bookingrules":null,"mode":"Bus","nom_commune":"Bezons","code_insee":"95063"}},{"type":"Feature","geometry":{"type":"Point","coordinates":[2.2204356738328217,48.92457512368667]},"properties":{"id":"IDFM:C00308","route_long_name":"6","stop_id":"IDFM:23988","stop_name":"Jaur\u00e8s Branchard","stop_lon":"2.2204356738328217","stop_lat":"48.92457512368667","operatorname":"Keolis Argenteuil Boucles de Seine","shortname":"6","bookingrules":null,"mode":"Bus","nom_commune":"Bezons","code_insee":"95063"}},{"type":"Feature","geometry":{"type":"Point","coordinates":[2.234179970040432,48.9318941616697]},"properties":{"id":"IDFM:C00308","route_long_name":"6","stop_id":"IDFM:27032","stop_name":"Avenue du Marais","stop_lon":"2.234179970040432","stop_lat":"48.9318941616697","operatorname":"Keolis Argenteuil Boucles de Seine","shortname":"6","bookingrules":null,"mode":"Bus","nom_commune":"Argenteuil","code_insee":"95018"}},{"type":"Feature","geometry":{"type":"Point","coordinates":[2.190321170483717,48.94265828852628]},"properties":{"id":"IDFM:C00309","route_long_name":"501 Scolaire","stop_id":"IDFM:7660","stop_name":"Cl\u00e9menceau","stop_lon":"2.190321170483717","stop_lat":"48.94265828852628","operatorname":"Keolis Argenteuil Boucles de Seine","shortname":"501","bookingrules":null,"mode":"Bus","nom_commune":"Sartrouville","code_insee":"78586"}},{"type":"Feature","geometry":{"type":"Point","coordinates":[2.19130757729097,48.93892386413924]},"properties":{"id":"IDFM:C00309","route_long_name":"501 Scolaire","stop_id":"IDFM:19938","stop_name":"Henri Barbusse","stop_lon":"2.19130757729097","stop_lat":"48.93892386413924","operatorname":"Keolis Argenteuil Boucles de Seine","shortname":"501","bookingrules":null,"mode":"Bus","nom_commune":"Sartrouville","code_insee":"78586"}},{"type":"Feature","geometry":{"type":"Point","coordinates":[2.1793302173533062,48.937529472192224]},"properties":{"id":"IDFM:C00309","route_long_name":"501 Scolaire","stop_id":"IDFM:7665","stop_name":"Courteline","stop_lon":"2.1793302173533062","stop_lat":"48.937529472192224","operatorname":"Keolis Argenteuil Boucles de Seine","shortname":"501","bookingrules":null,"mode":"Bus","nom_commune":"Sartrouville","code_insee":"78586"}},{"type":"Feature","geometry":{"type":"Point","coordinates":[2.2012731969512305,48.94157167394112]},"properties":{"id":"IDFM:C00311","route_long_name":"503 Scolaire","stop_id":"IDFM:494488","stop_name":"Condorcet","stop_lon":"2.2012731969512305","stop_lat":"48.94157167394112","operatorname":"Keolis Argenteuil Boucles de Seine","shortname":"503","bookingrules":null,"mode":"Bus","nom_commune":"Sartrouville","code_insee":"78586"}},{"type":"Feature","geometry":{"type":"Point","coordinates":[2.185414259869848,48.9412850881262]},"properties":{"id":"IDFM:C00311","route_long_name":"503 Scolaire","stop_id":"IDFM:7642","stop_name":"Alphonse Allais","stop_lon":"2.185414259869848","stop_lat":"48.9412850881262","operatorname":"Keolis Argenteuil Boucles de Seine","shortname":"503","bookingrules":null,"mode":"Bus","nom_commune":"Sartrouville","code_insee":"78586"}},{"type":"Feature","geometry":{"type":"Point","coordinates":[2.173442329551871,48.94553775046358]},"properties":{"id":"IDFM:C00311","route_long_name":"503 Scolaire","stop_id":"IDFM:7671","stop_name":"\u00c9glise","stop_lon":"2.173442329551871","stop_lat":"48.94553775046358","operatorname":"Keolis Argenteuil Boucles de Seine","shortname":"503","bookingrules":null,"mode":"Bus","nom_commune":"Sartrouville","code_insee":"78586"}},{"type":"Feature","geometry":{"type":"Point","coordinates":[2.1793302173533062,48.937529472192224]},"properties":{"id":"IDFM:C00311","route_long_name":"503 Scolaire","stop_id":"IDFM:7665","stop_name":"Courteline","stop_lon":"2.1793302173533062","stop_lat":"48.937529472192224","operatorname":"Keolis Argenteuil Boucles de Seine","shortname":"503","bookingrules":null,"mode":"Bus","nom_commune":"Sartrouville","code_insee":"78586"}},{"type":"Feature","geometry":{"type":"Point","coordinates":[2.181514508313514,48.94272437976215]},"properties":{"id":"IDFM:C00311","route_long_name":"503 Scolaire","stop_id":"IDFM:7668","stop_name":"Joliot Curie","stop_lon":"2.181514508313514","stop_lat":"48.94272437976215","operatorname":"Keolis Argenteuil Boucles de Seine","shortname":"503","bookingrules":null,"mode":"Bus","nom_commune":"Sartrouville","code_insee":"78586"}},{"type":"Feature","geometry":{"type":"Point","coordinates":[2.1904455661711157,48.942560206006306]},"properties":{"id":"IDFM:C00311","route_long_name":"503 Scolaire","stop_id":"IDFM:7661","stop_name":"Cl\u00e9menceau","stop_lon":"2.1904455661711157","stop_lat":"48.942560206006306","operatorname":"Keolis Argenteuil Boucles de Seine","shortname":"503","bookingrules":null,"mode":"Bus","nom_commune":"Sartrouville","code_insee":"78586"}},{"type":"Feature","geometry":{"type":"Point","coordinates":[2.198070543595576,48.94209886143739]},"properties":{"id":"IDFM:C00311","route_long_name":"503 Scolaire","stop_id":"IDFM:7678","stop_name":"Florian","stop_lon":"2.198070543595576","stop_lat":"48.94209886143739","operatorname":"Keolis Argenteuil Boucles de Seine","shortname":"503","bookingrules":null,"mode":"Bus","nom_commune":"Sartrouville","code_insee":"78586"}},{"type":"Feature","geometry":{"type":"Point","coordinates":[2.2001770312211137,48.93828192482775]},"properties":{"id":"IDFM:C00311","route_long_name":"503 Scolaire","stop_id":"IDFM:7643","stop_name":"Barian","stop_lon":"2.2001770312211137","stop_lat":"48.93828192482775","operatorname":"Keolis Argenteuil Boucles de Seine","shortname":"503","bookingrules":null,"mode":"Bus","nom_commune":"Sartrouville","code_insee":"78586"}},{"type":"Feature","geometry":{"type":"Point","coordinates":[2.2565672432216712,48.948905844998]},"properties":{"id":"IDFM:C00312","route_long_name":"7","stop_id":"IDFM:413320","stop_name":"Aristide Briand","stop_lon":"2.2565672432216712","stop_lat":"48.948905844998","operatorname":"Keolis Argenteuil Boucles de Seine","shortname":"7","bookingrules":null,"mode":"Bus","nom_commune":"Argenteuil","code_insee":"95018"}},{"type":"Feature","geometry":{"type":"Point","coordinates":[2.267593161881646,48.95225609282772]},"properties":{"id":"IDFM:C00312","route_long_name":"7","stop_id":"IDFM:412156","stop_name":"Stalingrad","stop_lon":"2.267593161881646","stop_lat":"48.95225609282772","operatorname":"Keolis Argenteuil Boucles de Seine","shortname":"7","bookingrules":null,"mode":"Bus","nom_commune":"Argenteuil","code_insee":"95018"}},{"type":"Feature","geometry":{"type":"Point","coordinates":[2.2940230922438647,48.956659220596876]},"properties":{"id":"IDFM:C00312","route_long_name":"7","stop_id":"IDFM:412154","stop_name":"Rue de Marseille","stop_lon":"2.2940230922438647","stop_lat":"48.956659220596876","operatorname":"Keolis Argenteuil Boucles de Seine","shortname":"7","bookingrules":null,"mode":"Bus","nom_commune":"\u00c9pinay-sur-Seine","code_insee":"93031"}},{"type":"Feature","geometry":{"type":"Point","coordinates":[2.3077178750740033,48.972179477108206]},"properties":{"id":"IDFM:C00312","route_long_name":"7","stop_id":"IDFM:494541","stop_name":"Gare d'Enghien-les-Bains","stop_lon":"2.3077178750740033","stop_lat":"48.972179477108206","operatorname":"Keolis Argenteuil Boucles de Seine","shortname":"7","bookingrules":null,"mode":"Bus","nom_commune":"Enghien-les-Bains","code_insee":"95210"}},{"type":"Feature","geometry":{"type":"Point","coordinates":[2.300022911638773,48.96541731671311]},"properties":{"id":"IDFM:C00312","route_long_name":"7","stop_id":"IDFM:2310","stop_name":"Limites des D\u00e9partements","stop_lon":"2.300022911638773","stop_lat":"48.96541731671311","operatorname":"Keolis Argenteuil Boucles de Seine","shortname":"7","bookingrules":null,"mode":"Bus","nom_commune":"\u00c9pinay-sur-Seine","code_insee":"93031"}},{"type":"Feature","geometry":{"type":"Point","coordinates":[2.2943952449306404,48.96143654733048]},"properties":{"id":"IDFM:C00312","route_long_name":"7","stop_id":"IDFM:2355","stop_name":"Cygne d'Enghien","stop_lon":"2.2943952449306404","stop_lat":"48.96143654733048","operatorname":"Keolis Argenteuil Boucles de Seine","shortname":"7","bookingrules":null,"mode":"Bus","nom_commune":"\u00c9pinay-sur-Seine","code_insee":"93031"}},{"type":"Feature","geometry":{"type":"Point","coordinates":[2.2939047193198996,48.9563257919914]},"properties":{"id":"IDFM:C00312","route_long_name":"7","stop_id":"IDFM:412153","stop_name":"Rue de Marseille","stop_lon":"2.2939047193198996","stop_lat":"48.9563257919914","operatorname":"Keolis Argenteuil Boucles de Seine","shortname":"7","bookingrules":null,"mode":"Bus","nom_commune":"\u00c9pinay-sur-Seine","code_insee":"93031"}},{"type":"Feature","geometry":{"type":"Point","coordinates":[2.266627960025539,48.95195342987183]},"properties":{"id":"IDFM:C00312","route_long_name":"7","stop_id":"IDFM:7518","stop_name":"Stalingrad","stop_lon":"2.266627960025539","stop_lat":"48.95195342987183","operatorname":"Keolis Argenteuil Boucles de Seine","shortname":"7","bookingrules":null,"mode":"Bus","nom_commune":"Argenteuil","code_insee":"95018"}},{"type":"Feature","geometry":{"type":"Point","coordinates":[2.0647007114425153,48.89213661778024]},"properties":{"id":"IDFM:C02360","route_long_name":"56","stop_id":"IDFM:34898","stop_name":"Lyc\u00e9e L\u00e9onard de Vinci","stop_lon":"2.0647007114425153","stop_lat":"48.89213661778024","operatorname":"Keolis Argenteuil Boucles de Seine","shortname":"56","bookingrules":null,"mode":"Bus","nom_commune":"Saint-Germain-en-Laye","code_insee":"78551"}},{"type":"Feature","geometry":{"type":"Point","coordinates":[2.11179477743879,48.897828320900416]},"properties":{"id":"IDFM:C02360","route_long_name":"56","stop_id":"IDFM:34438","stop_name":"Jean Jaur\u00e8s","stop_lon":"2.11179477743879","stop_lat":"48.897828320900416","operatorname":"Keolis Argenteuil Boucles de Seine","shortname":"56","bookingrules":null,"mode":"Bus","nom_commune":"Le Pecq","code_insee":"78481"}},{"type":"Feature","geometry":{"type":"Point","coordinates":[2.122157148313344,48.89161830221242]},"properties":{"id":"IDFM:C02360","route_long_name":"56","stop_id":"IDFM:32269","stop_name":"Lyc\u00e9e Alain","stop_lon":"2.122157148313344","stop_lat":"48.89161830221242","operatorname":"Keolis Argenteuil Boucles de Seine","shortname":"56","bookingrules":null,"mode":"Bus","nom_commune":"Le V\u00e9sinet","code_insee":"78650"}},{"type":"Feature","geometry":{"type":"Point","coordinates":[2.1373222614412373,48.86617780213137]},"properties":{"id":"IDFM:C02360","route_long_name":"56","stop_id":"IDFM:32174","stop_name":"Pont de Bougival","stop_lon":"2.1373222614412373","stop_lat":"48.86617780213137","operatorname":"Keolis Argenteuil Boucles de Seine","shortname":"56","bookingrules":null,"mode":"Bus","nom_commune":"Bougival","code_insee":"78092"}},{"type":"Feature","geometry":{"type":"Point","coordinates":[2.122154874102036,48.89175318772322]},"properties":{"id":"IDFM:C02360","route_long_name":"56","stop_id":"IDFM:32270","stop_name":"Lyc\u00e9e Alain","stop_lon":"2.122154874102036","stop_lat":"48.89175318772322","operatorname":"Keolis Argenteuil Boucles de Seine","shortname":"56","bookingrules":null,"mode":"Bus","nom_commune":"Le V\u00e9sinet","code_insee":"78650"}},{"type":"Feature","geometry":{"type":"Point","coordinates":[2.114944846512925,48.89707820644858]},"properties":{"id":"IDFM:C02360","route_long_name":"56","stop_id":"IDFM:32291","stop_name":"Route de Croissy","stop_lon":"2.114944846512925","stop_lat":"48.89707820644858","operatorname":"Keolis Argenteuil Boucles de Seine","shortname":"56","bookingrules":null,"mode":"Bus","nom_commune":"Le V\u00e9sinet","code_insee":"78650"}},{"type":"Feature","geometry":{"type":"Point","coordinates":[2.106011943121527,48.89540202544894]},"properties":{"id":"IDFM:C02360","route_long_name":"56","stop_id":"IDFM:34441","stop_name":"Brossolette","stop_lon":"2.106011943121527","stop_lat":"48.89540202544894","operatorname":"Keolis Argenteuil Boucles de Seine","shortname":"56","bookingrules":null,"mode":"Bus","nom_commune":"Le Pecq","code_insee":"78481"}},{"type":"Feature","geometry":{"type":"Point","coordinates":[2.1915866506629094,48.96400694229922]},"properties":{"id":"IDFM:C01681","route_long_name":"3","stop_id":"IDFM:5363","stop_name":"\u00c9douard Imbs","stop_lon":"2.1915866506629094","stop_lat":"48.96400694229922","operatorname":"Keolis Argenteuil Boucles de Seine","shortname":"3","bookingrules":null,"mode":"Bus","nom_commune":"Cormeilles-en-Parisis","code_insee":"95176"}},{"type":"Feature","geometry":{"type":"Point","coordinates":[2.2078831545738478,48.9414086992256]},"properties":{"id":"IDFM:C01681","route_long_name":"3","stop_id":"IDFM:493495","stop_name":"Val Notre-Dame","stop_lon":"2.2078831545738478","stop_lat":"48.9414086992256","operatorname":"Keolis Argenteuil Boucles de Seine","shortname":"3","bookingrules":null,"mode":"Bus","nom_commune":"Argenteuil","code_insee":"95018"}},{"type":"Feature","geometry":{"type":"Point","coordinates":[2.210872999725097,48.941401441185576]},"properties":{"id":"IDFM:C01681","route_long_name":"3","stop_id":"IDFM:23959","stop_name":"Liserons","stop_lon":"2.210872999725097","stop_lat":"48.941401441185576","operatorname":"Keolis Argenteuil Boucles de Seine","shortname":"3","bookingrules":null,"mode":"Bus","nom_commune":"Argenteuil","code_insee":"95018"}},{"type":"Feature","geometry":{"type":"Point","coordinates":[2.2165872924037,48.93997307229461]},"properties":{"id":"IDFM:C01681","route_long_name":"3","stop_id":"IDFM:483556","stop_name":"Marguerite","stop_lon":"2.2165872924037","stop_lat":"48.93997307229461","operatorname":"Keolis Argenteuil Boucles de Seine","shortname":"3","bookingrules":null,"mode":"Bus","nom_commune":"Argenteuil","code_insee":"95018"}},{"type":"Feature","geometry":{"type":"Point","coordinates":[2.2177141912593332,48.92313647741853]},"properties":{"id":"IDFM:C01681","route_long_name":"3","stop_id":"IDFM:16916","stop_name":"Pont de Bezons","stop_lon":"2.2177141912593332","stop_lat":"48.92313647741853","operatorname":"Keolis Argenteuil Boucles de Seine","shortname":"3","bookingrules":null,"mode":"Bus","nom_commune":"Bezons","code_insee":"95063"}},{"type":"Feature","geometry":{"type":"Point","coordinates":[2.1950400324181936,48.926205833364804]},"properties":{"id":"IDFM:C02629","route_long_name":"N","stop_id":"IDFM:488662","stop_name":"Daumesnil","stop_lon":"2.1950400324181936","stop_lat":"48.926205833364804","operatorname":"Keolis Argenteuil Boucles de Seine","shortname":"N","bookingrules":null,"mode":"Bus","nom_commune":"Houilles","code_insee":"78311"}},{"type":"Feature","geometry":{"type":"Point","coordinates":[2.182384211930401,48.93255920346747]},"properties":{"id":"IDFM:C02629","route_long_name":"N","stop_id":"IDFM:488651","stop_name":"Chrispeels","stop_lon":"2.182384211930401","stop_lat":"48.93255920346747","operatorname":"Keolis Argenteuil Boucles de Seine","shortname":"N","bookingrules":null,"mode":"Bus","nom_commune":"Houilles","code_insee":"78311"}},{"type":"Feature","geometry":{"type":"Point","coordinates":[2.188692536637221,48.84576163644563]},"properties":{"id":"IDFM:C01491","route_long_name":"37","stop_id":"IDFM:29243","stop_name":"Piscine","stop_lon":"2.188692536637221","stop_lat":"48.84576163644563","operatorname":"Keolis Argenteuil Boucles de Seine","shortname":"37","bookingrules":null,"mode":"Bus","nom_commune":"Garches","code_insee":"92033"}},{"type":"Feature","geometry":{"type":"Point","coordinates":[2.1899934415323106,48.8225572907213]},"properties":{"id":"IDFM:C01491","route_long_name":"37","stop_id":"IDFM:477781","stop_name":"La Ronce","stop_lon":"2.1899934415323106","stop_lat":"48.8225572907213","operatorname":"Keolis Argenteuil Boucles de Seine","shortname":"37","bookingrules":null,"mode":"Bus","nom_commune":"Ville-d'Avray","code_insee":"92077"}},{"type":"Feature","geometry":{"type":"Point","coordinates":[2.188230957411009,48.8456505800569]},"properties":{"id":"IDFM:C01491","route_long_name":"37","stop_id":"IDFM:34391","stop_name":"Piscine","stop_lon":"2.188230957411009","stop_lat":"48.8456505800569","operatorname":"Keolis Argenteuil Boucles de Seine","shortname":"37","bookingrules":null,"mode":"Bus","nom_commune":"Garches","code_insee":"92033"}},{"type":"Feature","geometry":{"type":"Point","coordinates":[2.2182248815054852,48.86280340591765]},"properties":{"id":"IDFM:C01492","route_long_name":"40","stop_id":"IDFM:34368","stop_name":"Garibaldi","stop_lon":"2.2182248815054852","stop_lat":"48.86280340591765","operatorname":"Keolis Argenteuil Boucles de Seine","shortname":"40","bookingrules":null,"mode":"Bus","nom_commune":"Suresnes","code_insee":"92073"}},{"type":"Feature","geometry":{"type":"Point","coordinates":[2.15839149333711,48.93742923698639]},"properties":{"id":"IDFM:C02730","route_long_name":"26","stop_id":"IDFM:7685","stop_name":"Gare de Sartrouville","stop_lon":"2.15839149333711","stop_lat":"48.93742923698639","operatorname":"Keolis Argenteuil Boucles de Seine","shortname":"26","bookingrules":null,"mode":"Bus","nom_commune":"Sartrouville","code_insee":"78586"}},{"type":"Feature","geometry":{"type":"Point","coordinates":[2.1671071848763486,48.933614111494066]},"properties":{"id":"IDFM:C02730","route_long_name":"26","stop_id":"IDFM:7664","stop_name":"Convention","stop_lon":"2.1671071848763486","stop_lat":"48.933614111494066","operatorname":"Keolis Argenteuil Boucles de Seine","shortname":"26","bookingrules":null,"mode":"Bus","nom_commune":"Sartrouville","code_insee":"78586"}},{"type":"Feature","geometry":{"type":"Point","coordinates":[2.179494576525681,48.93749462535623]},"properties":{"id":"IDFM:C02730","route_long_name":"26","stop_id":"IDFM:7666","stop_name":"Courteline","stop_lon":"2.179494576525681","stop_lat":"48.93749462535623","operatorname":"Keolis Argenteuil Boucles de Seine","shortname":"26","bookingrules":null,"mode":"Bus","nom_commune":"Sartrouville","code_insee":"78586"}},{"type":"Feature","geometry":{"type":"Point","coordinates":[2.188792951679162,48.9496084970425]},"properties":{"id":"IDFM:C02730","route_long_name":"26","stop_id":"IDFM:7725","stop_name":"Calmette Gu\u00e9rin","stop_lon":"2.188792951679162","stop_lat":"48.9496084970425","operatorname":"Keolis Argenteuil Boucles de Seine","shortname":"26","bookingrules":null,"mode":"Bus","nom_commune":"Sartrouville","code_insee":"78586"}},{"type":"Feature","geometry":{"type":"Point","coordinates":[2.180851450650265,48.949284709354245]},"properties":{"id":"IDFM:C02730","route_long_name":"26","stop_id":"IDFM:5372","stop_name":"La Garenne","stop_lon":"2.180851450650265","stop_lat":"48.949284709354245","operatorname":"Keolis Argenteuil Boucles de Seine","shortname":"26","bookingrules":null,"mode":"Bus","nom_commune":"Sartrouville","code_insee":"78586"}},{"type":"Feature","geometry":{"type":"Point","coordinates":[2.1713083716191837,48.944938474025115]},"properties":{"id":"IDFM:C02730","route_long_name":"26","stop_id":"IDFM:7728","stop_name":"Roosevelt","stop_lon":"2.1713083716191837","stop_lat":"48.944938474025115","operatorname":"Keolis Argenteuil Boucles de Seine","shortname":"26","bookingrules":null,"mode":"Bus","nom_commune":"Sartrouville","code_insee":"78586"}},{"type":"Feature","geometry":{"type":"Point","coordinates":[2.1635488024418934,48.94269028914722]},"properties":{"id":"IDFM:C02730","route_long_name":"26","stop_id":"IDFM:7697","stop_name":"Masures","stop_lon":"2.1635488024418934","stop_lat":"48.94269028914722","operatorname":"Keolis Argenteuil Boucles de Seine","shortname":"26","bookingrules":null,"mode":"Bus","nom_commune":"Sartrouville","code_insee":"78586"}},{"type":"Feature","geometry":{"type":"Point","coordinates":[2.1604287434540472,48.94060907515788]},"properties":{"id":"IDFM:C02731","route_long_name":"25","stop_id":"IDFM:23974","stop_name":"Poste","stop_lon":"2.1604287434540472","stop_lat":"48.94060907515788","operatorname":"Keolis Argenteuil Boucles de Seine","shortname":"25","bookingrules":null,"mode":"Bus","nom_commune":"Sartrouville","code_insee":"78586"}},{"type":"Feature","geometry":{"type":"Point","coordinates":[2.1641859033754227,48.94297351634557]},"properties":{"id":"IDFM:C02731","route_long_name":"25","stop_id":"IDFM:7696","stop_name":"Masures","stop_lon":"2.1641859033754227","stop_lat":"48.94297351634557","operatorname":"Keolis Argenteuil Boucles de Seine","shortname":"25","bookingrules":null,"mode":"Bus","nom_commune":"Sartrouville","code_insee":"78586"}},{"type":"Feature","geometry":{"type":"Point","coordinates":[2.1841206003516236,48.9523915716133]},"properties":{"id":"IDFM:C02731","route_long_name":"25","stop_id":"IDFM:23960","stop_name":"Trembleaux","stop_lon":"2.1841206003516236","stop_lat":"48.9523915716133","operatorname":"Keolis Argenteuil Boucles de Seine","shortname":"25","bookingrules":null,"mode":"Bus","nom_commune":"Sartrouville","code_insee":"78586"}},{"type":"Feature","geometry":{"type":"Point","coordinates":[2.1578119645908873,48.93781186755499]},"properties":{"id":"IDFM:C02731","route_long_name":"25","stop_id":"IDFM:5387","stop_name":"Gare de Sartrouville","stop_lon":"2.1578119645908873","stop_lat":"48.93781186755499","operatorname":"Keolis Argenteuil Boucles de Seine","shortname":"25","bookingrules":null,"mode":"Bus","nom_commune":"Sartrouville","code_insee":"78586"}},{"type":"Feature","geometry":{"type":"Point","coordinates":[2.1560471399956294,48.954877131003386]},"properties":{"id":"IDFM:C02683","route_long_name":"60","stop_id":"IDFM:34913","stop_name":"Cours de l'Ermitage","stop_lon":"2.1560471399956294","stop_lat":"48.954877131003386","operatorname":"Keolis Argenteuil Boucles de Seine","shortname":"60","bookingrules":null,"mode":"Bus","nom_commune":"Maisons-Laffitte","code_insee":"78358"}},{"type":"Feature","geometry":{"type":"Point","coordinates":[2.1522438192620545,48.951963568632785]},"properties":{"id":"IDFM:C02683","route_long_name":"60","stop_id":"IDFM:34911","stop_name":"Wagram","stop_lon":"2.1522438192620545","stop_lat":"48.951963568632785","operatorname":"Keolis Argenteuil Boucles de Seine","shortname":"60","bookingrules":null,"mode":"Bus","nom_commune":"Maisons-Laffitte","code_insee":"78358"}},{"type":"Feature","geometry":{"type":"Point","coordinates":[2.1496147054980868,48.94991254142151]},"properties":{"id":"IDFM:C02683","route_long_name":"60","stop_id":"IDFM:34908","stop_name":"Ch\u00e2teau","stop_lon":"2.1496147054980868","stop_lat":"48.94991254142151","operatorname":"Keolis Argenteuil Boucles de Seine","shortname":"60","bookingrules":null,"mode":"Bus","nom_commune":"Maisons-Laffitte","code_insee":"78358"}},{"type":"Feature","geometry":{"type":"Point","coordinates":[2.150905224855222,48.9578444577563]},"properties":{"id":"IDFM:C02684","route_long_name":"61","stop_id":"IDFM:34925","stop_name":"Parc des Sports","stop_lon":"2.150905224855222","stop_lat":"48.9578444577563","operatorname":"Keolis Argenteuil Boucles de Seine","shortname":"61","bookingrules":null,"mode":"Bus","nom_commune":"Maisons-Laffitte","code_insee":"78358"}},{"type":"Feature","geometry":{"type":"Point","coordinates":[2.137179527926197,48.95133450858187]},"properties":{"id":"IDFM:C02684","route_long_name":"61","stop_id":"IDFM:34928","stop_name":"Cocteau","stop_lon":"2.137179527926197","stop_lat":"48.95133450858187","operatorname":"Keolis Argenteuil Boucles de Seine","shortname":"61","bookingrules":null,"mode":"Bus","nom_commune":"Maisons-Laffitte","code_insee":"78358"}},{"type":"Feature","geometry":{"type":"Point","coordinates":[2.138861465907168,48.941292421140076]},"properties":{"id":"IDFM:C02685","route_long_name":"62","stop_id":"IDFM:494490","stop_name":"R\u00e9publique","stop_lon":"2.138861465907168","stop_lat":"48.941292421140076","operatorname":"Keolis Argenteuil Boucles de Seine","shortname":"62","bookingrules":null,"mode":"Bus","nom_commune":"Maisons-Laffitte","code_insee":"78358"}},{"type":"Feature","geometry":{"type":"Point","coordinates":[2.1640918205739514,48.92844006999559]},"properties":{"id":"IDFM:C02685","route_long_name":"62","stop_id":"IDFM:13112","stop_name":"Lyc\u00e9e Evariste Galois","stop_lon":"2.1640918205739514","stop_lat":"48.92844006999559","operatorname":"Keolis Argenteuil Boucles de Seine","shortname":"62","bookingrules":null,"mode":"Bus","nom_commune":"Sartrouville","code_insee":"78586"}},{"type":"Feature","geometry":{"type":"Point","coordinates":[2.16382718214654,48.92877096923041]},"properties":{"id":"IDFM:C02685","route_long_name":"62","stop_id":"IDFM:494489","stop_name":"Coll\u00e8ge Colette - Lyc\u00e9e \u00c9variste Galois","stop_lon":"2.16382718214654","stop_lat":"48.92877096923041","operatorname":"Keolis Argenteuil Boucles de Seine","shortname":"62","bookingrules":null,"mode":"Bus","nom_commune":"Sartrouville","code_insee":"78586"}},{"type":"Feature","geometry":{"type":"Point","coordinates":[2.1365548252260282,48.93879374249152]},"properties":{"id":"IDFM:C02685","route_long_name":"62","stop_id":"IDFM:35056","stop_name":"Procession","stop_lon":"2.1365548252260282","stop_lat":"48.93879374249152","operatorname":"Keolis Argenteuil Boucles de Seine","shortname":"62","bookingrules":null,"mode":"Bus","nom_commune":"Le Mesnil-le-Roi","code_insee":"78396"}},{"type":"Feature","geometry":{"type":"Point","coordinates":[2.16382718214654,48.92877096923041]},"properties":{"id":"IDFM:C02686","route_long_name":"63","stop_id":"IDFM:494489","stop_name":"Coll\u00e8ge Colette - Lyc\u00e9e \u00c9variste Galois","stop_lon":"2.16382718214654","stop_lat":"48.92877096923041","operatorname":"Keolis Argenteuil Boucles de Seine","shortname":"63","bookingrules":null,"mode":"Bus","nom_commune":"Sartrouville","code_insee":"78586"}},{"type":"Feature","geometry":{"type":"Point","coordinates":[2.1626875543710766,48.95209092022873]},"properties":{"id":"IDFM:C02686","route_long_name":"63","stop_id":"IDFM:34916","stop_name":"Sully","stop_lon":"2.1626875543710766","stop_lat":"48.95209092022873","operatorname":"Keolis Argenteuil Boucles de Seine","shortname":"63","bookingrules":null,"mode":"Bus","nom_commune":"Maisons-Laffitte","code_insee":"78358"}},{"type":"Feature","geometry":{"type":"Point","coordinates":[2.166653802994908,48.96021215524803]},"properties":{"id":"IDFM:C02686","route_long_name":"63","stop_id":"IDFM:34921","stop_name":"Square Le Kain","stop_lon":"2.166653802994908","stop_lat":"48.96021215524803","operatorname":"Keolis Argenteuil Boucles de Seine","shortname":"63","bookingrules":null,"mode":"Bus","nom_commune":"Maisons-Laffitte","code_insee":"78358"}},{"type":"Feature","geometry":{"type":"Point","coordinates":[2.126510805307902,48.94185055420012]},"properties":{"id":"IDFM:C02686","route_long_name":"63","stop_id":"IDFM:420897","stop_name":"Cit\u00e9 des Tilleuls","stop_lon":"2.126510805307902","stop_lat":"48.94185055420012","operatorname":"Keolis Argenteuil Boucles de Seine","shortname":"63","bookingrules":null,"mode":"Bus","nom_commune":"Le Mesnil-le-Roi","code_insee":"78396"}},{"type":"Feature","geometry":{"type":"Point","coordinates":[2.208848864253955,48.95241341501446]},"properties":{"id":"IDFM:C01822","route_long_name":"17","stop_id":"IDFM:17595","stop_name":"Salonique","stop_lon":"2.208848864253955","stop_lat":"48.95241341501446","operatorname":"Keolis Argenteuil Boucles de Seine","shortname":"17","bookingrules":null,"mode":"Bus","nom_commune":"Argenteuil","code_insee":"95018"}},{"type":"Feature","geometry":{"type":"Point","coordinates":[2.211128886755152,48.94703270425241]},"properties":{"id":"IDFM:C01822","route_long_name":"17","stop_id":"IDFM:7512","stop_name":"Montigny","stop_lon":"2.211128886755152","stop_lat":"48.94703270425241","operatorname":"Keolis Argenteuil Boucles de Seine","shortname":"17","bookingrules":null,"mode":"Bus","nom_commune":"Argenteuil","code_insee":"95018"}},{"type":"Feature","geometry":{"type":"Point","coordinates":[2.1139016291020423,48.89986744995485]},"properties":{"id":"IDFM:C00337","route_long_name":"G","stop_id":"IDFM:32102","stop_name":"Jacques Cartier","stop_lon":"2.1139016291020423","stop_lat":"48.89986744995485","operatorname":"Keolis Argenteuil Boucles de Seine","shortname":"G","bookingrules":null,"mode":"Bus","nom_commune":"Le V\u00e9sinet","code_insee":"78650"}},{"type":"Feature","geometry":{"type":"Point","coordinates":[2.1435460587570576,48.929563022659664]},"properties":{"id":"IDFM:C00337","route_long_name":"G","stop_id":"IDFM:460439","stop_name":"Centre Commercial","stop_lon":"2.1435460587570576","stop_lat":"48.929563022659664","operatorname":"Keolis Argenteuil Boucles de Seine","shortname":"G","bookingrules":null,"mode":"Bus","nom_commune":"Montesson","code_insee":"78418"}},{"type":"Feature","geometry":{"type":"Point","coordinates":[2.1154302785561,48.90543666977444]},"properties":{"id":"IDFM:C00337","route_long_name":"G","stop_id":"IDFM:460486","stop_name":"COMSIP","stop_lon":"2.1154302785561","stop_lat":"48.90543666977444","operatorname":"Keolis Argenteuil Boucles de Seine","shortname":"G","bookingrules":null,"mode":"Bus","nom_commune":"Montesson","code_insee":"78418"}},{"type":"Feature","geometry":{"type":"Point","coordinates":[2.1155246255589324,48.89827861712757]},"properties":{"id":"IDFM:C00337","route_long_name":"G","stop_id":"IDFM:32191","stop_name":"R\u00e9publique","stop_lon":"2.1155246255589324","stop_lat":"48.89827861712757","operatorname":"Keolis Argenteuil Boucles de Seine","shortname":"G","bookingrules":null,"mode":"Bus","nom_commune":"Le V\u00e9sinet","code_insee":"78650"}},{"type":"Feature","geometry":{"type":"Point","coordinates":[2.1213188898346673,48.89845617131727]},"properties":{"id":"IDFM:C00337","route_long_name":"G","stop_id":"IDFM:411956","stop_name":"Gare du V\u00e9sinet - Le Pecq","stop_lon":"2.1213188898346673","stop_lat":"48.89845617131727","operatorname":"Keolis Argenteuil Boucles de Seine","shortname":"G","bookingrules":null,"mode":"Bus","nom_commune":"Le V\u00e9sinet","code_insee":"78650"}},{"type":"Feature","geometry":{"type":"Point","coordinates":[2.25548531144652,48.96058077816055]},"properties":{"id":"IDFM:C00303","route_long_name":"18","stop_id":"IDFM:7528","stop_name":"Piscine - Coll\u00e8ge Ariane","stop_lon":"2.25548531144652","stop_lat":"48.96058077816055","operatorname":"Keolis Argenteuil Boucles de Seine","shortname":"18","bookingrules":null,"mode":"Bus","nom_commune":"Argenteuil","code_insee":"95018"}},{"type":"Feature","geometry":{"type":"Point","coordinates":[2.2457752185611652,48.96059203845218]},"properties":{"id":"IDFM:C00303","route_long_name":"18","stop_id":"IDFM:7496","stop_name":"\u00c9cole Lapierre","stop_lon":"2.2457752185611652","stop_lat":"48.96059203845218","operatorname":"Keolis Argenteuil Boucles de Seine","shortname":"18","bookingrules":null,"mode":"Bus","nom_commune":"Argenteuil","code_insee":"95018"}},{"type":"Feature","geometry":{"type":"Point","coordinates":[2.248769005361261,48.95944177230917]},"properties":{"id":"IDFM:C00303","route_long_name":"18","stop_id":"IDFM:7514","stop_name":"Morinval","stop_lon":"2.248769005361261","stop_lat":"48.95944177230917","operatorname":"Keolis Argenteuil Boucles de Seine","shortname":"18","bookingrules":null,"mode":"Bus","nom_commune":"Argenteuil","code_insee":"95018"}},{"type":"Feature","geometry":{"type":"Point","coordinates":[2.1972496777195136,48.91479036247273]},"properties":{"id":"IDFM:C00306","route_long_name":"34","stop_id":"IDFM:494770","stop_name":"Colombier","stop_lon":"2.1972496777195136","stop_lat":"48.91479036247273","operatorname":"Keolis Argenteuil Boucles de Seine","shortname":"34","bookingrules":null,"mode":"Bus","nom_commune":"Carri\u00e8res-sur-Seine","code_insee":"78124"}},{"type":"Feature","geometry":{"type":"Point","coordinates":[2.2015667993588326,48.913551171648784]},"properties":{"id":"IDFM:C00306","route_long_name":"34","stop_id":"IDFM:23944","stop_name":"Daubigny","stop_lon":"2.2015667993588326","stop_lat":"48.913551171648784","operatorname":"Keolis Argenteuil Boucles de Seine","shortname":"34","bookingrules":null,"mode":"Bus","nom_commune":"Bezons","code_insee":"95063"}},{"type":"Feature","geometry":{"type":"Point","coordinates":[2.227639195544904,48.937598711619806]},"properties":{"id":"IDFM:C00306","route_long_name":"34","stop_id":"IDFM:7507","stop_name":"Espace Nelson Mandela","stop_lon":"2.227639195544904","stop_lat":"48.937598711619806","operatorname":"Keolis Argenteuil Boucles de Seine","shortname":"34","bookingrules":null,"mode":"Bus","nom_commune":"Argenteuil","code_insee":"95018"}},{"type":"Feature","geometry":{"type":"Point","coordinates":[2.230284722564524,48.95438749037209]},"properties":{"id":"IDFM:C00306","route_long_name":"34","stop_id":"IDFM:7454","stop_name":"Rue de Coudray","stop_lon":"2.230284722564524","stop_lat":"48.95438749037209","operatorname":"Keolis Argenteuil Boucles de Seine","shortname":"34","bookingrules":null,"mode":"Bus","nom_commune":"Argenteuil","code_insee":"95018"}},{"type":"Feature","geometry":{"type":"Point","coordinates":[2.233614165521664,48.96103651147403]},"properties":{"id":"IDFM:C00306","route_long_name":"34","stop_id":"IDFM:7511","stop_name":"March\u00e9 des C\u00f4teaux","stop_lon":"2.233614165521664","stop_lat":"48.96103651147403","operatorname":"Keolis Argenteuil Boucles de Seine","shortname":"34","bookingrules":null,"mode":"Bus","nom_commune":"Argenteuil","code_insee":"95018"}},{"type":"Feature","geometry":{"type":"Point","coordinates":[2.2315052591238147,48.9605014334742]},"properties":{"id":"IDFM:C00306","route_long_name":"34","stop_id":"IDFM:7465","stop_name":"Craonne","stop_lon":"2.2315052591238147","stop_lat":"48.9605014334742","operatorname":"Keolis Argenteuil Boucles de Seine","shortname":"34","bookingrules":null,"mode":"Bus","nom_commune":"Argenteuil","code_insee":"95018"}},{"type":"Feature","geometry":{"type":"Point","coordinates":[2.2293171784484276,48.942276855251436]},"properties":{"id":"IDFM:C00306","route_long_name":"34","stop_id":"IDFM:7555","stop_name":"Moulin Sarrazin","stop_lon":"2.2293171784484276","stop_lat":"48.942276855251436","operatorname":"Keolis Argenteuil Boucles de Seine","shortname":"34","bookingrules":null,"mode":"Bus","nom_commune":"Argenteuil","code_insee":"95018"}},{"type":"Feature","geometry":{"type":"Point","coordinates":[2.218933132260304,48.934664534064]},"properties":{"id":"IDFM:C00306","route_long_name":"34","stop_id":"IDFM:7581","stop_name":"Jean-S\u00e9bastien Bach","stop_lon":"2.218933132260304","stop_lat":"48.934664534064","operatorname":"Keolis Argenteuil Boucles de Seine","shortname":"34","bookingrules":null,"mode":"Bus","nom_commune":"Bezons","code_insee":"95063"}},{"type":"Feature","geometry":{"type":"Point","coordinates":[2.213949296891298,48.93205994518057]},"properties":{"id":"IDFM:C00306","route_long_name":"34","stop_id":"IDFM:7593","stop_name":"Parmentier","stop_lon":"2.213949296891298","stop_lat":"48.93205994518057","operatorname":"Keolis Argenteuil Boucles de Seine","shortname":"34","bookingrules":null,"mode":"Bus","nom_commune":"Bezons","code_insee":"95063"}},{"type":"Feature","geometry":{"type":"Point","coordinates":[2.2176064281628207,48.930303255031575]},"properties":{"id":"IDFM:C00306","route_long_name":"34","stop_id":"IDFM:7591","stop_name":"Lilas","stop_lon":"2.2176064281628207","stop_lat":"48.930303255031575","operatorname":"Keolis Argenteuil Boucles de Seine","shortname":"34","bookingrules":null,"mode":"Bus","nom_commune":"Bezons","code_insee":"95063"}},{"type":"Feature","geometry":{"type":"Point","coordinates":[2.257487260880902,48.9466273612479]},"properties":{"id":"IDFM:C00308","route_long_name":"6","stop_id":"IDFM:27031","stop_name":"Gare d'Argenteuil","stop_lon":"2.257487260880902","stop_lat":"48.9466273612479","operatorname":"Keolis Argenteuil Boucles de Seine","shortname":"6","bookingrules":null,"mode":"Bus","nom_commune":"Argenteuil","code_insee":"95018"}},{"type":"Feature","geometry":{"type":"Point","coordinates":[2.2387408465931005,48.932687625438106]},"properties":{"id":"IDFM:C00308","route_long_name":"6","stop_id":"IDFM:485807","stop_name":"Pont Neuf","stop_lon":"2.2387408465931005","stop_lat":"48.932687625438106","operatorname":"Keolis Argenteuil Boucles de Seine","shortname":"6","bookingrules":null,"mode":"Bus","nom_commune":"Argenteuil","code_insee":"95018"}},{"type":"Feature","geometry":{"type":"Point","coordinates":[2.2232131407541798,48.92775872335989]},"properties":{"id":"IDFM:C00308","route_long_name":"6","stop_id":"IDFM:7588","stop_name":"Victor Hugo","stop_lon":"2.2232131407541798","stop_lat":"48.92775872335989","operatorname":"Keolis Argenteuil Boucles de Seine","shortname":"6","bookingrules":null,"mode":"Bus","nom_commune":"Bezons","code_insee":"95063"}},{"type":"Feature","geometry":{"type":"Point","coordinates":[2.2194849465423316,48.92372358367413]},"properties":{"id":"IDFM:C00308","route_long_name":"6","stop_id":"IDFM:479104","stop_name":"Jaur\u00e8s Branchard","stop_lon":"2.2194849465423316","stop_lat":"48.92372358367413","operatorname":"Keolis Argenteuil Boucles de Seine","shortname":"6","bookingrules":null,"mode":"Bus","nom_commune":"Bezons","code_insee":"95063"}},{"type":"Feature","geometry":{"type":"Point","coordinates":[2.210652877777751,48.9253204573149]},"properties":{"id":"IDFM:C00308","route_long_name":"6","stop_id":"IDFM:21513","stop_name":"Henri Barbusse","stop_lon":"2.210652877777751","stop_lat":"48.9253204573149","operatorname":"Keolis Argenteuil Boucles de Seine","shortname":"6","bookingrules":null,"mode":"Bus","nom_commune":"Bezons","code_insee":"95063"}},{"type":"Feature","geometry":{"type":"Point","coordinates":[2.208850926755662,48.924454228945216]},"properties":{"id":"IDFM:C00308","route_long_name":"6","stop_id":"IDFM:16917","stop_name":"\u00c9mile Zola","stop_lon":"2.208850926755662","stop_lat":"48.924454228945216","operatorname":"Keolis Argenteuil Boucles de Seine","shortname":"6","bookingrules":null,"mode":"Bus","nom_commune":"Bezons","code_insee":"95063"}},{"type":"Feature","geometry":{"type":"Point","coordinates":[2.2038863715946118,48.922469840450816]},"properties":{"id":"IDFM:C00308","route_long_name":"6","stop_id":"IDFM:27035","stop_name":"Calmette","stop_lon":"2.2038863715946118","stop_lat":"48.922469840450816","operatorname":"Keolis Argenteuil Boucles de Seine","shortname":"6","bookingrules":null,"mode":"Bus","nom_commune":"Houilles","code_insee":"78311"}},{"type":"Feature","geometry":{"type":"Point","coordinates":[2.1856464562389326,48.91947844228262]},"properties":{"id":"IDFM:C00308","route_long_name":"6","stop_id":"IDFM:27037","stop_name":"Gare de Houilles - Carri\u00e8res-sur-Seine","stop_lon":"2.1856464562389326","stop_lat":"48.91947844228262","operatorname":"Keolis Argenteuil Boucles de Seine","shortname":"6","bookingrules":null,"mode":"Bus","nom_commune":"Houilles","code_insee":"78311"}},{"type":"Feature","geometry":{"type":"Point","coordinates":[2.1978155735049323,48.920567770165974]},"properties":{"id":"IDFM:C00308","route_long_name":"6","stop_id":"IDFM:27039","stop_name":"La Fontaine","stop_lon":"2.1978155735049323","stop_lat":"48.920567770165974","operatorname":"Keolis Argenteuil Boucles de Seine","shortname":"6","bookingrules":null,"mode":"Bus","nom_commune":"Houilles","code_insee":"78311"}},{"type":"Feature","geometry":{"type":"Point","coordinates":[2.204920262795098,48.92268354732822]},"properties":{"id":"IDFM:C00308","route_long_name":"6","stop_id":"IDFM:27040","stop_name":"Calmette","stop_lon":"2.204920262795098","stop_lat":"48.92268354732822","operatorname":"Keolis Argenteuil Boucles de Seine","shortname":"6","bookingrules":null,"mode":"Bus","nom_commune":"Bezons","code_insee":"95063"}},{"type":"Feature","geometry":{"type":"Point","coordinates":[2.1904455661711157,48.942560206006306]},"properties":{"id":"IDFM:C00309","route_long_name":"501 Scolaire","stop_id":"IDFM:7661","stop_name":"Cl\u00e9menceau","stop_lon":"2.1904455661711157","stop_lat":"48.942560206006306","operatorname":"Keolis Argenteuil Boucles de Seine","shortname":"501","bookingrules":null,"mode":"Bus","nom_commune":"Sartrouville","code_insee":"78586"}},{"type":"Feature","geometry":{"type":"Point","coordinates":[2.202381086463479,48.942325467480316]},"properties":{"id":"IDFM:C00309","route_long_name":"501 Scolaire","stop_id":"IDFM:15200","stop_name":"Romain Rolland","stop_lon":"2.202381086463479","stop_lat":"48.942325467480316","operatorname":"Keolis Argenteuil Boucles de Seine","shortname":"501","bookingrules":null,"mode":"Bus","nom_commune":"Sartrouville","code_insee":"78586"}},{"type":"Feature","geometry":{"type":"Point","coordinates":[2.185414259869848,48.9412850881262]},"properties":{"id":"IDFM:C00310","route_long_name":"502 Scolaire","stop_id":"IDFM:7642","stop_name":"Alphonse Allais","stop_lon":"2.185414259869848","stop_lat":"48.9412850881262","operatorname":"Keolis Argenteuil Boucles de Seine","shortname":"502","bookingrules":null,"mode":"Bus","nom_commune":"Sartrouville","code_insee":"78586"}},{"type":"Feature","geometry":{"type":"Point","coordinates":[2.1824204007444896,48.942415807537365]},"properties":{"id":"IDFM:C00310","route_long_name":"502 Scolaire","stop_id":"IDFM:7667","stop_name":"Joliot Curie","stop_lon":"2.1824204007444896","stop_lat":"48.942415807537365","operatorname":"Keolis Argenteuil Boucles de Seine","shortname":"502","bookingrules":null,"mode":"Bus","nom_commune":"Sartrouville","code_insee":"78586"}},{"type":"Feature","geometry":{"type":"Point","coordinates":[2.1638861054184715,48.92850158669786]},"properties":{"id":"IDFM:C00310","route_long_name":"502 Scolaire","stop_id":"IDFM:491995","stop_name":"Lyc\u00e9e Evariste Galois","stop_lon":"2.1638861054184715","stop_lat":"48.92850158669786","operatorname":"Keolis Argenteuil Boucles de Seine","shortname":"502","bookingrules":null,"mode":"Bus","nom_commune":"Sartrouville","code_insee":"78586"}},{"type":"Feature","geometry":{"type":"Point","coordinates":[2.185566806884046,48.94113324386045]},"properties":{"id":"IDFM:C00311","route_long_name":"503 Scolaire","stop_id":"IDFM:7641","stop_name":"Alphonse Allais","stop_lon":"2.185566806884046","stop_lat":"48.94113324386045","operatorname":"Keolis Argenteuil Boucles de Seine","shortname":"503","bookingrules":null,"mode":"Bus","nom_commune":"Sartrouville","code_insee":"78586"}},{"type":"Feature","geometry":{"type":"Point","coordinates":[2.2640827712616,48.95079574590259]},"properties":{"id":"IDFM:C00312","route_long_name":"7","stop_id":"IDFM:413303","stop_name":"Henri Vasseur","stop_lon":"2.2640827712616","stop_lat":"48.95079574590259","operatorname":"Keolis Argenteuil Boucles de Seine","shortname":"7","bookingrules":null,"mode":"Bus","nom_commune":"Argenteuil","code_insee":"95018"}},{"type":"Feature","geometry":{"type":"Point","coordinates":[2.2924044940337533,48.9551838609692]},"properties":{"id":"IDFM:C00312","route_long_name":"7","stop_id":"IDFM:412158","stop_name":"Lyon","stop_lon":"2.2924044940337533","stop_lat":"48.9551838609692","operatorname":"Keolis Argenteuil Boucles de Seine","shortname":"7","bookingrules":null,"mode":"Bus","nom_commune":"\u00c9pinay-sur-Seine","code_insee":"93031"}},{"type":"Feature","geometry":{"type":"Point","coordinates":[2.3088686077787886,48.969875013227956]},"properties":{"id":"IDFM:C00312","route_long_name":"7","stop_id":"IDFM:7608","stop_name":"Mairie d'Enghien-les-Bains","stop_lon":"2.3088686077787886","stop_lat":"48.969875013227956","operatorname":"Keolis Argenteuil Boucles de Seine","shortname":"7","bookingrules":null,"mode":"Bus","nom_commune":"Enghien-les-Bains","code_insee":"95210"}},{"type":"Feature","geometry":{"type":"Point","coordinates":[2.2933020816280796,48.960476882799476]},"properties":{"id":"IDFM:C00312","route_long_name":"7","stop_id":"IDFM:40045","stop_name":"Dunkerque","stop_lon":"2.2933020816280796","stop_lat":"48.960476882799476","operatorname":"Keolis Argenteuil Boucles de Seine","shortname":"7","bookingrules":null,"mode":"Bus","nom_commune":"\u00c9pinay-sur-Seine","code_insee":"93031"}},{"type":"Feature","geometry":{"type":"Point","coordinates":[2.2928128954088476,48.955276198064055]},"properties":{"id":"IDFM:C00312","route_long_name":"7","stop_id":"IDFM:412157","stop_name":"Lyon","stop_lon":"2.2928128954088476","stop_lat":"48.955276198064055","operatorname":"Keolis Argenteuil Boucles de Seine","shortname":"7","bookingrules":null,"mode":"Bus","nom_commune":"\u00c9pinay-sur-Seine","code_insee":"93031"}},{"type":"Feature","geometry":{"type":"Point","coordinates":[2.2833292522402306,48.95676664149118]},"properties":{"id":"IDFM:C00312","route_long_name":"7","stop_id":"IDFM:7438","stop_name":"Champgu\u00e9rin","stop_lon":"2.2833292522402306","stop_lat":"48.95676664149118","operatorname":"Keolis Argenteuil Boucles de Seine","shortname":"7","bookingrules":null,"mode":"Bus","nom_commune":"Argenteuil","code_insee":"95018"}},{"type":"Feature","geometry":{"type":"Point","coordinates":[2.17043261925894,48.92879889210813]},"properties":{"id":"IDFM:C00316","route_long_name":"J","stop_id":"IDFM:7719","stop_name":"La Plaine","stop_lon":"2.17043261925894","stop_lat":"48.92879889210813","operatorname":"Keolis Argenteuil Boucles de Seine","shortname":"J","bookingrules":null,"mode":"Bus","nom_commune":"Houilles","code_insee":"78311"}},{"type":"Feature","geometry":{"type":"Point","coordinates":[2.1566932941395365,48.93103221028598]},"properties":{"id":"IDFM:C00316","route_long_name":"J","stop_id":"IDFM:7680","stop_name":"Franklin","stop_lon":"2.1566932941395365","stop_lat":"48.93103221028598","operatorname":"Keolis Argenteuil Boucles de Seine","shortname":"J","bookingrules":null,"mode":"Bus","nom_commune":"Sartrouville","code_insee":"78586"}},{"type":"Feature","geometry":{"type":"Point","coordinates":[2.159213500859286,48.93724615205689]},"properties":{"id":"IDFM:C00316","route_long_name":"J","stop_id":"IDFM:494487","stop_name":"Gare de Sartrouville","stop_lon":"2.159213500859286","stop_lat":"48.93724615205689","operatorname":"Keolis Argenteuil Boucles de Seine","shortname":"J","bookingrules":null,"mode":"Bus","nom_commune":"Sartrouville","code_insee":"78586"}},{"type":"Feature","geometry":{"type":"Point","coordinates":[2.185970125529728,48.93193611351462]},"properties":{"id":"IDFM:C00317","route_long_name":"H","stop_id":"IDFM:7617","stop_name":"Cimeti\u00e8re","stop_lon":"2.185970125529728","stop_lat":"48.93193611351462","operatorname":"Keolis Argenteuil Boucles de Seine","shortname":"H","bookingrules":null,"mode":"Bus","nom_commune":"Houilles","code_insee":"78311"}},{"type":"Feature","geometry":{"type":"Point","coordinates":[2.20126201354965,48.936076880370344]},"properties":{"id":"IDFM:C00317","route_long_name":"H","stop_id":"IDFM:7720","stop_name":"Plateau","stop_lon":"2.20126201354965","stop_lat":"48.936076880370344","operatorname":"Keolis Argenteuil Boucles de Seine","shortname":"H","bookingrules":null,"mode":"Bus","nom_commune":"Sartrouville","code_insee":"78586"}},{"type":"Feature","geometry":{"type":"Point","coordinates":[2.173043665926981,48.916514294876414]},"properties":{"id":"IDFM:C00317","route_long_name":"H","stop_id":"IDFM:23936","stop_name":"Cerisier","stop_lon":"2.173043665926981","stop_lat":"48.916514294876414","operatorname":"Keolis Argenteuil Boucles de Seine","shortname":"H","bookingrules":null,"mode":"Bus","nom_commune":"Carri\u00e8res-sur-Seine","code_insee":"78124"}},{"type":"Feature","geometry":{"type":"Point","coordinates":[2.101803614175152,48.897403058532454]},"properties":{"id":"IDFM:C00324","route_long_name":"1","stop_id":"IDFM:34664","stop_name":"Pavillon Sully","stop_lon":"2.101803614175152","stop_lat":"48.897403058532454","operatorname":"Keolis Argenteuil Boucles de Seine","shortname":"1","bookingrules":null,"mode":"Bus","nom_commune":"Le Pecq","code_insee":"78481"}},{"type":"Feature","geometry":{"type":"Point","coordinates":[2.0770894734928076,48.89419333126797]},"properties":{"id":"IDFM:C00324","route_long_name":"1","stop_id":"IDFM:32319","stop_name":"Nicot \/ \u00c9cole Notre-Dame","stop_lon":"2.0770894734928076","stop_lat":"48.89419333126797","operatorname":"Keolis Argenteuil Boucles de Seine","shortname":"1","bookingrules":null,"mode":"Bus","nom_commune":"Saint-Germain-en-Laye","code_insee":"78551"}},{"type":"Feature","geometry":{"type":"Point","coordinates":[2.126442534698436,48.895516828598325]},"properties":{"id":"IDFM:C00324","route_long_name":"1","stop_id":"IDFM:32098","stop_name":"Les Ibis","stop_lon":"2.126442534698436","stop_lat":"48.895516828598325","operatorname":"Keolis Argenteuil Boucles de Seine","shortname":"1","bookingrules":null,"mode":"Bus","nom_commune":"Le V\u00e9sinet","code_insee":"78650"}},{"type":"Feature","geometry":{"type":"Point","coordinates":[2.119889993013923,48.909552503956434]},"properties":{"id":"IDFM:C00324","route_long_name":"1","stop_id":"IDFM:32016","stop_name":"Gabriel P\u00e9ri","stop_lon":"2.119889993013923","stop_lat":"48.909552503956434","operatorname":"Keolis Argenteuil Boucles de Seine","shortname":"1","bookingrules":null,"mode":"Bus","nom_commune":"Montesson","code_insee":"78418"}},{"type":"Feature","geometry":{"type":"Point","coordinates":[2.1333724297819785,48.904479634872736]},"properties":{"id":"IDFM:C00324","route_long_name":"1","stop_id":"IDFM:32282","stop_name":"Acacias","stop_lon":"2.1333724297819785","stop_lat":"48.904479634872736","operatorname":"Keolis Argenteuil Boucles de Seine","shortname":"1","bookingrules":null,"mode":"Bus","nom_commune":"Le V\u00e9sinet","code_insee":"78650"}},{"type":"Feature","geometry":{"type":"Point","coordinates":[2.141878666853874,48.904046245057984]},"properties":{"id":"IDFM:C00324","route_long_name":"1","stop_id":"IDFM:32113","stop_name":"Jules Ferry","stop_lon":"2.141878666853874","stop_lat":"48.904046245057984","operatorname":"Keolis Argenteuil Boucles de Seine","shortname":"1","bookingrules":null,"mode":"Bus","nom_commune":"Chatou","code_insee":"78146"}},{"type":"Feature","geometry":{"type":"Point","coordinates":[2.1791026531879694,48.888802582620926]},"properties":{"id":"IDFM:C00324","route_long_name":"1","stop_id":"IDFM:474295","stop_name":"Estienne d'Orves","stop_lon":"2.1791026531879694","stop_lat":"48.888802582620926","operatorname":"Keolis Argenteuil Boucles de Seine","shortname":"1","bookingrules":null,"mode":"Bus","nom_commune":"Rueil-Malmaison","code_insee":"92063"}},{"type":"Feature","geometry":{"type":"Point","coordinates":[2.1528317958672023,48.890724061420734]},"properties":{"id":"IDFM:C00324","route_long_name":"1","stop_id":"IDFM:32162","stop_name":"Paul Bert","stop_lon":"2.1528317958672023","stop_lat":"48.890724061420734","operatorname":"Keolis Argenteuil Boucles de Seine","shortname":"1","bookingrules":null,"mode":"Bus","nom_commune":"Chatou","code_insee":"78146"}},{"type":"Feature","geometry":{"type":"Point","coordinates":[2.121295297593848,48.896621338107046]},"properties":{"id":"IDFM:C00324","route_long_name":"1","stop_id":"IDFM:26637","stop_name":"Gare du V\u00e9sinet - Le Pecq Carnot","stop_lon":"2.121295297593848","stop_lat":"48.896621338107046","operatorname":"Keolis Argenteuil Boucles de Seine","shortname":"1","bookingrules":null,"mode":"Bus","nom_commune":"Le V\u00e9sinet","code_insee":"78650"}},{"type":"Feature","geometry":{"type":"Point","coordinates":[2.1718938599067172,48.9141681147953]},"properties":{"id":"IDFM:C00324","route_long_name":"1","stop_id":"IDFM:23955","stop_name":"Lyc\u00e9e Les Pierres Vives","stop_lon":"2.1718938599067172","stop_lat":"48.9141681147953","operatorname":"Keolis Argenteuil Boucles de Seine","shortname":"1","bookingrules":null,"mode":"Bus","nom_commune":"Carri\u00e8res-sur-Seine","code_insee":"78124"}},{"type":"Feature","geometry":{"type":"Point","coordinates":[2.152378870209398,48.90262811813954]},"properties":{"id":"IDFM:C00324","route_long_name":"1","stop_id":"IDFM:32293","stop_name":"Maurice de Vlaminck","stop_lon":"2.152378870209398","stop_lat":"48.90262811813954","operatorname":"Keolis Argenteuil Boucles de Seine","shortname":"1","bookingrules":null,"mode":"Bus","nom_commune":"Chatou","code_insee":"78146"}},{"type":"Feature","geometry":{"type":"Point","coordinates":[2.1211583968837284,48.903922982137686]},"properties":{"id":"IDFM:C00324","route_long_name":"1","stop_id":"IDFM:32141","stop_name":"Champs Mara\u00eechers","stop_lon":"2.1211583968837284","stop_lat":"48.903922982137686","operatorname":"Keolis Argenteuil Boucles de Seine","shortname":"1","bookingrules":null,"mode":"Bus","nom_commune":"Le V\u00e9sinet","code_insee":"78650"}},{"type":"Feature","geometry":{"type":"Point","coordinates":[2.1195043696567897,48.90976551007542]},"properties":{"id":"IDFM:C00324","route_long_name":"1","stop_id":"IDFM:32209","stop_name":"Gabriel P\u00e9ri","stop_lon":"2.1195043696567897","stop_lat":"48.90976551007542","operatorname":"Keolis Argenteuil Boucles de Seine","shortname":"1","bookingrules":null,"mode":"Bus","nom_commune":"Montesson","code_insee":"78418"}},{"type":"Feature","geometry":{"type":"Point","coordinates":[2.114591198559217,48.902633526747856]},"properties":{"id":"IDFM:C00324","route_long_name":"1","stop_id":"IDFM:460483","stop_name":"Rue de Seine","stop_lon":"2.114591198559217","stop_lat":"48.902633526747856","operatorname":"Keolis Argenteuil Boucles de Seine","shortname":"1","bookingrules":null,"mode":"Bus","nom_commune":"Le Pecq","code_insee":"78481"}},{"type":"Feature","geometry":{"type":"Point","coordinates":[2.106011943121527,48.89540202544894]},"properties":{"id":"IDFM:C00324","route_long_name":"1","stop_id":"IDFM:34441","stop_name":"Brossolette","stop_lon":"2.106011943121527","stop_lat":"48.89540202544894","operatorname":"Keolis Argenteuil Boucles de Seine","shortname":"1","bookingrules":null,"mode":"Bus","nom_commune":"Le Pecq","code_insee":"78481"}},{"type":"Feature","geometry":{"type":"Point","coordinates":[2.1042782359986467,48.89152187078216]},"properties":{"id":"IDFM:C00324","route_long_name":"1","stop_id":"IDFM:32309","stop_name":"Jean Moulin","stop_lon":"2.1042782359986467","stop_lat":"48.89152187078216","operatorname":"Keolis Argenteuil Boucles de Seine","shortname":"1","bookingrules":null,"mode":"Bus","nom_commune":"Le Pecq","code_insee":"78481"}},{"type":"Feature","geometry":{"type":"Point","coordinates":[2.147467127276447,48.900174040953395]},"properties":{"id":"IDFM:C00325","route_long_name":"12","stop_id":"IDFM:32062","stop_name":"Place du Docteur Roux","stop_lon":"2.147467127276447","stop_lat":"48.900174040953395","operatorname":"Keolis Argenteuil Boucles de Seine","shortname":"12","bookingrules":null,"mode":"Bus","nom_commune":"Chatou","code_insee":"78146"}},{"type":"Feature","geometry":{"type":"Point","coordinates":[2.1815806522877668,48.85956353048998]},"properties":{"id":"IDFM:C00325","route_long_name":"12","stop_id":"IDFM:32274","stop_name":"Coll\u00e8ge Passy - Buzenval","stop_lon":"2.1815806522877668","stop_lat":"48.85956353048998","operatorname":"Keolis Argenteuil Boucles de Seine","shortname":"12","bookingrules":null,"mode":"Bus","nom_commune":"Rueil-Malmaison","code_insee":"92063"}},{"type":"Feature","geometry":{"type":"Point","coordinates":[2.1558571590545603,48.889189560429365]},"properties":{"id":"IDFM:C00325","route_long_name":"12","stop_id":"IDFM:32211","stop_name":"Sarrail Foch","stop_lon":"2.1558571590545603","stop_lat":"48.889189560429365","operatorname":"Keolis Argenteuil Boucles de Seine","shortname":"12","bookingrules":null,"mode":"Bus","nom_commune":"Chatou","code_insee":"78146"}},{"type":"Feature","geometry":{"type":"Point","coordinates":[2.1621965866408837,48.899504556006995]},"properties":{"id":"IDFM:C00325","route_long_name":"12","stop_id":"IDFM:32025","stop_name":"Carri\u00e8res Bellevue","stop_lon":"2.1621965866408837","stop_lat":"48.899504556006995","operatorname":"Keolis Argenteuil Boucles de Seine","shortname":"12","bookingrules":null,"mode":"Bus","nom_commune":"Chatou","code_insee":"78146"}},{"type":"Feature","geometry":{"type":"Point","coordinates":[2.1556209896532272,48.90291182586972]},"properties":{"id":"IDFM:C00325","route_long_name":"12","stop_id":"IDFM:32137","stop_name":"Renoir","stop_lon":"2.1556209896532272","stop_lat":"48.90291182586972","operatorname":"Keolis Argenteuil Boucles de Seine","shortname":"12","bookingrules":null,"mode":"Bus","nom_commune":"Chatou","code_insee":"78146"}},{"type":"Feature","geometry":{"type":"Point","coordinates":[2.1497573442126434,48.90193503500895]},"properties":{"id":"IDFM:C00325","route_long_name":"12","stop_id":"IDFM:32194","stop_name":"Ribot Barbier","stop_lon":"2.1497573442126434","stop_lat":"48.90193503500895","operatorname":"Keolis Argenteuil Boucles de Seine","shortname":"12","bookingrules":null,"mode":"Bus","nom_commune":"Chatou","code_insee":"78146"}},{"type":"Feature","geometry":{"type":"Point","coordinates":[2.1467624320937357,48.898226451102296]},"properties":{"id":"IDFM:C00325","route_long_name":"12","stop_id":"IDFM:32050","stop_name":"Cormiers Ricard","stop_lon":"2.1467624320937357","stop_lat":"48.898226451102296","operatorname":"Keolis Argenteuil Boucles de Seine","shortname":"12","bookingrules":null,"mode":"Bus","nom_commune":"Chatou","code_insee":"78146"}},{"type":"Feature","geometry":{"type":"Point","coordinates":[2.1420005255792973,48.90079151961542]},"properties":{"id":"IDFM:C00325","route_long_name":"12","stop_id":"IDFM:32116","stop_name":"Stade Finalt\u00e9ri","stop_lon":"2.1420005255792973","stop_lat":"48.90079151961542","operatorname":"Keolis Argenteuil Boucles de Seine","shortname":"12","bookingrules":null,"mode":"Bus","nom_commune":"Chatou","code_insee":"78146"}},{"type":"Feature","geometry":{"type":"Point","coordinates":[2.1260652246924585,48.888741992527095]},"properties":{"id":"IDFM:C00325","route_long_name":"12","stop_id":"IDFM:32271","stop_name":"All\u00e9e de la Gare","stop_lon":"2.1260652246924585","stop_lat":"48.888741992527095","operatorname":"Keolis Argenteuil Boucles de Seine","shortname":"12","bookingrules":null,"mode":"Bus","nom_commune":"Le V\u00e9sinet","code_insee":"78650"}},{"type":"Feature","geometry":{"type":"Point","coordinates":[2.143799284949786,48.881000797432385]},"properties":{"id":"IDFM:C00325","route_long_name":"12","stop_id":"IDFM:32227","stop_name":"Verdun","stop_lon":"2.143799284949786","stop_lat":"48.881000797432385","operatorname":"Keolis Argenteuil Boucles de Seine","shortname":"12","bookingrules":null,"mode":"Bus","nom_commune":"Croissy-sur-Seine","code_insee":"78190"}},{"type":"Feature","geometry":{"type":"Point","coordinates":[2.149854145469688,48.901854781919496]},"properties":{"id":"IDFM:C00330","route_long_name":"A","stop_id":"IDFM:32195","stop_name":"Ribot Barbier","stop_lon":"2.149854145469688","stop_lat":"48.901854781919496","operatorname":"Keolis Argenteuil Boucles de Seine","shortname":"A","bookingrules":null,"mode":"Bus","nom_commune":"Chatou","code_insee":"78146"}},{"type":"Feature","geometry":{"type":"Point","coordinates":[2.1623796563086306,48.901691222015884]},"properties":{"id":"IDFM:C00330","route_long_name":"A","stop_id":"IDFM:411952","stop_name":"Parc de l'Europe","stop_lon":"2.1623796563086306","stop_lat":"48.901691222015884","operatorname":"Keolis Argenteuil Boucles de Seine","shortname":"A","bookingrules":null,"mode":"Bus","nom_commune":"Chatou","code_insee":"78146"}},{"type":"Feature","geometry":{"type":"Point","coordinates":[2.1702453867765743,48.905451222470056]},"properties":{"id":"IDFM:C00330","route_long_name":"A","stop_id":"IDFM:32017","stop_name":"Bercail","stop_lon":"2.1702453867765743","stop_lat":"48.905451222470056","operatorname":"Keolis Argenteuil Boucles de Seine","shortname":"A","bookingrules":null,"mode":"Bus","nom_commune":"Carri\u00e8res-sur-Seine","code_insee":"78124"}},{"type":"Feature","geometry":{"type":"Point","coordinates":[2.1769707164978467,48.91151412288015]},"properties":{"id":"IDFM:C00330","route_long_name":"A","stop_id":"IDFM:32087","stop_name":"Grande Rue","stop_lon":"2.1769707164978467","stop_lat":"48.91151412288015","operatorname":"Keolis Argenteuil Boucles de Seine","shortname":"A","bookingrules":null,"mode":"Bus","nom_commune":"Carri\u00e8res-sur-Seine","code_insee":"78124"}},{"type":"Feature","geometry":{"type":"Point","coordinates":[2.1842695401348915,48.913299740613105]},"properties":{"id":"IDFM:C00330","route_long_name":"A","stop_id":"IDFM:32372","stop_name":"Maurice Berteaux","stop_lon":"2.1842695401348915","stop_lat":"48.913299740613105","operatorname":"Keolis Argenteuil Boucles de Seine","shortname":"A","bookingrules":null,"mode":"Bus","nom_commune":"Carri\u00e8res-sur-Seine","code_insee":"78124"}},{"type":"Feature","geometry":{"type":"Point","coordinates":[2.170502127567754,48.905605886949324]},"properties":{"id":"IDFM:C00330","route_long_name":"A","stop_id":"IDFM:32015","stop_name":"Bercail","stop_lon":"2.170502127567754","stop_lat":"48.905605886949324","operatorname":"Keolis Argenteuil Boucles de Seine","shortname":"A","bookingrules":null,"mode":"Bus","nom_commune":"Carri\u00e8res-sur-Seine","code_insee":"78124"}},{"type":"Feature","geometry":{"type":"Point","coordinates":[2.1512222462296884,48.9024490533718]},"properties":{"id":"IDFM:C00330","route_long_name":"A","stop_id":"IDFM:32125","stop_name":"Maurice de Vlaminck","stop_lon":"2.1512222462296884","stop_lat":"48.9024490533718","operatorname":"Keolis Argenteuil Boucles de Seine","shortname":"A","bookingrules":null,"mode":"Bus","nom_commune":"Chatou","code_insee":"78146"}},{"type":"Feature","geometry":{"type":"Point","coordinates":[2.136540788326762,48.902631897963495]},"properties":{"id":"IDFM:C00330","route_long_name":"A","stop_id":"IDFM:32034","stop_name":"Charmettes","stop_lon":"2.136540788326762","stop_lat":"48.902631897963495","operatorname":"Keolis Argenteuil Boucles de Seine","shortname":"A","bookingrules":null,"mode":"Bus","nom_commune":"Le V\u00e9sinet","code_insee":"78650"}},{"type":"Feature","geometry":{"type":"Point","coordinates":[2.1328835895600906,48.90188600606268]},"properties":{"id":"IDFM:C00330","route_long_name":"A","stop_id":"IDFM:32013","stop_name":"Belloy","stop_lon":"2.1328835895600906","stop_lat":"48.90188600606268","operatorname":"Keolis Argenteuil Boucles de Seine","shortname":"A","bookingrules":null,"mode":"Bus","nom_commune":"Le V\u00e9sinet","code_insee":"78650"}},{"type":"Feature","geometry":{"type":"Point","coordinates":[2.1217098685552775,48.898728841970396]},"properties":{"id":"IDFM:C00330","route_long_name":"A","stop_id":"IDFM:32360","stop_name":"Gare du V\u00e9sinet - Le Pecq","stop_lon":"2.1217098685552775","stop_lat":"48.898728841970396","operatorname":"Keolis Argenteuil Boucles de Seine","shortname":"A","bookingrules":null,"mode":"Bus","nom_commune":"Le V\u00e9sinet","code_insee":"78650"}},{"type":"Feature","geometry":{"type":"Point","coordinates":[2.1263356108411013,48.879129874627154]},"properties":{"id":"IDFM:C00332","route_long_name":"E","stop_id":"IDFM:32100","stop_name":"Stade Omnisports","stop_lon":"2.1263356108411013","stop_lat":"48.879129874627154","operatorname":"Keolis Argenteuil Boucles de Seine","shortname":"E","bookingrules":null,"mode":"Bus","nom_commune":"Croissy-sur-Seine","code_insee":"78190"}},{"type":"Feature","geometry":{"type":"Point","coordinates":[2.1490818707881876,48.879833326755325]},"properties":{"id":"IDFM:C00332","route_long_name":"E","stop_id":"IDFM:32197","stop_name":"La Roseraie","stop_lon":"2.1490818707881876","stop_lat":"48.879833326755325","operatorname":"Keolis Argenteuil Boucles de Seine","shortname":"E","bookingrules":null,"mode":"Bus","nom_commune":"Croissy-sur-Seine","code_insee":"78190"}},{"type":"Feature","geometry":{"type":"Point","coordinates":[2.1545750292653505,48.884998548236474]},"properties":{"id":"IDFM:C00332","route_long_name":"E","stop_id":"IDFM:411953","stop_name":"Gare de Chatou - Croissy","stop_lon":"2.1545750292653505","stop_lat":"48.884998548236474","operatorname":"Keolis Argenteuil Boucles de Seine","shortname":"E","bookingrules":null,"mode":"Bus","nom_commune":"Chatou","code_insee":"78146"}},{"type":"Feature","geometry":{"type":"Point","coordinates":[2.1842257921601504,48.91347930720114]},"properties":{"id":"IDFM:C00334","route_long_name":"K","stop_id":"IDFM:32373","stop_name":"Maurice Berteaux","stop_lon":"2.1842257921601504","stop_lat":"48.91347930720114","operatorname":"Keolis Argenteuil Boucles de Seine","shortname":"K","bookingrules":null,"mode":"Bus","nom_commune":"Carri\u00e8res-sur-Seine","code_insee":"78124"}},{"type":"Feature","geometry":{"type":"Point","coordinates":[2.198286233620204,48.912162293932774]},"properties":{"id":"IDFM:C00334","route_long_name":"K","stop_id":"IDFM:474319","stop_name":"Z.I. des Amandiers","stop_lon":"2.198286233620204","stop_lat":"48.912162293932774","operatorname":"Keolis Argenteuil Boucles de Seine","shortname":"K","bookingrules":null,"mode":"Bus","nom_commune":"Carri\u00e8res-sur-Seine","code_insee":"78124"}},{"type":"Feature","geometry":{"type":"Point","coordinates":[2.1846236441510403,48.90985774078718]},"properties":{"id":"IDFM:C00334","route_long_name":"K","stop_id":"IDFM:32103","stop_name":"Jardins Sportifs","stop_lon":"2.1846236441510403","stop_lat":"48.90985774078718","operatorname":"Keolis Argenteuil Boucles de Seine","shortname":"K","bookingrules":null,"mode":"Bus","nom_commune":"Carri\u00e8res-sur-Seine","code_insee":"78124"}},{"type":"Feature","geometry":{"type":"Point","coordinates":[2.1842695401348915,48.913299740613105]},"properties":{"id":"IDFM:C00334","route_long_name":"K","stop_id":"IDFM:32372","stop_name":"Maurice Berteaux","stop_lon":"2.1842695401348915","stop_lat":"48.913299740613105","operatorname":"Keolis Argenteuil Boucles de Seine","shortname":"K","bookingrules":null,"mode":"Bus","nom_commune":"Carri\u00e8res-sur-Seine","code_insee":"78124"}},{"type":"Feature","geometry":{"type":"Point","coordinates":[2.136678084048126,48.902578927462294]},"properties":{"id":"IDFM:C00335","route_long_name":"C","stop_id":"IDFM:32035","stop_name":"Charmettes","stop_lon":"2.136678084048126","stop_lat":"48.902578927462294","operatorname":"Keolis Argenteuil Boucles de Seine","shortname":"C","bookingrules":null,"mode":"Bus","nom_commune":"Le V\u00e9sinet","code_insee":"78650"}},{"type":"Feature","geometry":{"type":"Point","coordinates":[2.141878666853874,48.904046245057984]},"properties":{"id":"IDFM:C00335","route_long_name":"C","stop_id":"IDFM:32113","stop_name":"Jules Ferry","stop_lon":"2.141878666853874","stop_lat":"48.904046245057984","operatorname":"Keolis Argenteuil Boucles de Seine","shortname":"C","bookingrules":null,"mode":"Bus","nom_commune":"Chatou","code_insee":"78146"}},{"type":"Feature","geometry":{"type":"Point","coordinates":[2.147153431872568,48.90599950092945]},"properties":{"id":"IDFM:C00335","route_long_name":"C","stop_id":"IDFM:32336","stop_name":"Aristide Briand","stop_lon":"2.147153431872568","stop_lat":"48.90599950092945","operatorname":"Keolis Argenteuil Boucles de Seine","shortname":"C","bookingrules":null,"mode":"Bus","nom_commune":"Montesson","code_insee":"78418"}},{"type":"Feature","geometry":{"type":"Point","coordinates":[2.1494434536716747,48.907787468395334]},"properties":{"id":"IDFM:C00335","route_long_name":"C","stop_id":"IDFM:32065","stop_name":"\u00c9glise","stop_lon":"2.1494434536716747","stop_lat":"48.907787468395334","operatorname":"Keolis Argenteuil Boucles de Seine","shortname":"C","bookingrules":null,"mode":"Bus","nom_commune":"Montesson","code_insee":"78418"}},{"type":"Feature","geometry":{"type":"Point","coordinates":[2.1750100238300405,48.91470222858799]},"properties":{"id":"IDFM:C00335","route_long_name":"C","stop_id":"IDFM:23967","stop_name":"Cerisier","stop_lon":"2.1750100238300405","stop_lat":"48.91470222858799","operatorname":"Keolis Argenteuil Boucles de Seine","shortname":"C","bookingrules":null,"mode":"Bus","nom_commune":"Carri\u00e8res-sur-Seine","code_insee":"78124"}},{"type":"Feature","geometry":{"type":"Point","coordinates":[2.178737957860779,48.91624769567262]},"properties":{"id":"IDFM:C00335","route_long_name":"C","stop_id":"IDFM:23937","stop_name":"Buzenval","stop_lon":"2.178737957860779","stop_lat":"48.91624769567262","operatorname":"Keolis Argenteuil Boucles de Seine","shortname":"C","bookingrules":null,"mode":"Bus","nom_commune":"Carri\u00e8res-sur-Seine","code_insee":"78124"}},{"type":"Feature","geometry":{"type":"Point","coordinates":[2.1812056969865856,48.917244845560845]},"properties":{"id":"IDFM:C00335","route_long_name":"C","stop_id":"IDFM:23940","stop_name":"Gandillet","stop_lon":"2.1812056969865856","stop_lat":"48.917244845560845","operatorname":"Keolis Argenteuil Boucles de Seine","shortname":"C","bookingrules":null,"mode":"Bus","nom_commune":"Houilles","code_insee":"78311"}},{"type":"Feature","geometry":{"type":"Point","coordinates":[2.171906165109362,48.913394781576244]},"properties":{"id":"IDFM:C00335","route_long_name":"C","stop_id":"IDFM:474274","stop_name":"Lyc\u00e9e Les Pierres Vives","stop_lon":"2.171906165109362","stop_lat":"48.913394781576244","operatorname":"Keolis Argenteuil Boucles de Seine","shortname":"C","bookingrules":null,"mode":"Bus","nom_commune":"Carri\u00e8res-sur-Seine","code_insee":"78124"}},{"type":"Feature","geometry":{"type":"Point","coordinates":[2.166369218966172,48.91152175583596]},"properties":{"id":"IDFM:C00335","route_long_name":"C","stop_id":"IDFM:32235","stop_name":"Konica JVC","stop_lon":"2.166369218966172","stop_lat":"48.91152175583596","operatorname":"Keolis Argenteuil Boucles de Seine","shortname":"C","bookingrules":null,"mode":"Bus","nom_commune":"Carri\u00e8res-sur-Seine","code_insee":"78124"}},{"type":"Feature","geometry":{"type":"Point","coordinates":[2.157228626590139,48.91146679122544]},"properties":{"id":"IDFM:C00335","route_long_name":"C","stop_id":"IDFM:32217","stop_name":"Sainte-Honorine","stop_lon":"2.157228626590139","stop_lat":"48.91146679122544","operatorname":"Keolis Argenteuil Boucles de Seine","shortname":"C","bookingrules":null,"mode":"Bus","nom_commune":"Montesson","code_insee":"78418"}},{"type":"Feature","geometry":{"type":"Point","coordinates":[2.1348448955808883,48.88975906069389]},"properties":{"id":"IDFM:C00336","route_long_name":"M","stop_id":"IDFM:477604","stop_name":"Gare du V\u00e9sinet - Centre","stop_lon":"2.1348448955808883","stop_lat":"48.88975906069389","operatorname":"Keolis Argenteuil Boucles de Seine","shortname":"M","bookingrules":null,"mode":"Bus","nom_commune":"Le V\u00e9sinet","code_insee":"78650"}},{"type":"Feature","geometry":{"type":"Point","coordinates":[2.1346118808745826,48.88654670016052]},"properties":{"id":"IDFM:C00336","route_long_name":"M","stop_id":"IDFM:32183","stop_name":"Pr\u00e9sident Roosevelt","stop_lon":"2.1346118808745826","stop_lat":"48.88654670016052","operatorname":"Keolis Argenteuil Boucles de Seine","shortname":"M","bookingrules":null,"mode":"Bus","nom_commune":"Le V\u00e9sinet","code_insee":"78650"}},{"type":"Feature","geometry":{"type":"Point","coordinates":[2.136800792654629,48.88283918467546]},"properties":{"id":"IDFM:C00336","route_long_name":"M","stop_id":"IDFM:32276","stop_name":"Carrefour de la Croix","stop_lon":"2.136800792654629","stop_lat":"48.88283918467546","operatorname":"Keolis Argenteuil Boucles de Seine","shortname":"M","bookingrules":null,"mode":"Bus","nom_commune":"Croissy-sur-Seine","code_insee":"78190"}},{"type":"Feature","geometry":{"type":"Point","coordinates":[2.1523699974001267,48.878039956815336]},"properties":{"id":"IDFM:C00336","route_long_name":"M","stop_id":"IDFM:32328","stop_name":"Chanorier","stop_lon":"2.1523699974001267","stop_lat":"48.878039956815336","operatorname":"Keolis Argenteuil Boucles de Seine","shortname":"M","bookingrules":null,"mode":"Bus","nom_commune":"Croissy-sur-Seine","code_insee":"78190"}},{"type":"Feature","geometry":{"type":"Point","coordinates":[2.1292495965939184,48.93645664861569]},"properties":{"id":"IDFM:C01473","route_long_name":"2","stop_id":"IDFM:34949","stop_name":"Rue du Repos","stop_lon":"2.1292495965939184","stop_lat":"48.93645664861569","operatorname":"Keolis Argenteuil Boucles de Seine","shortname":"2","bookingrules":null,"mode":"Bus","nom_commune":"Le Mesnil-le-Roi","code_insee":"78396"}},{"type":"Feature","geometry":{"type":"Point","coordinates":[2.1232872289705487,48.93142199605073]},"properties":{"id":"IDFM:C01473","route_long_name":"2","stop_id":"IDFM:34953","stop_name":"Pointe Sulle","stop_lon":"2.1232872289705487","stop_lat":"48.93142199605073","operatorname":"Keolis Argenteuil Boucles de Seine","shortname":"2","bookingrules":null,"mode":"Bus","nom_commune":"Le Mesnil-le-Roi","code_insee":"78396"}},{"type":"Feature","geometry":{"type":"Point","coordinates":[2.1199610072605526,48.925525070880596]},"properties":{"id":"IDFM:C01473","route_long_name":"2","stop_id":"IDFM:34957","stop_name":"Buisson Richard","stop_lon":"2.1199610072605526","stop_lat":"48.925525070880596","operatorname":"Keolis Argenteuil Boucles de Seine","shortname":"2","bookingrules":null,"mode":"Bus","nom_commune":"Le Mesnil-le-Roi","code_insee":"78396"}},{"type":"Feature","geometry":{"type":"Point","coordinates":[2.094743716369806,48.89863596540527]},"properties":{"id":"IDFM:C01473","route_long_name":"2","stop_id":"IDFM:13497","stop_name":"Gare de Saint-Germain-en-Laye","stop_lon":"2.094743716369806","stop_lat":"48.89863596540527","operatorname":"Keolis Argenteuil Boucles de Seine","shortname":"2","bookingrules":null,"mode":"Bus","nom_commune":"Saint-Germain-en-Laye","code_insee":"78551"}},{"type":"Feature","geometry":{"type":"Point","coordinates":[2.113373763463823,48.92205009192967]},"properties":{"id":"IDFM:C01473","route_long_name":"2","stop_id":"IDFM:495726","stop_name":"Strasbourg Paymal","stop_lon":"2.113373763463823","stop_lat":"48.92205009192967","operatorname":"Keolis Argenteuil Boucles de Seine","shortname":"2","bookingrules":null,"mode":"Bus","nom_commune":"Le Mesnil-le-Roi","code_insee":"78396"}},{"type":"Feature","geometry":{"type":"Point","coordinates":[2.1157297434511215,48.9215369015219]},"properties":{"id":"IDFM:C01473","route_long_name":"2","stop_id":"IDFM:34962","stop_name":"Strasbourg Curie","stop_lon":"2.1157297434511215","stop_lat":"48.9215369015219","operatorname":"Keolis Argenteuil Boucles de Seine","shortname":"2","bookingrules":null,"mode":"Bus","nom_commune":"Le Mesnil-le-Roi","code_insee":"78396"}},{"type":"Feature","geometry":{"type":"Point","coordinates":[2.1231217834901805,48.93071032653584]},"properties":{"id":"IDFM:C01473","route_long_name":"2","stop_id":"IDFM:34954","stop_name":"Pointe Sulle","stop_lon":"2.1231217834901805","stop_lat":"48.93071032653584","operatorname":"Keolis Argenteuil Boucles de Seine","shortname":"2","bookingrules":null,"mode":"Bus","nom_commune":"Le Mesnil-le-Roi","code_insee":"78396"}},{"type":"Feature","geometry":{"type":"Point","coordinates":[2.1228901239066604,48.94121258614669]},"properties":{"id":"IDFM:C01473","route_long_name":"2","stop_id":"IDFM:34942","stop_name":"Cit\u00e9 Grands Champs","stop_lon":"2.1228901239066604","stop_lat":"48.94121258614669","operatorname":"Keolis Argenteuil Boucles de Seine","shortname":"2","bookingrules":null,"mode":"Bus","nom_commune":"Le Mesnil-le-Roi","code_insee":"78396"}},{"type":"Feature","geometry":{"type":"Point","coordinates":[2.1436930657596305,48.94550879155844]},"properties":{"id":"IDFM:C01473","route_long_name":"2","stop_id":"IDFM:34902","stop_name":"Gare de Maisons-Laffitte","stop_lon":"2.1436930657596305","stop_lat":"48.94550879155844","operatorname":"Keolis Argenteuil Boucles de Seine","shortname":"2","bookingrules":null,"mode":"Bus","nom_commune":"Maisons-Laffitte","code_insee":"78358"}},{"type":"Feature","geometry":{"type":"Point","coordinates":[2.130702469829048,48.93855359196849]},"properties":{"id":"IDFM:C01476","route_long_name":"6","stop_id":"IDFM:34945","stop_name":"Jean Jaur\u00e8s","stop_lon":"2.130702469829048","stop_lat":"48.93855359196849","operatorname":"Keolis Argenteuil Boucles de Seine","shortname":"6","bookingrules":null,"mode":"Bus","nom_commune":"Le Mesnil-le-Roi","code_insee":"78396"}},{"type":"Feature","geometry":{"type":"Point","coordinates":[2.138861465907168,48.941292421140076]},"properties":{"id":"IDFM:C01476","route_long_name":"6","stop_id":"IDFM:494490","stop_name":"R\u00e9publique","stop_lon":"2.138861465907168","stop_lat":"48.941292421140076","operatorname":"Keolis Argenteuil Boucles de Seine","shortname":"6","bookingrules":null,"mode":"Bus","nom_commune":"Maisons-Laffitte","code_insee":"78358"}},{"type":"Feature","geometry":{"type":"Point","coordinates":[2.1356110166486766,48.94054958044816]},"properties":{"id":"IDFM:C01476","route_long_name":"6","stop_id":"IDFM:35019","stop_name":"Beaus\u00e9jour","stop_lon":"2.1356110166486766","stop_lat":"48.94054958044816","operatorname":"Keolis Argenteuil Boucles de Seine","shortname":"6","bookingrules":null,"mode":"Bus","nom_commune":"Maisons-Laffitte","code_insee":"78358"}},{"type":"Feature","geometry":{"type":"Point","coordinates":[2.1228901239066604,48.94121258614669]},"properties":{"id":"IDFM:C01476","route_long_name":"6","stop_id":"IDFM:34942","stop_name":"Cit\u00e9 Grands Champs","stop_lon":"2.1228901239066604","stop_lat":"48.94121258614669","operatorname":"Keolis Argenteuil Boucles de Seine","shortname":"6","bookingrules":null,"mode":"Bus","nom_commune":"Le Mesnil-le-Roi","code_insee":"78396"}},{"type":"Feature","geometry":{"type":"Point","coordinates":[2.1458242182099903,48.94626142230701]},"properties":{"id":"IDFM:C01478","route_long_name":"12","stop_id":"IDFM:34903","stop_name":"H\u00f4tel de Ville","stop_lon":"2.1458242182099903","stop_lat":"48.94626142230701","operatorname":"Keolis Argenteuil Boucles de Seine","shortname":"12","bookingrules":null,"mode":"Bus","nom_commune":"Maisons-Laffitte","code_insee":"78358"}},{"type":"Feature","geometry":{"type":"Point","coordinates":[2.1556109349819486,48.94810237454723]},"properties":{"id":"IDFM:C01478","route_long_name":"12","stop_id":"IDFM:34914","stop_name":"Royal","stop_lon":"2.1556109349819486","stop_lat":"48.94810237454723","operatorname":"Keolis Argenteuil Boucles de Seine","shortname":"12","bookingrules":null,"mode":"Bus","nom_commune":"Maisons-Laffitte","code_insee":"78358"}},{"type":"Feature","geometry":{"type":"Point","coordinates":[2.1626875543710766,48.95209092022873]},"properties":{"id":"IDFM:C01478","route_long_name":"12","stop_id":"IDFM:34916","stop_name":"Sully","stop_lon":"2.1626875543710766","stop_lat":"48.95209092022873","operatorname":"Keolis Argenteuil Boucles de Seine","shortname":"12","bookingrules":null,"mode":"Bus","nom_commune":"Maisons-Laffitte","code_insee":"78358"}},{"type":"Feature","geometry":{"type":"Point","coordinates":[2.1618925471816235,48.95397387874829]},"properties":{"id":"IDFM:C01478","route_long_name":"12","stop_id":"IDFM:34917","stop_name":"Les Trois Ch\u00eanes","stop_lon":"2.1618925471816235","stop_lat":"48.95397387874829","operatorname":"Keolis Argenteuil Boucles de Seine","shortname":"12","bookingrules":null,"mode":"Bus","nom_commune":"Maisons-Laffitte","code_insee":"78358"}},{"type":"Feature","geometry":{"type":"Point","coordinates":[2.163629485091835,48.96059577737408]},"properties":{"id":"IDFM:C01478","route_long_name":"12","stop_id":"IDFM:34922","stop_name":"Mademoiselle Mars","stop_lon":"2.163629485091835","stop_lat":"48.96059577737408","operatorname":"Keolis Argenteuil Boucles de Seine","shortname":"12","bookingrules":null,"mode":"Bus","nom_commune":"Maisons-Laffitte","code_insee":"78358"}},{"type":"Feature","geometry":{"type":"Point","coordinates":[2.1550043349536945,48.95518453812764]},"properties":{"id":"IDFM:C01478","route_long_name":"12","stop_id":"IDFM:493504","stop_name":"Cours de l'Ermitage","stop_lon":"2.1550043349536945","stop_lat":"48.95518453812764","operatorname":"Keolis Argenteuil Boucles de Seine","shortname":"12","bookingrules":null,"mode":"Bus","nom_commune":"Maisons-Laffitte","code_insee":"78358"}},{"type":"Feature","geometry":{"type":"Point","coordinates":[2.2166172170634946,48.94251827437706]},"properties":{"id":"IDFM:C00295","route_long_name":"4","stop_id":"IDFM:7509","stop_name":"Marjolaine","stop_lon":"2.2166172170634946","stop_lat":"48.94251827437706","operatorname":"Keolis Argenteuil Boucles de Seine","shortname":"4","bookingrules":null,"mode":"Bus","nom_commune":"Argenteuil","code_insee":"95018"}},{"type":"Feature","geometry":{"type":"Point","coordinates":[2.2315992657758774,48.94489945278439]},"properties":{"id":"IDFM:C00295","route_long_name":"4","stop_id":"IDFM:7499","stop_name":"Square Aquitaine","stop_lon":"2.2315992657758774","stop_lat":"48.94489945278439","operatorname":"Keolis Argenteuil Boucles de Seine","shortname":"4","bookingrules":null,"mode":"Bus","nom_commune":"Argenteuil","code_insee":"95018"}},{"type":"Feature","geometry":{"type":"Point","coordinates":[2.2498358821850934,48.94702037588249]},"properties":{"id":"IDFM:C00295","route_long_name":"4","stop_id":"IDFM:7574","stop_name":"H\u00f4tel de Ville","stop_lon":"2.2498358821850934","stop_lat":"48.94702037588249","operatorname":"Keolis Argenteuil Boucles de Seine","shortname":"4","bookingrules":null,"mode":"Bus","nom_commune":"Argenteuil","code_insee":"95018"}},{"type":"Feature","geometry":{"type":"Point","coordinates":[2.2329723418608793,48.94622121008414]},"properties":{"id":"IDFM:C00297","route_long_name":"8","stop_id":"IDFM:7534","stop_name":"Place Fran\u00e7ois Rabelais","stop_lon":"2.2329723418608793","stop_lat":"48.94622121008414","operatorname":"Keolis Argenteuil Boucles de Seine","shortname":"8","bookingrules":null,"mode":"Bus","nom_commune":"Argenteuil","code_insee":"95018"}},{"type":"Feature","geometry":{"type":"Point","coordinates":[2.240948737648396,48.94414066511106]},"properties":{"id":"IDFM:C00297","route_long_name":"8","stop_id":"IDFM:7538","stop_name":"Prudhon","stop_lon":"2.240948737648396","stop_lat":"48.94414066511106","operatorname":"Keolis Argenteuil Boucles de Seine","shortname":"8","bookingrules":null,"mode":"Bus","nom_commune":"Argenteuil","code_insee":"95018"}},{"type":"Feature","geometry":{"type":"Point","coordinates":[2.2433642463011862,48.94233037561474]},"properties":{"id":"IDFM:C00297","route_long_name":"8","stop_id":"IDFM:7413","stop_name":"Cl\u00e9ment Ader","stop_lon":"2.2433642463011862","stop_lat":"48.94233037561474","operatorname":"Keolis Argenteuil Boucles de Seine","shortname":"8","bookingrules":null,"mode":"Bus","nom_commune":"Argenteuil","code_insee":"95018"}},{"type":"Feature","geometry":{"type":"Point","coordinates":[2.2449616180449987,48.940442941224326]},"properties":{"id":"IDFM:C00297","route_long_name":"8","stop_id":"IDFM:7483","stop_name":"Charles de Gaulle - Henri Barbusse","stop_lon":"2.2449616180449987","stop_lat":"48.940442941224326","operatorname":"Keolis Argenteuil Boucles de Seine","shortname":"8","bookingrules":null,"mode":"Bus","nom_commune":"Argenteuil","code_insee":"95018"}},{"type":"Feature","geometry":{"type":"Point","coordinates":[2.251678492443914,48.94136636995206]},"properties":{"id":"IDFM:C00297","route_long_name":"8","stop_id":"IDFM:7474","stop_name":"Salle Jean Vilar","stop_lon":"2.251678492443914","stop_lat":"48.94136636995206","operatorname":"Keolis Argenteuil Boucles de Seine","shortname":"8","bookingrules":null,"mode":"Bus","nom_commune":"Argenteuil","code_insee":"95018"}},{"type":"Feature","geometry":{"type":"Point","coordinates":[2.2507999649983232,48.94454437001]},"properties":{"id":"IDFM:C00297","route_long_name":"8","stop_id":"IDFM:34196","stop_name":"Paul Vaillant Couturier","stop_lon":"2.2507999649983232","stop_lat":"48.94454437001","operatorname":"Keolis Argenteuil Boucles de Seine","shortname":"8","bookingrules":null,"mode":"Bus","nom_commune":"Argenteuil","code_insee":"95018"}},{"type":"Feature","geometry":{"type":"Point","coordinates":[2.2498358821850934,48.94702037588249]},"properties":{"id":"IDFM:C00297","route_long_name":"8","stop_id":"IDFM:7574","stop_name":"H\u00f4tel de Ville","stop_lon":"2.2498358821850934","stop_lat":"48.94702037588249","operatorname":"Keolis Argenteuil Boucles de Seine","shortname":"8","bookingrules":null,"mode":"Bus","nom_commune":"Argenteuil","code_insee":"95018"}},{"type":"Feature","geometry":{"type":"Point","coordinates":[2.2458407848205764,48.93818225527311]},"properties":{"id":"IDFM:C00297","route_long_name":"8","stop_id":"IDFM:7530","stop_name":"Petit Marly","stop_lon":"2.2458407848205764","stop_lat":"48.93818225527311","operatorname":"Keolis Argenteuil Boucles de Seine","shortname":"8","bookingrules":null,"mode":"Bus","nom_commune":"Argenteuil","code_insee":"95018"}},{"type":"Feature","geometry":{"type":"Point","coordinates":[2.240960026702546,48.94430260886548]},"properties":{"id":"IDFM:C00297","route_long_name":"8","stop_id":"IDFM:7537","stop_name":"Prudhon","stop_lon":"2.240960026702546","stop_lat":"48.94430260886548","operatorname":"Keolis Argenteuil Boucles de Seine","shortname":"8","bookingrules":null,"mode":"Bus","nom_commune":"Argenteuil","code_insee":"95018"}},{"type":"Feature","geometry":{"type":"Point","coordinates":[2.22854280823775,48.95214607009326]},"properties":{"id":"IDFM:C00297","route_long_name":"8","stop_id":"IDFM:427970","stop_name":"Jean Lur\u00e7at","stop_lon":"2.22854280823775","stop_lat":"48.95214607009326","operatorname":"Keolis Argenteuil Boucles de Seine","shortname":"8","bookingrules":null,"mode":"Bus","nom_commune":"Argenteuil","code_insee":"95018"}},{"type":"Feature","geometry":{"type":"Point","coordinates":[2.230284722564524,48.95438749037209]},"properties":{"id":"IDFM:C00297","route_long_name":"8","stop_id":"IDFM:7454","stop_name":"Rue de Coudray","stop_lon":"2.230284722564524","stop_lat":"48.95438749037209","operatorname":"Keolis Argenteuil Boucles de Seine","shortname":"8","bookingrules":null,"mode":"Bus","nom_commune":"Argenteuil","code_insee":"95018"}},{"type":"Feature","geometry":{"type":"Point","coordinates":[2.1727551035615953,48.94668410960945]},"properties":{"id":"IDFM:C00298","route_long_name":"9","stop_id":"IDFM:5376","stop_name":"Mont Olivet","stop_lon":"2.1727551035615953","stop_lat":"48.94668410960945","operatorname":"Keolis Argenteuil Boucles de Seine","shortname":"9","bookingrules":null,"mode":"Bus","nom_commune":"Sartrouville","code_insee":"78586"}},{"type":"Feature","geometry":{"type":"Point","coordinates":[2.198070543595576,48.94209886143739]},"properties":{"id":"IDFM:C00298","route_long_name":"9","stop_id":"IDFM:7678","stop_name":"Florian","stop_lon":"2.198070543595576","stop_lat":"48.94209886143739","operatorname":"Keolis Argenteuil Boucles de Seine","shortname":"9","bookingrules":null,"mode":"Bus","nom_commune":"Sartrouville","code_insee":"78586"}},{"type":"Feature","geometry":{"type":"Point","coordinates":[2.2295600317640494,48.9397064346013]},"properties":{"id":"IDFM:C00298","route_long_name":"9","stop_id":"IDFM:13099","stop_name":"Baratier","stop_lon":"2.2295600317640494","stop_lat":"48.9397064346013","operatorname":"Keolis Argenteuil Boucles de Seine","shortname":"9","bookingrules":null,"mode":"Bus","nom_commune":"Argenteuil","code_insee":"95018"}},{"type":"Feature","geometry":{"type":"Point","coordinates":[2.2471261938658382,48.94557352096736]},"properties":{"id":"IDFM:C00298","route_long_name":"9","stop_id":"IDFM:23957","stop_name":"Antonin-Georges Belin","stop_lon":"2.2471261938658382","stop_lat":"48.94557352096736","operatorname":"Keolis Argenteuil Boucles de Seine","shortname":"9","bookingrules":null,"mode":"Bus","nom_commune":"Argenteuil","code_insee":"95018"}},{"type":"Feature","geometry":{"type":"Point","coordinates":[2.2576124378389,48.946466264920396]},"properties":{"id":"IDFM:C00298","route_long_name":"9","stop_id":"IDFM:7480","stop_name":"Gare d'Argenteuil","stop_lon":"2.2576124378389","stop_lat":"48.946466264920396","operatorname":"Keolis Argenteuil Boucles de Seine","shortname":"9","bookingrules":null,"mode":"Bus","nom_commune":"Argenteuil","code_insee":"95018"}},{"type":"Feature","geometry":{"type":"Point","coordinates":[2.225331611402916,48.94038962418518]},"properties":{"id":"IDFM:C00298","route_long_name":"9","stop_id":"IDFM:7535","stop_name":"Lyc\u00e9e Jean Jaur\u00e8s","stop_lon":"2.225331611402916","stop_lat":"48.94038962418518","operatorname":"Keolis Argenteuil Boucles de Seine","shortname":"9","bookingrules":null,"mode":"Bus","nom_commune":"Argenteuil","code_insee":"95018"}},{"type":"Feature","geometry":{"type":"Point","coordinates":[2.1728466805578694,48.946720713370325]},"properties":{"id":"IDFM:C00298","route_long_name":"9","stop_id":"IDFM:5375","stop_name":"Mont Olivet","stop_lon":"2.1728466805578694","stop_lat":"48.946720713370325","operatorname":"Keolis Argenteuil Boucles de Seine","shortname":"9","bookingrules":null,"mode":"Bus","nom_commune":"Sartrouville","code_insee":"78586"}},{"type":"Feature","geometry":{"type":"Point","coordinates":[2.1643078091808547,48.947282005881455]},"properties":{"id":"IDFM:C00298","route_long_name":"9","stop_id":"IDFM:5382","stop_name":"Bordin","stop_lon":"2.1643078091808547","stop_lat":"48.947282005881455","operatorname":"Keolis Argenteuil Boucles de Seine","shortname":"9","bookingrules":null,"mode":"Bus","nom_commune":"Sartrouville","code_insee":"78586"}},{"type":"Feature","geometry":{"type":"Point","coordinates":[2.1594107510047054,48.944468935539255]},"properties":{"id":"IDFM:C00298","route_long_name":"9","stop_id":"IDFM:5384","stop_name":"Maison des Jeunes et de la Culture","stop_lon":"2.1594107510047054","stop_lat":"48.944468935539255","operatorname":"Keolis Argenteuil Boucles de Seine","shortname":"9","bookingrules":null,"mode":"Bus","nom_commune":"Sartrouville","code_insee":"78586"}},{"type":"Feature","geometry":{"type":"Point","coordinates":[2.1562248321048343,48.942243264992754]},"properties":{"id":"IDFM:C00298","route_long_name":"9","stop_id":"IDFM:5386","stop_name":"H\u00f4tel de Ville","stop_lon":"2.1562248321048343","stop_lat":"48.942243264992754","operatorname":"Keolis Argenteuil Boucles de Seine","shortname":"9","bookingrules":null,"mode":"Bus","nom_commune":"Sartrouville","code_insee":"78586"}},{"type":"Feature","geometry":{"type":"Point","coordinates":[2.2132628203690365,48.95218166782891]},"properties":{"id":"IDFM:C00292","route_long_name":"1","stop_id":"IDFM:7485","stop_name":"Jean Poulmarch","stop_lon":"2.2132628203690365","stop_lat":"48.95218166782891","operatorname":"Keolis Argenteuil Boucles de Seine","shortname":"1","bookingrules":null,"mode":"Bus","nom_commune":"Argenteuil","code_insee":"95018"}},{"type":"Feature","geometry":{"type":"Point","coordinates":[2.208451070514201,48.95073811389866]},"properties":{"id":"IDFM:C00292","route_long_name":"1","stop_id":"IDFM:7532","stop_name":"Fosse aux Loups","stop_lon":"2.208451070514201","stop_lat":"48.95073811389866","operatorname":"Keolis Argenteuil Boucles de Seine","shortname":"1","bookingrules":null,"mode":"Bus","nom_commune":"Argenteuil","code_insee":"95018"}},{"type":"Feature","geometry":{"type":"Point","coordinates":[2.2060092261034634,48.94790718905061]},"properties":{"id":"IDFM:C00292","route_long_name":"1","stop_id":"IDFM:20153","stop_name":"Sureaux","stop_lon":"2.2060092261034634","stop_lat":"48.94790718905061","operatorname":"Keolis Argenteuil Boucles de Seine","shortname":"1","bookingrules":null,"mode":"Bus","nom_commune":"Sartrouville","code_insee":"78586"}},{"type":"Feature","geometry":{"type":"Point","coordinates":[2.166002267927142,48.94378654441783]},"properties":{"id":"IDFM:C00292","route_long_name":"1","stop_id":"IDFM:7733","stop_name":"Temple","stop_lon":"2.166002267927142","stop_lat":"48.94378654441783","operatorname":"Keolis Argenteuil Boucles de Seine","shortname":"1","bookingrules":null,"mode":"Bus","nom_commune":"Sartrouville","code_insee":"78586"}},{"type":"Feature","geometry":{"type":"Point","coordinates":[2.1682846793478845,48.946194535473396]},"properties":{"id":"IDFM:C00292","route_long_name":"1","stop_id":"IDFM:7729","stop_name":"Docteur Roux","stop_lon":"2.1682846793478845","stop_lat":"48.946194535473396","operatorname":"Keolis Argenteuil Boucles de Seine","shortname":"1","bookingrules":null,"mode":"Bus","nom_commune":"Sartrouville","code_insee":"78586"}},{"type":"Feature","geometry":{"type":"Point","coordinates":[2.171326013289303,48.94725878171875]},"properties":{"id":"IDFM:C00292","route_long_name":"1","stop_id":"IDFM:5377","stop_name":"Martial Dechard","stop_lon":"2.171326013289303","stop_lat":"48.94725878171875","operatorname":"Keolis Argenteuil Boucles de Seine","shortname":"1","bookingrules":null,"mode":"Bus","nom_commune":"Sartrouville","code_insee":"78586"}},{"type":"Feature","geometry":{"type":"Point","coordinates":[2.2179343844342716,48.952976625155266]},"properties":{"id":"IDFM:C00292","route_long_name":"1","stop_id":"IDFM:7436","stop_name":"Martyrs de Chateaubriant","stop_lon":"2.2179343844342716","stop_lat":"48.952976625155266","operatorname":"Keolis Argenteuil Boucles de Seine","shortname":"1","bookingrules":null,"mode":"Bus","nom_commune":"Argenteuil","code_insee":"95018"}},{"type":"Feature","geometry":{"type":"Point","coordinates":[2.237468286285936,48.953390224518934]},"properties":{"id":"IDFM:C00292","route_long_name":"1","stop_id":"IDFM:7472","stop_name":"F\u00e9lifeu","stop_lon":"2.237468286285936","stop_lat":"48.953390224518934","operatorname":"Keolis Argenteuil Boucles de Seine","shortname":"1","bookingrules":null,"mode":"Bus","nom_commune":"Argenteuil","code_insee":"95018"}},{"type":"Feature","geometry":{"type":"Point","coordinates":[2.2444954488696864,48.95561996537076]},"properties":{"id":"IDFM:C00292","route_long_name":"1","stop_id":"IDFM:7505","stop_name":"Anatole Lucas","stop_lon":"2.2444954488696864","stop_lat":"48.95561996537076","operatorname":"Keolis Argenteuil Boucles de Seine","shortname":"1","bookingrules":null,"mode":"Bus","nom_commune":"Argenteuil","code_insee":"95018"}},{"type":"Feature","geometry":{"type":"Point","coordinates":[2.247372430821591,48.94648334826383]},"properties":{"id":"IDFM:C00294","route_long_name":"2","stop_id":"IDFM:7421","stop_name":"Antonin-Georges Belin","stop_lon":"2.247372430821591","stop_lat":"48.94648334826383","operatorname":"Keolis Argenteuil Boucles de Seine","shortname":"2","bookingrules":null,"mode":"Bus","nom_commune":"Argenteuil","code_insee":"95018"}},{"type":"Feature","geometry":{"type":"Point","coordinates":[2.2498358821850934,48.94702037588249]},"properties":{"id":"IDFM:C00294","route_long_name":"2","stop_id":"IDFM:7574","stop_name":"H\u00f4tel de Ville","stop_lon":"2.2498358821850934","stop_lat":"48.94702037588249","operatorname":"Keolis Argenteuil Boucles de Seine","shortname":"2","bookingrules":null,"mode":"Bus","nom_commune":"Argenteuil","code_insee":"95018"}},{"type":"Feature","geometry":{"type":"Point","coordinates":[2.238548746630688,48.95979996715889]},"properties":{"id":"IDFM:C00294","route_long_name":"2","stop_id":"IDFM:7577","stop_name":"Grande Voie","stop_lon":"2.238548746630688","stop_lat":"48.95979996715889","operatorname":"Keolis Argenteuil Boucles de Seine","shortname":"2","bookingrules":null,"mode":"Bus","nom_commune":"Argenteuil","code_insee":"95018"}},{"type":"Feature","geometry":{"type":"Point","coordinates":[2.2576072575268453,48.945872703444145]},"properties":{"id":"IDFM:C00295","route_long_name":"4","stop_id":"IDFM:7479","stop_name":"Gare d'Argenteuil","stop_lon":"2.2576072575268453","stop_lat":"48.945872703444145","operatorname":"Keolis Argenteuil Boucles de Seine","shortname":"4","bookingrules":null,"mode":"Bus","nom_commune":"Argenteuil","code_insee":"95018"}},{"type":"Feature","geometry":{"type":"Point","coordinates":[2.2241138784866914,48.946065280150464]},"properties":{"id":"IDFM:C00295","route_long_name":"4","stop_id":"IDFM:7564","stop_name":"Troupeau","stop_lon":"2.2241138784866914","stop_lat":"48.946065280150464","operatorname":"Keolis Argenteuil Boucles de Seine","shortname":"4","bookingrules":null,"mode":"Bus","nom_commune":"Argenteuil","code_insee":"95018"}},{"type":"Feature","geometry":{"type":"Point","coordinates":[2.2079635507172934,48.941508153092435]},"properties":{"id":"IDFM:C00295","route_long_name":"4","stop_id":"IDFM:7462","stop_name":"Val Notre-Dame","stop_lon":"2.2079635507172934","stop_lat":"48.941508153092435","operatorname":"Keolis Argenteuil Boucles de Seine","shortname":"4","bookingrules":null,"mode":"Bus","nom_commune":"Argenteuil","code_insee":"95018"}},{"type":"Feature","geometry":{"type":"Point","coordinates":[2.206968267799872,48.93784142956902]},"properties":{"id":"IDFM:C00295","route_long_name":"4","stop_id":"IDFM:7580","stop_name":"La Berthie","stop_lon":"2.206968267799872","stop_lat":"48.93784142956902","operatorname":"Keolis Argenteuil Boucles de Seine","shortname":"4","bookingrules":null,"mode":"Bus","nom_commune":"Bezons","code_insee":"95063"}},{"type":"Feature","geometry":{"type":"Point","coordinates":[2.2086342620472044,48.931521355327014]},"properties":{"id":"IDFM:C00295","route_long_name":"4","stop_id":"IDFM:7584","stop_name":"Paul \u00c9luard","stop_lon":"2.2086342620472044","stop_lat":"48.931521355327014","operatorname":"Keolis Argenteuil Boucles de Seine","shortname":"4","bookingrules":null,"mode":"Bus","nom_commune":"Bezons","code_insee":"95063"}},{"type":"Feature","geometry":{"type":"Point","coordinates":[2.2099005353000662,48.9425101617855]},"properties":{"id":"IDFM:C00295","route_long_name":"4","stop_id":"IDFM:23966","stop_name":"Le Prunet","stop_lon":"2.2099005353000662","stop_lat":"48.9425101617855","operatorname":"Keolis Argenteuil Boucles de Seine","shortname":"4","bookingrules":null,"mode":"Bus","nom_commune":"Argenteuil","code_insee":"95018"}},{"type":"Feature","geometry":{"type":"Point","coordinates":[2.143010392570183,48.92893866625447]},"properties":{"id":"IDFM:C02147","route_long_name":"S7","stop_id":"IDFM:460440","stop_name":"Centre Commercial","stop_lon":"2.143010392570183","stop_lat":"48.92893866625447","operatorname":"Keolis Argenteuil Boucles de Seine","shortname":"S7","bookingrules":null,"mode":"Bus","nom_commune":"Montesson","code_insee":"78418"}},{"type":"Feature","geometry":{"type":"Point","coordinates":[2.1568608824486546,48.93753538915391]},"properties":{"id":"IDFM:C02147","route_long_name":"S7","stop_id":"IDFM:13102","stop_name":"Gare de Sartrouville","stop_lon":"2.1568608824486546","stop_lat":"48.93753538915391","operatorname":"Keolis Argenteuil Boucles de Seine","shortname":"S7","bookingrules":null,"mode":"Bus","nom_commune":"Sartrouville","code_insee":"78586"}},{"type":"Feature","geometry":{"type":"Point","coordinates":[2.1477771167575193,48.93206629596574]},"properties":{"id":"IDFM:C02147","route_long_name":"S7","stop_id":"IDFM:460448","stop_name":"Montgolfier","stop_lon":"2.1477771167575193","stop_lat":"48.93206629596574","operatorname":"Keolis Argenteuil Boucles de Seine","shortname":"S7","bookingrules":null,"mode":"Bus","nom_commune":"Sartrouville","code_insee":"78586"}},{"type":"Feature","geometry":{"type":"Point","coordinates":[2.1329674619374894,48.92060167952658]},"properties":{"id":"IDFM:C02148","route_long_name":"S1","stop_id":"IDFM:32167","stop_name":"P\u00e9ri Borde","stop_lon":"2.1329674619374894","stop_lat":"48.92060167952658","operatorname":"Keolis Argenteuil Boucles de Seine","shortname":"S1","bookingrules":null,"mode":"Bus","nom_commune":"Montesson","code_insee":"78418"}},{"type":"Feature","geometry":{"type":"Point","coordinates":[2.1334671144991755,48.922556822576276]},"properties":{"id":"IDFM:C02148","route_long_name":"S1","stop_id":"IDFM:32223","stop_name":"Th\u00e9ophile Roussel","stop_lon":"2.1334671144991755","stop_lat":"48.922556822576276","operatorname":"Keolis Argenteuil Boucles de Seine","shortname":"S1","bookingrules":null,"mode":"Bus","nom_commune":"Montesson","code_insee":"78418"}},{"type":"Feature","geometry":{"type":"Point","coordinates":[2.1586342710838866,48.93761080259885]},"properties":{"id":"IDFM:C02148","route_long_name":"S1","stop_id":"IDFM:32351","stop_name":"Gare de Sartrouville","stop_lon":"2.1586342710838866","stop_lat":"48.93761080259885","operatorname":"Keolis Argenteuil Boucles de Seine","shortname":"S1","bookingrules":null,"mode":"Bus","nom_commune":"Sartrouville","code_insee":"78586"}},{"type":"Feature","geometry":{"type":"Point","coordinates":[2.142291951022487,48.91042547331275]},"properties":{"id":"IDFM:C02148","route_long_name":"S1","stop_id":"IDFM:494135","stop_name":"Coll\u00e8ge Pablo Picasso","stop_lon":"2.142291951022487","stop_lat":"48.91042547331275","operatorname":"Keolis Argenteuil Boucles de Seine","shortname":"S1","bookingrules":null,"mode":"Bus","nom_commune":"Montesson","code_insee":"78418"}},{"type":"Feature","geometry":{"type":"Point","coordinates":[2.15288451043743,48.89670506131793]},"properties":{"id":"IDFM:C02149","route_long_name":"B","stop_id":"IDFM:32186","stop_name":"R\u00e9publique Leclerc","stop_lon":"2.15288451043743","stop_lat":"48.89670506131793","operatorname":"Keolis Argenteuil Boucles de Seine","shortname":"B","bookingrules":null,"mode":"Bus","nom_commune":"Chatou","code_insee":"78146"}},{"type":"Feature","geometry":{"type":"Point","coordinates":[2.1791026531879694,48.888802582620926]},"properties":{"id":"IDFM:C02149","route_long_name":"B","stop_id":"IDFM:474295","stop_name":"Estienne d'Orves","stop_lon":"2.1791026531879694","stop_lat":"48.888802582620926","operatorname":"Keolis Argenteuil Boucles de Seine","shortname":"B","bookingrules":null,"mode":"Bus","nom_commune":"Rueil-Malmaison","code_insee":"92063"}},{"type":"Feature","geometry":{"type":"Point","coordinates":[2.173256147424863,48.88681977263956]},"properties":{"id":"IDFM:C02149","route_long_name":"B","stop_id":"IDFM:491804","stop_name":"Gare de Rueil-Malmaison","stop_lon":"2.173256147424863","stop_lat":"48.88681977263956","operatorname":"Keolis Argenteuil Boucles de Seine","shortname":"B","bookingrules":null,"mode":"Bus","nom_commune":"Rueil-Malmaison","code_insee":"92063"}},{"type":"Feature","geometry":{"type":"Point","coordinates":[2.1530731097649163,48.896850289633385]},"properties":{"id":"IDFM:C02149","route_long_name":"B","stop_id":"IDFM:32187","stop_name":"R\u00e9publique Leclerc","stop_lon":"2.1530731097649163","stop_lat":"48.896850289633385","operatorname":"Keolis Argenteuil Boucles de Seine","shortname":"B","bookingrules":null,"mode":"Bus","nom_commune":"Chatou","code_insee":"78146"}},{"type":"Feature","geometry":{"type":"Point","coordinates":[2.1546088988035184,48.899712043810034]},"properties":{"id":"IDFM:C02149","route_long_name":"B","stop_id":"IDFM:32149","stop_name":"Claude Monet","stop_lon":"2.1546088988035184","stop_lat":"48.899712043810034","operatorname":"Keolis Argenteuil Boucles de Seine","shortname":"B","bookingrules":null,"mode":"Bus","nom_commune":"Chatou","code_insee":"78146"}},{"type":"Feature","geometry":{"type":"Point","coordinates":[2.1556209896532272,48.90291182586972]},"properties":{"id":"IDFM:C02149","route_long_name":"B","stop_id":"IDFM:32137","stop_name":"Renoir","stop_lon":"2.1556209896532272","stop_lat":"48.90291182586972","operatorname":"Keolis Argenteuil Boucles de Seine","shortname":"B","bookingrules":null,"mode":"Bus","nom_commune":"Chatou","code_insee":"78146"}},{"type":"Feature","geometry":{"type":"Point","coordinates":[2.1494434536716747,48.907787468395334]},"properties":{"id":"IDFM:C02149","route_long_name":"B","stop_id":"IDFM:32065","stop_name":"\u00c9glise","stop_lon":"2.1494434536716747","stop_lat":"48.907787468395334","operatorname":"Keolis Argenteuil Boucles de Seine","shortname":"B","bookingrules":null,"mode":"Bus","nom_commune":"Montesson","code_insee":"78418"}},{"type":"Feature","geometry":{"type":"Point","coordinates":[2.1334671144991755,48.922556822576276]},"properties":{"id":"IDFM:C02149","route_long_name":"B","stop_id":"IDFM:32223","stop_name":"Th\u00e9ophile Roussel","stop_lon":"2.1334671144991755","stop_lat":"48.922556822576276","operatorname":"Keolis Argenteuil Boucles de Seine","shortname":"B","bookingrules":null,"mode":"Bus","nom_commune":"Montesson","code_insee":"78418"}},{"type":"Feature","geometry":{"type":"Point","coordinates":[2.1460387415274402,48.911576403475294]},"properties":{"id":"IDFM:C02150","route_long_name":"F","stop_id":"IDFM:32339","stop_name":"Cimeti\u00e8re","stop_lon":"2.1460387415274402","stop_lat":"48.911576403475294","operatorname":"Keolis Argenteuil Boucles de Seine","shortname":"F","bookingrules":null,"mode":"Bus","nom_commune":"Montesson","code_insee":"78418"}},{"type":"Feature","geometry":{"type":"Point","coordinates":[2.1233786241828616,48.90574691974756]},"properties":{"id":"IDFM:C02150","route_long_name":"F","stop_id":"IDFM:32142","stop_name":"Franklin Roosevelt","stop_lon":"2.1233786241828616","stop_lat":"48.90574691974756","operatorname":"Keolis Argenteuil Boucles de Seine","shortname":"F","bookingrules":null,"mode":"Bus","nom_commune":"Montesson","code_insee":"78418"}},{"type":"Feature","geometry":{"type":"Point","coordinates":[2.1211583968837284,48.903922982137686]},"properties":{"id":"IDFM:C02150","route_long_name":"F","stop_id":"IDFM:32141","stop_name":"Champs Mara\u00eechers","stop_lon":"2.1211583968837284","stop_lat":"48.903922982137686","operatorname":"Keolis Argenteuil Boucles de Seine","shortname":"F","bookingrules":null,"mode":"Bus","nom_commune":"Le V\u00e9sinet","code_insee":"78650"}},{"type":"Feature","geometry":{"type":"Point","coordinates":[2.141853178498029,48.910557230332216]},"properties":{"id":"IDFM:C02150","route_long_name":"F","stop_id":"IDFM:32031","stop_name":"Coll\u00e8ge Pablo Picasso","stop_lon":"2.141853178498029","stop_lat":"48.910557230332216","operatorname":"Keolis Argenteuil Boucles de Seine","shortname":"F","bookingrules":null,"mode":"Bus","nom_commune":"Montesson","code_insee":"78418"}},{"type":"Feature","geometry":{"type":"Point","coordinates":[2.1523296091695556,48.90900403705262]},"properties":{"id":"IDFM:C02150","route_long_name":"F","stop_id":"IDFM:32121","stop_name":"G\u00e9n\u00e9ral Leclerc","stop_lon":"2.1523296091695556","stop_lat":"48.90900403705262","operatorname":"Keolis Argenteuil Boucles de Seine","shortname":"F","bookingrules":null,"mode":"Bus","nom_commune":"Montesson","code_insee":"78418"}},{"type":"Feature","geometry":{"type":"Point","coordinates":[2.152060763779523,48.91043206789756]},"properties":{"id":"IDFM:C02150","route_long_name":"F","stop_id":"IDFM:32230","stop_name":"Victor Hugo","stop_lon":"2.152060763779523","stop_lat":"48.91043206789756","operatorname":"Keolis Argenteuil Boucles de Seine","shortname":"F","bookingrules":null,"mode":"Bus","nom_commune":"Montesson","code_insee":"78418"}},{"type":"Feature","geometry":{"type":"Point","coordinates":[2.128729936605441,48.90961712732201]},"properties":{"id":"IDFM:C02152","route_long_name":"P","stop_id":"IDFM:32054","stop_name":"Cormeilles","stop_lon":"2.128729936605441","stop_lat":"48.90961712732201","operatorname":"Keolis Argenteuil Boucles de Seine","shortname":"P","bookingrules":null,"mode":"Bus","nom_commune":"Chatou","code_insee":"78146"}},{"type":"Feature","geometry":{"type":"Point","coordinates":[2.1483465032625495,48.908957797621426]},"properties":{"id":"IDFM:C02152","route_long_name":"P","stop_id":"IDFM:32064","stop_name":"Marais","stop_lon":"2.1483465032625495","stop_lat":"48.908957797621426","operatorname":"Keolis Argenteuil Boucles de Seine","shortname":"P","bookingrules":null,"mode":"Bus","nom_commune":"Montesson","code_insee":"78418"}},{"type":"Feature","geometry":{"type":"Point","coordinates":[2.159223657844798,48.90874685269566]},"properties":{"id":"IDFM:C02152","route_long_name":"P","stop_id":"IDFM:411958","stop_name":"Le Montoir","stop_lon":"2.159223657844798","stop_lat":"48.90874685269566","operatorname":"Keolis Argenteuil Boucles de Seine","shortname":"P","bookingrules":null,"mode":"Bus","nom_commune":"Montesson","code_insee":"78418"}},{"type":"Feature","geometry":{"type":"Point","coordinates":[2.178966780248685,48.91644711458022]},"properties":{"id":"IDFM:C02152","route_long_name":"P","stop_id":"IDFM:474294","stop_name":"Buzenval","stop_lon":"2.178966780248685","stop_lat":"48.91644711458022","operatorname":"Keolis Argenteuil Boucles de Seine","shortname":"P","bookingrules":null,"mode":"Bus","nom_commune":"Houilles","code_insee":"78311"}},{"type":"Feature","geometry":{"type":"Point","coordinates":[2.171906165109362,48.913394781576244]},"properties":{"id":"IDFM:C02152","route_long_name":"P","stop_id":"IDFM:474274","stop_name":"Lyc\u00e9e Les Pierres Vives","stop_lon":"2.171906165109362","stop_lat":"48.913394781576244","operatorname":"Keolis Argenteuil Boucles de Seine","shortname":"P","bookingrules":null,"mode":"Bus","nom_commune":"Carri\u00e8res-sur-Seine","code_insee":"78124"}},{"type":"Feature","geometry":{"type":"Point","coordinates":[2.1506298321210906,48.906150109618196]},"properties":{"id":"IDFM:C02152","route_long_name":"P","stop_id":"IDFM:32370","stop_name":"Poste","stop_lon":"2.1506298321210906","stop_lat":"48.906150109618196","operatorname":"Keolis Argenteuil Boucles de Seine","shortname":"P","bookingrules":null,"mode":"Bus","nom_commune":"Montesson","code_insee":"78418"}},{"type":"Feature","geometry":{"type":"Point","coordinates":[2.1460387415274402,48.911576403475294]},"properties":{"id":"IDFM:C02152","route_long_name":"P","stop_id":"IDFM:32339","stop_name":"Cimeti\u00e8re","stop_lon":"2.1460387415274402","stop_lat":"48.911576403475294","operatorname":"Keolis Argenteuil Boucles de Seine","shortname":"P","bookingrules":null,"mode":"Bus","nom_commune":"Montesson","code_insee":"78418"}},{"type":"Feature","geometry":{"type":"Point","coordinates":[2.133466375647334,48.909489604321465]},"properties":{"id":"IDFM:C02152","route_long_name":"P","stop_id":"IDFM:32057","stop_name":"Curie Pages","stop_lon":"2.133466375647334","stop_lat":"48.909489604321465","operatorname":"Keolis Argenteuil Boucles de Seine","shortname":"P","bookingrules":null,"mode":"Bus","nom_commune":"Chatou","code_insee":"78146"}},{"type":"Feature","geometry":{"type":"Point","coordinates":[2.1292042438965946,48.90980943600082]},"properties":{"id":"IDFM:C02152","route_long_name":"P","stop_id":"IDFM:32053","stop_name":"Cormeilles","stop_lon":"2.1292042438965946","stop_lat":"48.90980943600082","operatorname":"Keolis Argenteuil Boucles de Seine","shortname":"P","bookingrules":null,"mode":"Bus","nom_commune":"Chatou","code_insee":"78146"}},{"type":"Feature","geometry":{"type":"Point","coordinates":[2.136843449390995,48.90988271209638]},"properties":{"id":"IDFM:C02153","route_long_name":"S2","stop_id":"IDFM:32204","stop_name":"Sablons Darcis","stop_lon":"2.136843449390995","stop_lat":"48.90988271209638","operatorname":"Keolis Argenteuil Boucles de Seine","shortname":"S2","bookingrules":null,"mode":"Bus","nom_commune":"Chatou","code_insee":"78146"}},{"type":"Feature","geometry":{"type":"Point","coordinates":[2.158801926771146,48.90867194546936]},"properties":{"id":"IDFM:C02153","route_long_name":"S2","stop_id":"IDFM:474321","stop_name":"Le Montoir","stop_lon":"2.158801926771146","stop_lat":"48.90867194546936","operatorname":"Keolis Argenteuil Boucles de Seine","shortname":"S2","bookingrules":null,"mode":"Bus","nom_commune":"Montesson","code_insee":"78418"}},{"type":"Feature","geometry":{"type":"Point","coordinates":[2.141770287478136,48.91061958958242]},"properties":{"id":"IDFM:C02153","route_long_name":"S2","stop_id":"IDFM:32030","stop_name":"Coll\u00e8ge Pablo Picasso","stop_lon":"2.141770287478136","stop_lat":"48.91061958958242","operatorname":"Keolis Argenteuil Boucles de Seine","shortname":"S2","bookingrules":null,"mode":"Bus","nom_commune":"Montesson","code_insee":"78418"}},{"type":"Feature","geometry":{"type":"Point","coordinates":[2.2026520697614904,48.951365159956836]},"properties":{"id":"IDFM:C01681","route_long_name":"3","stop_id":"IDFM:417880","stop_name":"Les Coudr\u00e9es","stop_lon":"2.2026520697614904","stop_lat":"48.951365159956836","operatorname":"Keolis Argenteuil Boucles de Seine","shortname":"3","bookingrules":null,"mode":"Bus","nom_commune":"Cormeilles-en-Parisis","code_insee":"95176"}},{"type":"Feature","geometry":{"type":"Point","coordinates":[2.2134555078692575,48.94124754901282]},"properties":{"id":"IDFM:C01681","route_long_name":"3","stop_id":"IDFM:7495","stop_name":"Coll\u00e8ge Albert Camus","stop_lon":"2.2134555078692575","stop_lat":"48.94124754901282","operatorname":"Keolis Argenteuil Boucles de Seine","shortname":"3","bookingrules":null,"mode":"Bus","nom_commune":"Argenteuil","code_insee":"95018"}},{"type":"Feature","geometry":{"type":"Point","coordinates":[2.21401590635827,48.93216829847393]},"properties":{"id":"IDFM:C01681","route_long_name":"3","stop_id":"IDFM:7592","stop_name":"Parmentier","stop_lon":"2.21401590635827","stop_lat":"48.93216829847393","operatorname":"Keolis Argenteuil Boucles de Seine","shortname":"3","bookingrules":null,"mode":"Bus","nom_commune":"Bezons","code_insee":"95063"}},{"type":"Feature","geometry":{"type":"Point","coordinates":[2.208762722848804,48.934741709117816]},"properties":{"id":"IDFM:C01681","route_long_name":"3","stop_id":"IDFM:23964","stop_name":"Albert 1er","stop_lon":"2.208762722848804","stop_lat":"48.934741709117816","operatorname":"Keolis Argenteuil Boucles de Seine","shortname":"3","bookingrules":null,"mode":"Bus","nom_commune":"Bezons","code_insee":"95063"}},{"type":"Feature","geometry":{"type":"Point","coordinates":[2.2068427842693237,48.94248996780428]},"properties":{"id":"IDFM:C01681","route_long_name":"3","stop_id":"IDFM:23965","stop_name":"Val Notre-Dame","stop_lon":"2.2068427842693237","stop_lat":"48.94248996780428","operatorname":"Keolis Argenteuil Boucles de Seine","shortname":"3","bookingrules":null,"mode":"Bus","nom_commune":"Argenteuil","code_insee":"95018"}},{"type":"Feature","geometry":{"type":"Point","coordinates":[2.202030510376414,48.951828654596504]},"properties":{"id":"IDFM:C01681","route_long_name":"3","stop_id":"IDFM:417883","stop_name":"Les Coudr\u00e9es","stop_lon":"2.202030510376414","stop_lat":"48.951828654596504","operatorname":"Keolis Argenteuil Boucles de Seine","shortname":"3","bookingrules":null,"mode":"Bus","nom_commune":"Cormeilles-en-Parisis","code_insee":"95176"}},{"type":"Feature","geometry":{"type":"Point","coordinates":[2.19950461563215,48.96778306454321]},"properties":{"id":"IDFM:C01681","route_long_name":"3","stop_id":"IDFM:477241","stop_name":"Jules Ferry","stop_lon":"2.19950461563215","stop_lat":"48.96778306454321","operatorname":"Keolis Argenteuil Boucles de Seine","shortname":"3","bookingrules":null,"mode":"Bus","nom_commune":"Cormeilles-en-Parisis","code_insee":"95176"}},{"type":"Feature","geometry":{"type":"Point","coordinates":[2.202105150320506,48.96921225511154]},"properties":{"id":"IDFM:C01681","route_long_name":"3","stop_id":"IDFM:5518","stop_name":"Carnot","stop_lon":"2.202105150320506","stop_lat":"48.96921225511154","operatorname":"Keolis Argenteuil Boucles de Seine","shortname":"3","bookingrules":null,"mode":"Bus","nom_commune":"Cormeilles-en-Parisis","code_insee":"95176"}},{"type":"Feature","geometry":{"type":"Point","coordinates":[2.1940539638102043,48.96783648640609]},"properties":{"id":"IDFM:C01681","route_long_name":"3","stop_id":"IDFM:417878","stop_name":"Gare de Cormeilles-en-Parisis","stop_lon":"2.1940539638102043","stop_lat":"48.96783648640609","operatorname":"Keolis Argenteuil Boucles de Seine","shortname":"3","bookingrules":null,"mode":"Bus","nom_commune":"Cormeilles-en-Parisis","code_insee":"95176"}},{"type":"Feature","geometry":{"type":"Point","coordinates":[2.1696735724060874,48.93873098052846]},"properties":{"id":"IDFM:C01250","route_long_name":"262","stop_id":"IDFM:23972","stop_name":"Voltaire","stop_lon":"2.1696735724060874","stop_lat":"48.93873098052846","operatorname":"Keolis Argenteuil Boucles de Seine","shortname":"262","bookingrules":null,"mode":"Bus","nom_commune":"Sartrouville","code_insee":"78586"}},{"type":"Feature","geometry":{"type":"Point","coordinates":[2.1792407995567915,48.93367983617926]},"properties":{"id":"IDFM:C01250","route_long_name":"262","stop_id":"IDFM:29225","stop_name":"G\u00e9n\u00e9ral N\u00e9grier","stop_lon":"2.1792407995567915","stop_lat":"48.93367983617926","operatorname":"Keolis Argenteuil Boucles de Seine","shortname":"262","bookingrules":null,"mode":"Bus","nom_commune":"Houilles","code_insee":"78311"}},{"type":"Feature","geometry":{"type":"Point","coordinates":[2.1976415241109293,48.924775390498894]},"properties":{"id":"IDFM:C01250","route_long_name":"262","stop_id":"IDFM:29229","stop_name":"Paul Bert - Joseph Bara","stop_lon":"2.1976415241109293","stop_lat":"48.924775390498894","operatorname":"Keolis Argenteuil Boucles de Seine","shortname":"262","bookingrules":null,"mode":"Bus","nom_commune":"Houilles","code_insee":"78311"}},{"type":"Feature","geometry":{"type":"Point","coordinates":[2.210652877777751,48.9253204573149]},"properties":{"id":"IDFM:C01250","route_long_name":"262","stop_id":"IDFM:21513","stop_name":"Henri Barbusse","stop_lon":"2.210652877777751","stop_lat":"48.9253204573149","operatorname":"Keolis Argenteuil Boucles de Seine","shortname":"262","bookingrules":null,"mode":"Bus","nom_commune":"Bezons","code_insee":"95063"}},{"type":"Feature","geometry":{"type":"Point","coordinates":[2.1793485675157345,48.93377050479054]},"properties":{"id":"IDFM:C01250","route_long_name":"262","stop_id":"IDFM:29228","stop_name":"G\u00e9n\u00e9ral N\u00e9grier","stop_lon":"2.1793485675157345","stop_lat":"48.93377050479054","operatorname":"Keolis Argenteuil Boucles de Seine","shortname":"262","bookingrules":null,"mode":"Bus","nom_commune":"Houilles","code_insee":"78311"}},{"type":"Feature","geometry":{"type":"Point","coordinates":[2.172822786713566,48.93727789808054]},"properties":{"id":"IDFM:C01250","route_long_name":"262","stop_id":"IDFM:483702","stop_name":"Madeleine Br\u00e8s","stop_lon":"2.172822786713566","stop_lat":"48.93727789808054","operatorname":"Keolis Argenteuil Boucles de Seine","shortname":"262","bookingrules":null,"mode":"Bus","nom_commune":"Sartrouville","code_insee":"78586"}},{"type":"Feature","geometry":{"type":"Point","coordinates":[2.148838528507065,48.94728108469838]},"properties":{"id":"IDFM:C01250","route_long_name":"262","stop_id":"IDFM:29235","stop_name":"Rue du Mesnil","stop_lon":"2.148838528507065","stop_lat":"48.94728108469838","operatorname":"Keolis Argenteuil Boucles de Seine","shortname":"262","bookingrules":null,"mode":"Bus","nom_commune":"Maisons-Laffitte","code_insee":"78358"}},{"type":"Feature","geometry":{"type":"Point","coordinates":[2.148026451739136,48.880167574978834]},"properties":{"id":"IDFM:C01755","route_long_name":"D","stop_id":"IDFM:32196","stop_name":"La Roseraie","stop_lon":"2.148026451739136","stop_lat":"48.880167574978834","operatorname":"Keolis Argenteuil Boucles de Seine","shortname":"D","bookingrules":null,"mode":"Bus","nom_commune":"Croissy-sur-Seine","code_insee":"78190"}},{"type":"Feature","geometry":{"type":"Point","coordinates":[2.1439618634801882,48.88106491481958]},"properties":{"id":"IDFM:C01755","route_long_name":"D","stop_id":"IDFM:32226","stop_name":"Verdun","stop_lon":"2.1439618634801882","stop_lat":"48.88106491481958","operatorname":"Keolis Argenteuil Boucles de Seine","shortname":"D","bookingrules":null,"mode":"Bus","nom_commune":"Croissy-sur-Seine","code_insee":"78190"}},{"type":"Feature","geometry":{"type":"Point","coordinates":[2.1323102700272973,48.848711692185255]},"properties":{"id":"IDFM:C01755","route_long_name":"D","stop_id":"IDFM:32088","stop_name":"Grande Terre","stop_lon":"2.1323102700272973","stop_lat":"48.848711692185255","operatorname":"Keolis Argenteuil Boucles de Seine","shortname":"D","bookingrules":null,"mode":"Bus","nom_commune":"La Celle-Saint-Cloud","code_insee":"78126"}},{"type":"Feature","geometry":{"type":"Point","coordinates":[2.1255015209007135,48.8289204982296]},"properties":{"id":"IDFM:C01755","route_long_name":"D","stop_id":"IDFM:4072","stop_name":"Bagatelle","stop_lon":"2.1255015209007135","stop_lat":"48.8289204982296","operatorname":"Keolis Argenteuil Boucles de Seine","shortname":"D","bookingrules":null,"mode":"Bus","nom_commune":"Le Chesnay-Rocquencourt","code_insee":"78158"}},{"type":"Feature","geometry":{"type":"Point","coordinates":[2.1201573996447025,48.82755018966227]},"properties":{"id":"IDFM:C01755","route_long_name":"D","stop_id":"IDFM:491104","stop_name":"Parly 2 - Dutartre","stop_lon":"2.1201573996447025","stop_lat":"48.82755018966227","operatorname":"Keolis Argenteuil Boucles de Seine","shortname":"D","bookingrules":null,"mode":"Bus","nom_commune":"Le Chesnay-Rocquencourt","code_insee":"78158"}},{"type":"Feature","geometry":{"type":"Point","coordinates":[2.130106582770201,48.83867653065945]},"properties":{"id":"IDFM:C01755","route_long_name":"D","stop_id":"IDFM:474278","stop_name":"Puits d'Angle","stop_lon":"2.130106582770201","stop_lat":"48.83867653065945","operatorname":"Keolis Argenteuil Boucles de Seine","shortname":"D","bookingrules":null,"mode":"Bus","nom_commune":"La Celle-Saint-Cloud","code_insee":"78126"}},{"type":"Feature","geometry":{"type":"Point","coordinates":[2.1313303890526205,48.84127566393173]},"properties":{"id":"IDFM:C01755","route_long_name":"D","stop_id":"IDFM:4116","stop_name":"Grande Terrasse","stop_lon":"2.1313303890526205","stop_lat":"48.84127566393173","operatorname":"Keolis Argenteuil Boucles de Seine","shortname":"D","bookingrules":null,"mode":"Bus","nom_commune":"La Celle-Saint-Cloud","code_insee":"78126"}},{"type":"Feature","geometry":{"type":"Point","coordinates":[2.1350634898592116,48.85771641024132]},"properties":{"id":"IDFM:C01755","route_long_name":"D","stop_id":"IDFM:32040","stop_name":"Chemin de Fer Martin","stop_lon":"2.1350634898592116","stop_lat":"48.85771641024132","operatorname":"Keolis Argenteuil Boucles de Seine","shortname":"D","bookingrules":null,"mode":"Bus","nom_commune":"Bougival","code_insee":"78092"}},{"type":"Feature","geometry":{"type":"Point","coordinates":[2.1392699223005596,48.86050781389133]},"properties":{"id":"IDFM:C01755","route_long_name":"D","stop_id":"IDFM:32070","stop_name":"La Feuilleraie","stop_lon":"2.1392699223005596","stop_lat":"48.86050781389133","operatorname":"Keolis Argenteuil Boucles de Seine","shortname":"D","bookingrules":null,"mode":"Bus","nom_commune":"Bougival","code_insee":"78092"}},{"type":"Feature","geometry":{"type":"Point","coordinates":[2.1424150670570614,48.8789403605375]},"properties":{"id":"IDFM:C01755","route_long_name":"D","stop_id":"IDFM:32157","stop_name":"Patte d'Oie","stop_lon":"2.1424150670570614","stop_lat":"48.8789403605375","operatorname":"Keolis Argenteuil Boucles de Seine","shortname":"D","bookingrules":null,"mode":"Bus","nom_commune":"Croissy-sur-Seine","code_insee":"78190"}},{"type":"Feature","geometry":{"type":"Point","coordinates":[2.1545750292653505,48.884998548236474]},"properties":{"id":"IDFM:C01755","route_long_name":"D","stop_id":"IDFM:411953","stop_name":"Gare de Chatou - Croissy","stop_lon":"2.1545750292653505","stop_lat":"48.884998548236474","operatorname":"Keolis Argenteuil Boucles de Seine","shortname":"D","bookingrules":null,"mode":"Bus","nom_commune":"Chatou","code_insee":"78146"}},{"type":"Feature","geometry":{"type":"Point","coordinates":[2.1928308879568092,48.91993175131108]},"properties":{"id":"IDFM:C01775","route_long_name":"S6","stop_id":"IDFM:40251","stop_name":"Jean Jaur\u00e8s","stop_lon":"2.1928308879568092","stop_lat":"48.91993175131108","operatorname":"Keolis Argenteuil Boucles de Seine","shortname":"S6","bookingrules":null,"mode":"Bus","nom_commune":"Houilles","code_insee":"78311"}},{"type":"Feature","geometry":{"type":"Point","coordinates":[2.1973431857982715,48.92111318849077]},"properties":{"id":"IDFM:C01775","route_long_name":"S6","stop_id":"IDFM:2261","stop_name":"La Fontaine","stop_lon":"2.1973431857982715","stop_lat":"48.92111318849077","operatorname":"Keolis Argenteuil Boucles de Seine","shortname":"S6","bookingrules":null,"mode":"Bus","nom_commune":"Houilles","code_insee":"78311"}},{"type":"Feature","geometry":{"type":"Point","coordinates":[2.1934136048077812,48.926356772517686]},"properties":{"id":"IDFM:C01775","route_long_name":"S6","stop_id":"IDFM:23810","stop_name":"Les Blanches","stop_lon":"2.1934136048077812","stop_lat":"48.926356772517686","operatorname":"Keolis Argenteuil Boucles de Seine","shortname":"S6","bookingrules":null,"mode":"Bus","nom_commune":"Houilles","code_insee":"78311"}},{"type":"Feature","geometry":{"type":"Point","coordinates":[2.185734883101309,48.93039669950691]},"properties":{"id":"IDFM:C01775","route_long_name":"S6","stop_id":"IDFM:40245","stop_name":"Camille Pelletan","stop_lon":"2.185734883101309","stop_lat":"48.93039669950691","operatorname":"Keolis Argenteuil Boucles de Seine","shortname":"S6","bookingrules":null,"mode":"Bus","nom_commune":"Houilles","code_insee":"78311"}},{"type":"Feature","geometry":{"type":"Point","coordinates":[2.187052770463382,48.936898631272804]},"properties":{"id":"IDFM:C01775","route_long_name":"S6","stop_id":"IDFM:7629","stop_name":"Martyrs","stop_lon":"2.187052770463382","stop_lat":"48.936898631272804","operatorname":"Keolis Argenteuil Boucles de Seine","shortname":"S6","bookingrules":null,"mode":"Bus","nom_commune":"Sartrouville","code_insee":"78586"}},{"type":"Feature","geometry":{"type":"Point","coordinates":[2.1860451210460132,48.93412193635513]},"properties":{"id":"IDFM:C01775","route_long_name":"S6","stop_id":"IDFM:7621","stop_name":"\u00c9coles","stop_lon":"2.1860451210460132","stop_lat":"48.93412193635513","operatorname":"Keolis Argenteuil Boucles de Seine","shortname":"S6","bookingrules":null,"mode":"Bus","nom_commune":"Houilles","code_insee":"78311"}},{"type":"Feature","geometry":{"type":"Point","coordinates":[2.114738955763481,48.894747380162315]},"properties":{"id":"IDFM:C02264","route_long_name":"20","stop_id":"IDFM:34460","stop_name":"Verdun","stop_lon":"2.114738955763481","stop_lat":"48.894747380162315","operatorname":"Keolis Argenteuil Boucles de Seine","shortname":"20","bookingrules":null,"mode":"Bus","nom_commune":"Le Pecq","code_insee":"78481"}},{"type":"Feature","geometry":{"type":"Point","coordinates":[2.115613643606352,48.8922356708364]},"properties":{"id":"IDFM:C02264","route_long_name":"20","stop_id":"IDFM:34461","stop_name":"Libert\u00e9","stop_lon":"2.115613643606352","stop_lat":"48.8922356708364","operatorname":"Keolis Argenteuil Boucles de Seine","shortname":"20","bookingrules":null,"mode":"Bus","nom_commune":"Le Pecq","code_insee":"78481"}},{"type":"Feature","geometry":{"type":"Point","coordinates":[2.1310784547642703,48.877635485676066]},"properties":{"id":"IDFM:C02264","route_long_name":"20","stop_id":"IDFM:477601","stop_name":"IRSN","stop_lon":"2.1310784547642703","stop_lat":"48.877635485676066","operatorname":"Keolis Argenteuil Boucles de Seine","shortname":"20","bookingrules":null,"mode":"Bus","nom_commune":"Croissy-sur-Seine","code_insee":"78190"}},{"type":"Feature","geometry":{"type":"Point","coordinates":[2.1348156719014635,48.88659314045647]},"properties":{"id":"IDFM:C02264","route_long_name":"20","stop_id":"IDFM:32184","stop_name":"Pr\u00e9sident Roosevelt","stop_lon":"2.1348156719014635","stop_lat":"48.88659314045647","operatorname":"Keolis Argenteuil Boucles de Seine","shortname":"20","bookingrules":null,"mode":"Bus","nom_commune":"Le V\u00e9sinet","code_insee":"78650"}},{"type":"Feature","geometry":{"type":"Point","coordinates":[2.132008044277809,48.88403664729296]},"properties":{"id":"IDFM:C02264","route_long_name":"20","stop_id":"IDFM:32181","stop_name":"Princesse Croissy","stop_lon":"2.132008044277809","stop_lat":"48.88403664729296","operatorname":"Keolis Argenteuil Boucles de Seine","shortname":"20","bookingrules":null,"mode":"Bus","nom_commune":"Le V\u00e9sinet","code_insee":"78650"}},{"type":"Feature","geometry":{"type":"Point","coordinates":[2.11179477743879,48.897828320900416]},"properties":{"id":"IDFM:C02264","route_long_name":"20","stop_id":"IDFM:34438","stop_name":"Jean Jaur\u00e8s","stop_lon":"2.11179477743879","stop_lat":"48.897828320900416","operatorname":"Keolis Argenteuil Boucles de Seine","shortname":"20","bookingrules":null,"mode":"Bus","nom_commune":"Le Pecq","code_insee":"78481"}},{"type":"Feature","geometry":{"type":"Point","coordinates":[2.1842257921601504,48.91347930720114]},"properties":{"id":"IDFM:C02142","route_long_name":"L","stop_id":"IDFM:32373","stop_name":"Maurice Berteaux","stop_lon":"2.1842257921601504","stop_lat":"48.91347930720114","operatorname":"Keolis Argenteuil Boucles de Seine","shortname":"L","bookingrules":null,"mode":"Bus","nom_commune":"Carri\u00e8res-sur-Seine","code_insee":"78124"}},{"type":"Feature","geometry":{"type":"Point","coordinates":[2.1768084519713597,48.90969637018853]},"properties":{"id":"IDFM:C02142","route_long_name":"L","stop_id":"IDFM:32084","stop_name":"G\u00e9n\u00e9ral Leclerc","stop_lon":"2.1768084519713597","stop_lat":"48.90969637018853","operatorname":"Keolis Argenteuil Boucles de Seine","shortname":"L","bookingrules":null,"mode":"Bus","nom_commune":"Carri\u00e8res-sur-Seine","code_insee":"78124"}},{"type":"Feature","geometry":{"type":"Point","coordinates":[2.1702453867765743,48.905451222470056]},"properties":{"id":"IDFM:C02142","route_long_name":"L","stop_id":"IDFM:32017","stop_name":"Bercail","stop_lon":"2.1702453867765743","stop_lat":"48.905451222470056","operatorname":"Keolis Argenteuil Boucles de Seine","shortname":"L","bookingrules":null,"mode":"Bus","nom_commune":"Carri\u00e8res-sur-Seine","code_insee":"78124"}},{"type":"Feature","geometry":{"type":"Point","coordinates":[2.180126099791553,48.91128394938297]},"properties":{"id":"IDFM:C02142","route_long_name":"L","stop_id":"IDFM:32246","stop_name":"Mar\u00e9chal Juin","stop_lon":"2.180126099791553","stop_lat":"48.91128394938297","operatorname":"Keolis Argenteuil Boucles de Seine","shortname":"L","bookingrules":null,"mode":"Bus","nom_commune":"Carri\u00e8res-sur-Seine","code_insee":"78124"}},{"type":"Feature","geometry":{"type":"Point","coordinates":[2.1584522227492746,48.89739183998548]},"properties":{"id":"IDFM:C02144","route_long_name":"T","stop_id":"IDFM:474305","stop_name":"Rue Tahan","stop_lon":"2.1584522227492746","stop_lat":"48.89739183998548","operatorname":"Keolis Argenteuil Boucles de Seine","shortname":"T","bookingrules":null,"mode":"Bus","nom_commune":"Chatou","code_insee":"78146"}},{"type":"Feature","geometry":{"type":"Point","coordinates":[2.1575133151178254,48.90062285351396]},"properties":{"id":"IDFM:C02144","route_long_name":"T","stop_id":"IDFM:32130","stop_name":"Marolles Bouvets","stop_lon":"2.1575133151178254","stop_lat":"48.90062285351396","operatorname":"Keolis Argenteuil Boucles de Seine","shortname":"T","bookingrules":null,"mode":"Bus","nom_commune":"Chatou","code_insee":"78146"}},{"type":"Feature","geometry":{"type":"Point","coordinates":[2.1497573442126434,48.90193503500895]},"properties":{"id":"IDFM:C02144","route_long_name":"T","stop_id":"IDFM:32194","stop_name":"Ribot Barbier","stop_lon":"2.1497573442126434","stop_lat":"48.90193503500895","operatorname":"Keolis Argenteuil Boucles de Seine","shortname":"T","bookingrules":null,"mode":"Bus","nom_commune":"Chatou","code_insee":"78146"}},{"type":"Feature","geometry":{"type":"Point","coordinates":[2.1614368407744338,48.89924742451946]},"properties":{"id":"IDFM:C02144","route_long_name":"T","stop_id":"IDFM:32024","stop_name":"Carri\u00e8res Bellevue","stop_lon":"2.1614368407744338","stop_lat":"48.89924742451946","operatorname":"Keolis Argenteuil Boucles de Seine","shortname":"T","bookingrules":null,"mode":"Bus","nom_commune":"Chatou","code_insee":"78146"}},{"type":"Feature","geometry":{"type":"Point","coordinates":[2.155081345872209,48.88741237576801]},"properties":{"id":"IDFM:C02144","route_long_name":"T","stop_id":"IDFM:32134","stop_name":"Maurice Berteaux","stop_lon":"2.155081345872209","stop_lat":"48.88741237576801","operatorname":"Keolis Argenteuil Boucles de Seine","shortname":"T","bookingrules":null,"mode":"Bus","nom_commune":"Chatou","code_insee":"78146"}},{"type":"Feature","geometry":{"type":"Point","coordinates":[2.1342418688425604,48.90962111812374]},"properties":{"id":"IDFM:C02145","route_long_name":"S3","stop_id":"IDFM:32058","stop_name":"Curie Pages","stop_lon":"2.1342418688425604","stop_lat":"48.90962111812374","operatorname":"Keolis Argenteuil Boucles de Seine","shortname":"S3","bookingrules":null,"mode":"Bus","nom_commune":"Chatou","code_insee":"78146"}},{"type":"Feature","geometry":{"type":"Point","coordinates":[2.1415158724710794,48.90122872212657]},"properties":{"id":"IDFM:C02145","route_long_name":"S3","stop_id":"IDFM:32117","stop_name":"Stade Finalt\u00e9ri","stop_lon":"2.1415158724710794","stop_lat":"48.90122872212657","operatorname":"Keolis Argenteuil Boucles de Seine","shortname":"S3","bookingrules":null,"mode":"Bus","nom_commune":"Chatou","code_insee":"78146"}},{"type":"Feature","geometry":{"type":"Point","coordinates":[2.147467127276447,48.900174040953395]},"properties":{"id":"IDFM:C02145","route_long_name":"S3","stop_id":"IDFM:32062","stop_name":"Place du Docteur Roux","stop_lon":"2.147467127276447","stop_lat":"48.900174040953395","operatorname":"Keolis Argenteuil Boucles de Seine","shortname":"S3","bookingrules":null,"mode":"Bus","nom_commune":"Chatou","code_insee":"78146"}},{"type":"Feature","geometry":{"type":"Point","coordinates":[2.149854145469688,48.901854781919496]},"properties":{"id":"IDFM:C02145","route_long_name":"S3","stop_id":"IDFM:32195","stop_name":"Ribot Barbier","stop_lon":"2.149854145469688","stop_lat":"48.901854781919496","operatorname":"Keolis Argenteuil Boucles de Seine","shortname":"S3","bookingrules":null,"mode":"Bus","nom_commune":"Chatou","code_insee":"78146"}},{"type":"Feature","geometry":{"type":"Point","coordinates":[2.1526798310589497,48.90257628756355]},"properties":{"id":"IDFM:C02145","route_long_name":"S3","stop_id":"IDFM:32126","stop_name":"Maurice de Vlaminck","stop_lon":"2.1526798310589497","stop_lat":"48.90257628756355","operatorname":"Keolis Argenteuil Boucles de Seine","shortname":"S3","bookingrules":null,"mode":"Bus","nom_commune":"Chatou","code_insee":"78146"}},{"type":"Feature","geometry":{"type":"Point","coordinates":[2.1574530381328354,48.89591889121222]},"properties":{"id":"IDFM:C02145","route_long_name":"S3","stop_id":"IDFM:32136","stop_name":"Maurice Hardouin","stop_lon":"2.1574530381328354","stop_lat":"48.89591889121222","operatorname":"Keolis Argenteuil Boucles de Seine","shortname":"S3","bookingrules":null,"mode":"Bus","nom_commune":"Chatou","code_insee":"78146"}},{"type":"Feature","geometry":{"type":"Point","coordinates":[2.1594406843402787,48.889394639312286]},"properties":{"id":"IDFM:C02145","route_long_name":"S3","stop_id":"IDFM:32063","stop_name":"\u00c9glise Notre-Dame","stop_lon":"2.1594406843402787","stop_lat":"48.889394639312286","operatorname":"Keolis Argenteuil Boucles de Seine","shortname":"S3","bookingrules":null,"mode":"Bus","nom_commune":"Chatou","code_insee":"78146"}},{"type":"Feature","geometry":{"type":"Point","coordinates":[2.136800792654629,48.88283918467546]},"properties":{"id":"IDFM:C02360","route_long_name":"56","stop_id":"IDFM:32276","stop_name":"Carrefour de la Croix","stop_lon":"2.136800792654629","stop_lat":"48.88283918467546","operatorname":"Keolis Argenteuil Boucles de Seine","shortname":"56","bookingrules":null,"mode":"Bus","nom_commune":"Croissy-sur-Seine","code_insee":"78190"}},{"type":"Feature","geometry":{"type":"Point","coordinates":[2.1424150670570614,48.8789403605375]},"properties":{"id":"IDFM:C02360","route_long_name":"56","stop_id":"IDFM:32157","stop_name":"Patte d'Oie","stop_lon":"2.1424150670570614","stop_lat":"48.8789403605375","operatorname":"Keolis Argenteuil Boucles de Seine","shortname":"56","bookingrules":null,"mode":"Bus","nom_commune":"Croissy-sur-Seine","code_insee":"78190"}},{"type":"Feature","geometry":{"type":"Point","coordinates":[2.111437252902215,48.897996544128624]},"properties":{"id":"IDFM:C02360","route_long_name":"56","stop_id":"IDFM:34437","stop_name":"Jean Jaur\u00e8s","stop_lon":"2.111437252902215","stop_lat":"48.897996544128624","operatorname":"Keolis Argenteuil Boucles de Seine","shortname":"56","bookingrules":null,"mode":"Bus","nom_commune":"Le Pecq","code_insee":"78481"}},{"type":"Feature","geometry":{"type":"Point","coordinates":[2.1042782359986467,48.89152187078216]},"properties":{"id":"IDFM:C02360","route_long_name":"56","stop_id":"IDFM:32309","stop_name":"Jean Moulin","stop_lon":"2.1042782359986467","stop_lat":"48.89152187078216","operatorname":"Keolis Argenteuil Boucles de Seine","shortname":"56","bookingrules":null,"mode":"Bus","nom_commune":"Le Pecq","code_insee":"78481"}},{"type":"Feature","geometry":{"type":"Point","coordinates":[2.1280372483670287,48.859751965015]},"properties":{"id":"IDFM:C02361","route_long_name":"57","stop_id":"IDFM:32257","stop_name":"Les Murgets","stop_lon":"2.1280372483670287","stop_lat":"48.859751965015","operatorname":"Keolis Argenteuil Boucles de Seine","shortname":"57","bookingrules":null,"mode":"Bus","nom_commune":"Bougival","code_insee":"78092"}},{"type":"Feature","geometry":{"type":"Point","coordinates":[2.118162472265195,48.864149486535055]},"properties":{"id":"IDFM:C02361","route_long_name":"57","stop_id":"IDFM:32252","stop_name":"La Machine","stop_lon":"2.118162472265195","stop_lat":"48.864149486535055","operatorname":"Keolis Argenteuil Boucles de Seine","shortname":"57","bookingrules":null,"mode":"Bus","nom_commune":"Louveciennes","code_insee":"78350"}},{"type":"Feature","geometry":{"type":"Point","coordinates":[2.110031365664716,48.87251637980481]},"properties":{"id":"IDFM:C02361","route_long_name":"57","stop_id":"IDFM:32295","stop_name":"Plains Champs","stop_lon":"2.110031365664716","stop_lat":"48.87251637980481","operatorname":"Keolis Argenteuil Boucles de Seine","shortname":"57","bookingrules":null,"mode":"Bus","nom_commune":"Louveciennes","code_insee":"78350"}},{"type":"Feature","geometry":{"type":"Point","coordinates":[2.1016928251133957,48.872993710730725]},"properties":{"id":"IDFM:C02361","route_long_name":"57","stop_id":"IDFM:32299","stop_name":"Saint-Fiacre","stop_lon":"2.1016928251133957","stop_lat":"48.872993710730725","operatorname":"Keolis Argenteuil Boucles de Seine","shortname":"57","bookingrules":null,"mode":"Bus","nom_commune":"Marly-le-Roi","code_insee":"78372"}},{"type":"Feature","geometry":{"type":"Point","coordinates":[2.12801119475732,48.859679825313584]},"properties":{"id":"IDFM:C02361","route_long_name":"57","stop_id":"IDFM:32256","stop_name":"Les Murgets","stop_lon":"2.12801119475732","stop_lat":"48.859679825313584","operatorname":"Keolis Argenteuil Boucles de Seine","shortname":"57","bookingrules":null,"mode":"Bus","nom_commune":"Bougival","code_insee":"78092"}},{"type":"Feature","geometry":{"type":"Point","coordinates":[2.1309844605016695,48.85058177573911]},"properties":{"id":"IDFM:C02361","route_long_name":"57","stop_id":"IDFM:32089","stop_name":"Les Gressets","stop_lon":"2.1309844605016695","stop_lat":"48.85058177573911","operatorname":"Keolis Argenteuil Boucles de Seine","shortname":"57","bookingrules":null,"mode":"Bus","nom_commune":"La Celle-Saint-Cloud","code_insee":"78126"}},{"type":"Feature","geometry":{"type":"Point","coordinates":[2.250348040306853,48.95600741959809]},"properties":{"id":"IDFM:C00292","route_long_name":"1","stop_id":"IDFM:7541","stop_name":"Saint-Quentin","stop_lon":"2.250348040306853","stop_lat":"48.95600741959809","operatorname":"Keolis Argenteuil Boucles de Seine","shortname":"1","bookingrules":null,"mode":"Bus","nom_commune":"Argenteuil","code_insee":"95018"}},{"type":"Feature","geometry":{"type":"Point","coordinates":[2.244100261967386,48.95556351775744]},"properties":{"id":"IDFM:C00292","route_long_name":"1","stop_id":"IDFM:7506","stop_name":"Anatole Lucas","stop_lon":"2.244100261967386","stop_lat":"48.95556351775744","operatorname":"Keolis Argenteuil Boucles de Seine","shortname":"1","bookingrules":null,"mode":"Bus","nom_commune":"Argenteuil","code_insee":"95018"}},{"type":"Feature","geometry":{"type":"Point","coordinates":[2.2375895865182343,48.95349890989802]},"properties":{"id":"IDFM:C00292","route_long_name":"1","stop_id":"IDFM:7471","stop_name":"F\u00e9lifeu","stop_lon":"2.2375895865182343","stop_lat":"48.95349890989802","operatorname":"Keolis Argenteuil Boucles de Seine","shortname":"1","bookingrules":null,"mode":"Bus","nom_commune":"Argenteuil","code_insee":"95018"}},{"type":"Feature","geometry":{"type":"Point","coordinates":[2.2051069970474697,48.946192555133365]},"properties":{"id":"IDFM:C00292","route_long_name":"1","stop_id":"IDFM:23970","stop_name":"Berry","stop_lon":"2.2051069970474697","stop_lat":"48.946192555133365","operatorname":"Keolis Argenteuil Boucles de Seine","shortname":"1","bookingrules":null,"mode":"Bus","nom_commune":"Sartrouville","code_insee":"78586"}},{"type":"Feature","geometry":{"type":"Point","coordinates":[2.167539067257234,48.944156946467096]},"properties":{"id":"IDFM:C00292","route_long_name":"1","stop_id":"IDFM:7732","stop_name":"Suger","stop_lon":"2.167539067257234","stop_lat":"48.944156946467096","operatorname":"Keolis Argenteuil Boucles de Seine","shortname":"1","bookingrules":null,"mode":"Bus","nom_commune":"Sartrouville","code_insee":"78586"}},{"type":"Feature","geometry":{"type":"Point","coordinates":[2.161143207362507,48.94117164492694]},"properties":{"id":"IDFM:C00292","route_long_name":"1","stop_id":"IDFM:23983","stop_name":"Poste","stop_lon":"2.161143207362507","stop_lat":"48.94117164492694","operatorname":"Keolis Argenteuil Boucles de Seine","shortname":"1","bookingrules":null,"mode":"Bus","nom_commune":"Sartrouville","code_insee":"78586"}},{"type":"Feature","geometry":{"type":"Point","coordinates":[2.1578119645908873,48.93781186755499]},"properties":{"id":"IDFM:C00292","route_long_name":"1","stop_id":"IDFM:5387","stop_name":"Gare de Sartrouville","stop_lon":"2.1578119645908873","stop_lat":"48.93781186755499","operatorname":"Keolis Argenteuil Boucles de Seine","shortname":"1","bookingrules":null,"mode":"Bus","nom_commune":"Sartrouville","code_insee":"78586"}},{"type":"Feature","geometry":{"type":"Point","coordinates":[2.1658191812733145,48.944135997156025]},"properties":{"id":"IDFM:C00292","route_long_name":"1","stop_id":"IDFM:7734","stop_name":"Temple","stop_lon":"2.1658191812733145","stop_lat":"48.944135997156025","operatorname":"Keolis Argenteuil Boucles de Seine","shortname":"1","bookingrules":null,"mode":"Bus","nom_commune":"Sartrouville","code_insee":"78586"}},{"type":"Feature","geometry":{"type":"Point","coordinates":[2.1727551035615953,48.94668410960945]},"properties":{"id":"IDFM:C00292","route_long_name":"1","stop_id":"IDFM:5376","stop_name":"Mont Olivet","stop_lon":"2.1727551035615953","stop_lat":"48.94668410960945","operatorname":"Keolis Argenteuil Boucles de Seine","shortname":"1","bookingrules":null,"mode":"Bus","nom_commune":"Sartrouville","code_insee":"78586"}},{"type":"Feature","geometry":{"type":"Point","coordinates":[2.2083852701178595,48.950575807479716]},"properties":{"id":"IDFM:C00292","route_long_name":"1","stop_id":"IDFM:7531","stop_name":"Fosse aux Loups","stop_lon":"2.2083852701178595","stop_lat":"48.950575807479716","operatorname":"Keolis Argenteuil Boucles de Seine","shortname":"1","bookingrules":null,"mode":"Bus","nom_commune":"Argenteuil","code_insee":"95018"}},{"type":"Feature","geometry":{"type":"Point","coordinates":[2.2541549322985888,48.95336029871794]},"properties":{"id":"IDFM:C00292","route_long_name":"1","stop_id":"IDFM:7427","stop_name":"Pont Blanc","stop_lon":"2.2541549322985888","stop_lat":"48.95336029871794","operatorname":"Keolis Argenteuil Boucles de Seine","shortname":"1","bookingrules":null,"mode":"Bus","nom_commune":"Argenteuil","code_insee":"95018"}},{"type":"Feature","geometry":{"type":"Point","coordinates":[2.2346491239673174,48.96865997072115]},"properties":{"id":"IDFM:C00294","route_long_name":"2","stop_id":"IDFM:5194","stop_name":"Joffre \/ R\u00e9sidence du Moulin","stop_lon":"2.2346491239673174","stop_lat":"48.96865997072115","operatorname":"Keolis Argenteuil Boucles de Seine","shortname":"2","bookingrules":null,"mode":"Bus","nom_commune":"Sannois","code_insee":"95582"}},{"type":"Feature","geometry":{"type":"Point","coordinates":[2.2365227851916925,48.96291656710152]},"properties":{"id":"IDFM:C00294","route_long_name":"2","stop_id":"IDFM:7552","stop_name":"Petite Ruelle","stop_lon":"2.2365227851916925","stop_lat":"48.96291656710152","operatorname":"Keolis Argenteuil Boucles de Seine","shortname":"2","bookingrules":null,"mode":"Bus","nom_commune":"Argenteuil","code_insee":"95018"}},{"type":"Feature","geometry":{"type":"Point","coordinates":[2.245182040218321,48.948771751264054]},"properties":{"id":"IDFM:C00294","route_long_name":"2","stop_id":"IDFM:7558","stop_name":"Temple","stop_lon":"2.245182040218321","stop_lat":"48.948771751264054","operatorname":"Keolis Argenteuil Boucles de Seine","shortname":"2","bookingrules":null,"mode":"Bus","nom_commune":"Argenteuil","code_insee":"95018"}},{"type":"Feature","geometry":{"type":"Point","coordinates":[2.257031740411655,48.94697526066576]},"properties":{"id":"IDFM:C00294","route_long_name":"2","stop_id":"IDFM:5079","stop_name":"Gare d'Argenteuil","stop_lon":"2.257031740411655","stop_lat":"48.94697526066576","operatorname":"Keolis Argenteuil Boucles de Seine","shortname":"2","bookingrules":null,"mode":"Bus","nom_commune":"Argenteuil","code_insee":"95018"}},{"type":"Feature","geometry":{"type":"Point","coordinates":[2.2369172213129707,48.96488848853145]},"properties":{"id":"IDFM:C00294","route_long_name":"2","stop_id":"IDFM:16929","stop_name":"Pyr\u00e9n\u00e9es","stop_lon":"2.2369172213129707","stop_lat":"48.96488848853145","operatorname":"Keolis Argenteuil Boucles de Seine","shortname":"2","bookingrules":null,"mode":"Bus","nom_commune":"Argenteuil","code_insee":"95018"}},{"type":"Feature","geometry":{"type":"Point","coordinates":[2.2169985390510525,48.94620786690342]},"properties":{"id":"IDFM:C00295","route_long_name":"4","stop_id":"IDFM:7417","stop_name":"\u00c9rables","stop_lon":"2.2169985390510525","stop_lat":"48.94620786690342","operatorname":"Keolis Argenteuil Boucles de Seine","shortname":"4","bookingrules":null,"mode":"Bus","nom_commune":"Argenteuil","code_insee":"95018"}},{"type":"Feature","geometry":{"type":"Point","coordinates":[2.209720468826347,48.94357913564286]},"properties":{"id":"IDFM:C00295","route_long_name":"4","stop_id":"IDFM:7458","stop_name":"Le Prunet","stop_lon":"2.209720468826347","stop_lat":"48.94357913564286","operatorname":"Keolis Argenteuil Boucles de Seine","shortname":"4","bookingrules":null,"mode":"Bus","nom_commune":"Argenteuil","code_insee":"95018"}},{"type":"Feature","geometry":{"type":"Point","coordinates":[2.210652877777751,48.9253204573149]},"properties":{"id":"IDFM:C00295","route_long_name":"4","stop_id":"IDFM:21513","stop_name":"Henri Barbusse","stop_lon":"2.210652877777751","stop_lat":"48.9253204573149","operatorname":"Keolis Argenteuil Boucles de Seine","shortname":"4","bookingrules":null,"mode":"Bus","nom_commune":"Bezons","code_insee":"95063"}},{"type":"Feature","geometry":{"type":"Point","coordinates":[2.2038863715946118,48.922469840450816]},"properties":{"id":"IDFM:C00295","route_long_name":"4","stop_id":"IDFM:27035","stop_name":"Calmette","stop_lon":"2.2038863715946118","stop_lat":"48.922469840450816","operatorname":"Keolis Argenteuil Boucles de Seine","shortname":"4","bookingrules":null,"mode":"Bus","nom_commune":"Houilles","code_insee":"78311"}},{"type":"Feature","geometry":{"type":"Point","coordinates":[2.1862764981310603,48.91932983905741]},"properties":{"id":"IDFM:C00295","route_long_name":"4","stop_id":"IDFM:37348","stop_name":"Gare de Houilles - Carri\u00e8res-sur-Seine","stop_lon":"2.1862764981310603","stop_lat":"48.91932983905741","operatorname":"Keolis Argenteuil Boucles de Seine","shortname":"4","bookingrules":null,"mode":"Bus","nom_commune":"Houilles","code_insee":"78311"}},{"type":"Feature","geometry":{"type":"Point","coordinates":[2.1978155735049323,48.920567770165974]},"properties":{"id":"IDFM:C00295","route_long_name":"4","stop_id":"IDFM:27039","stop_name":"La Fontaine","stop_lon":"2.1978155735049323","stop_lat":"48.920567770165974","operatorname":"Keolis Argenteuil Boucles de Seine","shortname":"4","bookingrules":null,"mode":"Bus","nom_commune":"Houilles","code_insee":"78311"}},{"type":"Feature","geometry":{"type":"Point","coordinates":[2.2111284487538976,48.92545848557591]},"properties":{"id":"IDFM:C00295","route_long_name":"4","stop_id":"IDFM:21512","stop_name":"Henri Barbusse","stop_lon":"2.2111284487538976","stop_lat":"48.92545848557591","operatorname":"Keolis Argenteuil Boucles de Seine","shortname":"4","bookingrules":null,"mode":"Bus","nom_commune":"Bezons","code_insee":"95063"}},{"type":"Feature","geometry":{"type":"Point","coordinates":[2.2110395032596095,48.92772415716199]},"properties":{"id":"IDFM:C00295","route_long_name":"4","stop_id":"IDFM:7598","stop_name":"Docteur Rouques","stop_lon":"2.2110395032596095","stop_lat":"48.92772415716199","operatorname":"Keolis Argenteuil Boucles de Seine","shortname":"4","bookingrules":null,"mode":"Bus","nom_commune":"Bezons","code_insee":"95063"}},{"type":"Feature","geometry":{"type":"Point","coordinates":[2.2236890671359313,48.94617044473934]},"properties":{"id":"IDFM:C00295","route_long_name":"4","stop_id":"IDFM:7563","stop_name":"Troupeau","stop_lon":"2.2236890671359313","stop_lat":"48.94617044473934","operatorname":"Keolis Argenteuil Boucles de Seine","shortname":"4","bookingrules":null,"mode":"Bus","nom_commune":"Argenteuil","code_insee":"95018"}},{"type":"Feature","geometry":{"type":"Point","coordinates":[2.225705102436525,48.944645695717824]},"properties":{"id":"IDFM:C00295","route_long_name":"4","stop_id":"IDFM:7548","stop_name":"Rethondes","stop_lon":"2.225705102436525","stop_lat":"48.944645695717824","operatorname":"Keolis Argenteuil Boucles de Seine","shortname":"4","bookingrules":null,"mode":"Bus","nom_commune":"Argenteuil","code_insee":"95018"}},{"type":"Feature","geometry":{"type":"Point","coordinates":[2.2340439279276425,48.94576942407318]},"properties":{"id":"IDFM:C00295","route_long_name":"4","stop_id":"IDFM:7430","stop_name":"Bretagne","stop_lon":"2.2340439279276425","stop_lat":"48.94576942407318","operatorname":"Keolis Argenteuil Boucles de Seine","shortname":"4","bookingrules":null,"mode":"Bus","nom_commune":"Argenteuil","code_insee":"95018"}},{"type":"Feature","geometry":{"type":"Point","coordinates":[2.243532276063357,48.947673215528255]},"properties":{"id":"IDFM:C00295","route_long_name":"4","stop_id":"IDFM:420614","stop_name":"Rechsteiner","stop_lon":"2.243532276063357","stop_lat":"48.947673215528255","operatorname":"Keolis Argenteuil Boucles de Seine","shortname":"4","bookingrules":null,"mode":"Bus","nom_commune":"Argenteuil","code_insee":"95018"}},{"type":"Feature","geometry":{"type":"Point","coordinates":[2.247372430821591,48.94648334826383]},"properties":{"id":"IDFM:C00295","route_long_name":"4","stop_id":"IDFM:7421","stop_name":"Antonin-Georges Belin","stop_lon":"2.247372430821591","stop_lat":"48.94648334826383","operatorname":"Keolis Argenteuil Boucles de Seine","shortname":"4","bookingrules":null,"mode":"Bus","nom_commune":"Argenteuil","code_insee":"95018"}},{"type":"Feature","geometry":{"type":"Point","coordinates":[2.223346388247618,48.955403901082676]},"properties":{"id":"IDFM:C00297","route_long_name":"8","stop_id":"IDFM:7448","stop_name":"Coll\u00e8ge Claude Monet","stop_lon":"2.223346388247618","stop_lat":"48.955403901082676","operatorname":"Keolis Argenteuil Boucles de Seine","shortname":"8","bookingrules":null,"mode":"Bus","nom_commune":"Argenteuil","code_insee":"95018"}},{"type":"Feature","geometry":{"type":"Point","coordinates":[2.2375263412670447,48.94663695642472]},"properties":{"id":"IDFM:C00297","route_long_name":"8","stop_id":"IDFM:427933","stop_name":"Charcot H\u00f4pital","stop_lon":"2.2375263412670447","stop_lat":"48.94663695642472","operatorname":"Keolis Argenteuil Boucles de Seine","shortname":"8","bookingrules":null,"mode":"Bus","nom_commune":"Argenteuil","code_insee":"95018"}},{"type":"Feature","geometry":{"type":"Point","coordinates":[2.257031740411655,48.94697526066576]},"properties":{"id":"IDFM:C00297","route_long_name":"8","stop_id":"IDFM:5079","stop_name":"Gare d'Argenteuil","stop_lon":"2.257031740411655","stop_lat":"48.94697526066576","operatorname":"Keolis Argenteuil Boucles de Seine","shortname":"8","bookingrules":null,"mode":"Bus","nom_commune":"Argenteuil","code_insee":"95018"}},{"type":"Feature","geometry":{"type":"Point","coordinates":[2.23413657589939,48.94596785976827]},"properties":{"id":"IDFM:C00297","route_long_name":"8","stop_id":"IDFM:7431","stop_name":"Bretagne","stop_lon":"2.23413657589939","stop_lat":"48.94596785976827","operatorname":"Keolis Argenteuil Boucles de Seine","shortname":"8","bookingrules":null,"mode":"Bus","nom_commune":"Argenteuil","code_insee":"95018"}},{"type":"Feature","geometry":{"type":"Point","coordinates":[2.2304630968509773,48.95063861852541]},"properties":{"id":"IDFM:C00297","route_long_name":"8","stop_id":"IDFM:7488","stop_name":"Gare du Val d'Argenteuil","stop_lon":"2.2304630968509773","stop_lat":"48.95063861852541","operatorname":"Keolis Argenteuil Boucles de Seine","shortname":"8","bookingrules":null,"mode":"Bus","nom_commune":"Argenteuil","code_insee":"95018"}},{"type":"Feature","geometry":{"type":"Point","coordinates":[2.2319708666481284,48.95579219082078]},"properties":{"id":"IDFM:C00297","route_long_name":"8","stop_id":"IDFM:7450","stop_name":"Route de Cormeilles","stop_lon":"2.2319708666481284","stop_lat":"48.95579219082078","operatorname":"Keolis Argenteuil Boucles de Seine","shortname":"8","bookingrules":null,"mode":"Bus","nom_commune":"Argenteuil","code_insee":"95018"}},{"type":"Feature","geometry":{"type":"Point","coordinates":[2.2269540287286493,48.95614664136595]},"properties":{"id":"IDFM:C00297","route_long_name":"8","stop_id":"IDFM:7453","stop_name":"Pierre de Coubertin","stop_lon":"2.2269540287286493","stop_lat":"48.95614664136595","operatorname":"Keolis Argenteuil Boucles de Seine","shortname":"8","bookingrules":null,"mode":"Bus","nom_commune":"Argenteuil","code_insee":"95018"}},{"type":"Feature","geometry":{"type":"Point","coordinates":[2.1809226862301028,48.944761742810435]},"properties":{"id":"IDFM:C00298","route_long_name":"9","stop_id":"IDFM:7688","stop_name":"Charles de Gaulle","stop_lon":"2.1809226862301028","stop_lat":"48.944761742810435","operatorname":"Keolis Argenteuil Boucles de Seine","shortname":"9","bookingrules":null,"mode":"Bus","nom_commune":"Sartrouville","code_insee":"78586"}},{"type":"Feature","geometry":{"type":"Point","coordinates":[2.202311456293155,48.94152463011088]},"properties":{"id":"IDFM:C00298","route_long_name":"9","stop_id":"IDFM:7662","stop_name":"Condorcet","stop_lon":"2.202311456293155","stop_lat":"48.94152463011088","operatorname":"Keolis Argenteuil Boucles de Seine","shortname":"9","bookingrules":null,"mode":"Bus","nom_commune":"Sartrouville","code_insee":"78586"}},{"type":"Feature","geometry":{"type":"Point","coordinates":[2.2134555078692575,48.94124754901282]},"properties":{"id":"IDFM:C00298","route_long_name":"9","stop_id":"IDFM:7495","stop_name":"Coll\u00e8ge Albert Camus","stop_lon":"2.2134555078692575","stop_lat":"48.94124754901282","operatorname":"Keolis Argenteuil Boucles de Seine","shortname":"9","bookingrules":null,"mode":"Bus","nom_commune":"Argenteuil","code_insee":"95018"}},{"type":"Feature","geometry":{"type":"Point","coordinates":[2.237417153153978,48.940116398621896]},"properties":{"id":"IDFM:C00298","route_long_name":"9","stop_id":"IDFM:7515","stop_name":"Jean Moulin","stop_lon":"2.237417153153978","stop_lat":"48.940116398621896","operatorname":"Keolis Argenteuil Boucles de Seine","shortname":"9","bookingrules":null,"mode":"Bus","nom_commune":"Argenteuil","code_insee":"95018"}},{"type":"Feature","geometry":{"type":"Point","coordinates":[2.233435434527387,48.93981221871926]},"properties":{"id":"IDFM:C00298","route_long_name":"9","stop_id":"IDFM:7432","stop_name":"Maurice Utrillo","stop_lon":"2.233435434527387","stop_lat":"48.93981221871926","operatorname":"Keolis Argenteuil Boucles de Seine","shortname":"9","bookingrules":null,"mode":"Bus","nom_commune":"Argenteuil","code_insee":"95018"}},{"type":"Feature","geometry":{"type":"Point","coordinates":[2.1394556062070236,48.86246977665153]},"properties":{"id":"IDFM:C01755","route_long_name":"D","stop_id":"IDFM:34378","stop_name":"Poste","stop_lon":"2.1394556062070236","stop_lat":"48.86246977665153","operatorname":"Keolis Argenteuil Boucles de Seine","shortname":"D","bookingrules":null,"mode":"Bus","nom_commune":"Bougival","code_insee":"78092"}},{"type":"Feature","geometry":{"type":"Point","coordinates":[2.1289997980514697,48.83397365046153]},"properties":{"id":"IDFM:C01755","route_long_name":"D","stop_id":"IDFM:20387","stop_name":"Bel Air","stop_lon":"2.1289997980514697","stop_lat":"48.83397365046153","operatorname":"Keolis Argenteuil Boucles de Seine","shortname":"D","bookingrules":null,"mode":"Bus","nom_commune":"Le Chesnay-Rocquencourt","code_insee":"78158"}},{"type":"Feature","geometry":{"type":"Point","coordinates":[2.1282095224653594,48.83072107587977]},"properties":{"id":"IDFM:C01755","route_long_name":"D","stop_id":"IDFM:4345","stop_name":"H\u00f4pital Andr\u00e9 Mignot - Les Ch\u00eanes d'Or","stop_lon":"2.1282095224653594","stop_lat":"48.83072107587977","operatorname":"Keolis Argenteuil Boucles de Seine","shortname":"D","bookingrules":null,"mode":"Bus","nom_commune":"Le Chesnay-Rocquencourt","code_insee":"78158"}},{"type":"Feature","geometry":{"type":"Point","coordinates":[2.128548400251577,48.830822479220686]},"properties":{"id":"IDFM:C01755","route_long_name":"D","stop_id":"IDFM:4346","stop_name":"H\u00f4pital Andr\u00e9 Mignot - Les Ch\u00eanes d'Or","stop_lon":"2.128548400251577","stop_lat":"48.830822479220686","operatorname":"Keolis Argenteuil Boucles de Seine","shortname":"D","bookingrules":null,"mode":"Bus","nom_commune":"Le Chesnay-Rocquencourt","code_insee":"78158"}},{"type":"Feature","geometry":{"type":"Point","coordinates":[2.1292455969182997,48.83393946443305]},"properties":{"id":"IDFM:C01755","route_long_name":"D","stop_id":"IDFM:20389","stop_name":"Bel Air","stop_lon":"2.1292455969182997","stop_lat":"48.83393946443305","operatorname":"Keolis Argenteuil Boucles de Seine","shortname":"D","bookingrules":null,"mode":"Bus","nom_commune":"Le Chesnay-Rocquencourt","code_insee":"78158"}},{"type":"Feature","geometry":{"type":"Point","coordinates":[2.1322439371673627,48.848603285294224]},"properties":{"id":"IDFM:C01755","route_long_name":"D","stop_id":"IDFM:32355","stop_name":"Grande Terre","stop_lon":"2.1322439371673627","stop_lat":"48.848603285294224","operatorname":"Keolis Argenteuil Boucles de Seine","shortname":"D","bookingrules":null,"mode":"Bus","nom_commune":"La Celle-Saint-Cloud","code_insee":"78126"}},{"type":"Feature","geometry":{"type":"Point","coordinates":[2.138207470150381,48.85799091862154]},"properties":{"id":"IDFM:C01755","route_long_name":"D","stop_id":"IDFM:32215","stop_name":"Square de la Drionne","stop_lon":"2.138207470150381","stop_lat":"48.85799091862154","operatorname":"Keolis Argenteuil Boucles de Seine","shortname":"D","bookingrules":null,"mode":"Bus","nom_commune":"Bougival","code_insee":"78092"}},{"type":"Feature","geometry":{"type":"Point","coordinates":[2.1408186253702097,48.875700220836436]},"properties":{"id":"IDFM:C01755","route_long_name":"D","stop_id":"IDFM:32155","stop_name":"Les Moulins","stop_lon":"2.1408186253702097","stop_lat":"48.875700220836436","operatorname":"Keolis Argenteuil Boucles de Seine","shortname":"D","bookingrules":null,"mode":"Bus","nom_commune":"Croissy-sur-Seine","code_insee":"78190"}},{"type":"Feature","geometry":{"type":"Point","coordinates":[2.143799284949786,48.881000797432385]},"properties":{"id":"IDFM:C01755","route_long_name":"D","stop_id":"IDFM:32227","stop_name":"Verdun","stop_lon":"2.143799284949786","stop_lat":"48.881000797432385","operatorname":"Keolis Argenteuil Boucles de Seine","shortname":"D","bookingrules":null,"mode":"Bus","nom_commune":"Croissy-sur-Seine","code_insee":"78190"}},{"type":"Feature","geometry":{"type":"Point","coordinates":[2.1836813384576597,48.93253207366784]},"properties":{"id":"IDFM:C01775","route_long_name":"S6","stop_id":"IDFM:16915","stop_name":"Cimeti\u00e8re","stop_lon":"2.1836813384576597","stop_lat":"48.93253207366784","operatorname":"Keolis Argenteuil Boucles de Seine","shortname":"S6","bookingrules":null,"mode":"Bus","nom_commune":"Houilles","code_insee":"78311"}},{"type":"Feature","geometry":{"type":"Point","coordinates":[2.1930029572040395,48.926434945629275]},"properties":{"id":"IDFM:C01775","route_long_name":"S6","stop_id":"IDFM:471412","stop_name":"Les Blanches","stop_lon":"2.1930029572040395","stop_lat":"48.926434945629275","operatorname":"Keolis Argenteuil Boucles de Seine","shortname":"S6","bookingrules":null,"mode":"Bus","nom_commune":"Houilles","code_insee":"78311"}},{"type":"Feature","geometry":{"type":"Point","coordinates":[2.1927888378478047,48.92000341329566]},"properties":{"id":"IDFM:C01775","route_long_name":"S6","stop_id":"IDFM:40250","stop_name":"Jean Jaur\u00e8s","stop_lon":"2.1927888378478047","stop_lat":"48.92000341329566","operatorname":"Keolis Argenteuil Boucles de Seine","shortname":"S6","bookingrules":null,"mode":"Bus","nom_commune":"Houilles","code_insee":"78311"}},{"type":"Feature","geometry":{"type":"Point","coordinates":[2.1718938599067172,48.9141681147953]},"properties":{"id":"IDFM:C01775","route_long_name":"S6","stop_id":"IDFM:23955","stop_name":"Lyc\u00e9e Les Pierres Vives","stop_lon":"2.1718938599067172","stop_lat":"48.9141681147953","operatorname":"Keolis Argenteuil Boucles de Seine","shortname":"S6","bookingrules":null,"mode":"Bus","nom_commune":"Carri\u00e8res-sur-Seine","code_insee":"78124"}},{"type":"Feature","geometry":{"type":"Point","coordinates":[2.1653679195038995,48.818259697571925]},"properties":{"id":"IDFM:C01491","route_long_name":"37","stop_id":"IDFM:36036","stop_name":"Fausses Reposes","stop_lon":"2.1653679195038995","stop_lat":"48.818259697571925","operatorname":"Keolis Argenteuil Boucles de Seine","shortname":"37","bookingrules":null,"mode":"Bus","nom_commune":"Ville-d'Avray","code_insee":"92077"}},{"type":"Feature","geometry":{"type":"Point","coordinates":[2.1821735312053847,48.82179354058316]},"properties":{"id":"IDFM:C01491","route_long_name":"37","stop_id":"IDFM:477750","stop_name":"Les \u00c9tangs","stop_lon":"2.1821735312053847","stop_lat":"48.82179354058316","operatorname":"Keolis Argenteuil Boucles de Seine","shortname":"37","bookingrules":null,"mode":"Bus","nom_commune":"Ville-d'Avray","code_insee":"92077"}},{"type":"Feature","geometry":{"type":"Point","coordinates":[2.214330623104897,48.84715590318639]},"properties":{"id":"IDFM:C01492","route_long_name":"40","stop_id":"IDFM:2384","stop_name":"Montretout","stop_lon":"2.214330623104897","stop_lat":"48.84715590318639","operatorname":"Keolis Argenteuil Boucles de Seine","shortname":"40","bookingrules":null,"mode":"Bus","nom_commune":"Saint-Cloud","code_insee":"92064"}},{"type":"Feature","geometry":{"type":"Point","coordinates":[2.2112088567188026,48.85713634920165]},"properties":{"id":"IDFM:C01492","route_long_name":"40","stop_id":"IDFM:21195","stop_name":"La B\u00e9rang\u00e8re","stop_lon":"2.2112088567188026","stop_lat":"48.85713634920165","operatorname":"Keolis Argenteuil Boucles de Seine","shortname":"40","bookingrules":null,"mode":"Bus","nom_commune":"Saint-Cloud","code_insee":"92064"}},{"type":"Feature","geometry":{"type":"Point","coordinates":[2.221230693337654,48.86689709497962]},"properties":{"id":"IDFM:C01492","route_long_name":"40","stop_id":"IDFM:30176","stop_name":"Suresnes - Longchamp","stop_lon":"2.221230693337654","stop_lat":"48.86689709497962","operatorname":"Keolis Argenteuil Boucles de Seine","shortname":"40","bookingrules":null,"mode":"Bus","nom_commune":"Suresnes","code_insee":"92073"}},{"type":"Feature","geometry":{"type":"Point","coordinates":[2.225016541591781,48.870824866335255]},"properties":{"id":"IDFM:C01492","route_long_name":"40","stop_id":"IDFM:7937","stop_name":"Mairie de Suresnes","stop_lon":"2.225016541591781","stop_lat":"48.870824866335255","operatorname":"Keolis Argenteuil Boucles de Seine","shortname":"40","bookingrules":null,"mode":"Bus","nom_commune":"Suresnes","code_insee":"92073"}},{"type":"Feature","geometry":{"type":"Point","coordinates":[2.230459614319606,48.87151651138065]},"properties":{"id":"IDFM:C01492","route_long_name":"40","stop_id":"IDFM:34190","stop_name":"Pages","stop_lon":"2.230459614319606","stop_lat":"48.87151651138065","operatorname":"Keolis Argenteuil Boucles de Seine","shortname":"40","bookingrules":null,"mode":"Bus","nom_commune":"Suresnes","code_insee":"92073"}},{"type":"Feature","geometry":{"type":"Point","coordinates":[2.2333186492017725,48.87363933795324]},"properties":{"id":"IDFM:C01492","route_long_name":"40","stop_id":"IDFM:7936","stop_name":"Commandant Rivi\u00e8re","stop_lon":"2.2333186492017725","stop_lat":"48.87363933795324","operatorname":"Keolis Argenteuil Boucles de Seine","shortname":"40","bookingrules":null,"mode":"Bus","nom_commune":"Suresnes","code_insee":"92073"}},{"type":"Feature","geometry":{"type":"Point","coordinates":[2.20464196998804,48.848036227336266]},"properties":{"id":"IDFM:C01492","route_long_name":"40","stop_id":"IDFM:29264","stop_name":"Cimeti\u00e8re","stop_lon":"2.20464196998804","stop_lat":"48.848036227336266","operatorname":"Keolis Argenteuil Boucles de Seine","shortname":"40","bookingrules":null,"mode":"Bus","nom_commune":"Saint-Cloud","code_insee":"92064"}},{"type":"Feature","geometry":{"type":"Point","coordinates":[2.17139671600727,48.862263498121436]},"properties":{"id":"IDFM:C01492","route_long_name":"40","stop_id":"IDFM:36756","stop_name":"Saint-Cucufa","stop_lon":"2.17139671600727","stop_lat":"48.862263498121436","operatorname":"Keolis Argenteuil Boucles de Seine","shortname":"40","bookingrules":null,"mode":"Bus","nom_commune":"Rueil-Malmaison","code_insee":"92063"}},{"type":"Feature","geometry":{"type":"Point","coordinates":[2.1156300273534936,48.89769482221307]},"properties":{"id":"IDFM:C02264","route_long_name":"20","stop_id":"IDFM:32192","stop_name":"R\u00e9publique","stop_lon":"2.1156300273534936","stop_lat":"48.89769482221307","operatorname":"Keolis Argenteuil Boucles de Seine","shortname":"20","bookingrules":null,"mode":"Bus","nom_commune":"Le V\u00e9sinet","code_insee":"78650"}},{"type":"Feature","geometry":{"type":"Point","coordinates":[2.115430448041923,48.89659614823104]},"properties":{"id":"IDFM:C02264","route_long_name":"20","stop_id":"IDFM:32290","stop_name":"Route de Croissy","stop_lon":"2.115430448041923","stop_lat":"48.89659614823104","operatorname":"Keolis Argenteuil Boucles de Seine","shortname":"20","bookingrules":null,"mode":"Bus","nom_commune":"Le Pecq","code_insee":"78481"}},{"type":"Feature","geometry":{"type":"Point","coordinates":[2.1346118808745826,48.88654670016052]},"properties":{"id":"IDFM:C02264","route_long_name":"20","stop_id":"IDFM:32183","stop_name":"Pr\u00e9sident Roosevelt","stop_lon":"2.1346118808745826","stop_lat":"48.88654670016052","operatorname":"Keolis Argenteuil Boucles de Seine","shortname":"20","bookingrules":null,"mode":"Bus","nom_commune":"Le V\u00e9sinet","code_insee":"78650"}},{"type":"Feature","geometry":{"type":"Point","coordinates":[2.115358389823936,48.889598691682075]},"properties":{"id":"IDFM:C02264","route_long_name":"20","stop_id":"IDFM:34462","stop_name":"Hameau Sisley Coll\u00e8ge Pierre et Marie Curie","stop_lon":"2.115358389823936","stop_lat":"48.889598691682075","operatorname":"Keolis Argenteuil Boucles de Seine","shortname":"20","bookingrules":null,"mode":"Bus","nom_commune":"Le Pecq","code_insee":"78481"}},{"type":"Feature","geometry":{"type":"Point","coordinates":[2.112934295772627,48.89339399842567]},"properties":{"id":"IDFM:C02264","route_long_name":"20","stop_id":"IDFM:411675","stop_name":"Pr\u00e9sident Wilson","stop_lon":"2.112934295772627","stop_lat":"48.89339399842567","operatorname":"Keolis Argenteuil Boucles de Seine","shortname":"20","bookingrules":null,"mode":"Bus","nom_commune":"Le Pecq","code_insee":"78481"}},{"type":"Feature","geometry":{"type":"Point","coordinates":[2.1832457034436916,48.91159304352977]},"properties":{"id":"IDFM:C02142","route_long_name":"L","stop_id":"IDFM:32206","stop_name":"Salle des F\u00eates","stop_lon":"2.1832457034436916","stop_lat":"48.91159304352977","operatorname":"Keolis Argenteuil Boucles de Seine","shortname":"L","bookingrules":null,"mode":"Bus","nom_commune":"Carri\u00e8res-sur-Seine","code_insee":"78124"}},{"type":"Feature","geometry":{"type":"Point","coordinates":[2.180124683232546,48.911373872150584]},"properties":{"id":"IDFM:C02142","route_long_name":"L","stop_id":"IDFM:32245","stop_name":"Mar\u00e9chal Juin","stop_lon":"2.180124683232546","stop_lat":"48.911373872150584","operatorname":"Keolis Argenteuil Boucles de Seine","shortname":"L","bookingrules":null,"mode":"Bus","nom_commune":"Carri\u00e8res-sur-Seine","code_insee":"78124"}},{"type":"Feature","geometry":{"type":"Point","coordinates":[2.1580118552544767,48.905221957222544]},"properties":{"id":"IDFM:C02142","route_long_name":"L","stop_id":"IDFM:474313","stop_name":"Europe","stop_lon":"2.1580118552544767","stop_lat":"48.905221957222544","operatorname":"Keolis Argenteuil Boucles de Seine","shortname":"L","bookingrules":null,"mode":"Bus","nom_commune":"Chatou","code_insee":"78146"}},{"type":"Feature","geometry":{"type":"Point","coordinates":[2.1598278220516254,48.90597216108702]},"properties":{"id":"IDFM:C02142","route_long_name":"L","stop_id":"IDFM:32139","stop_name":"Mayoly","stop_lon":"2.1598278220516254","stop_lat":"48.90597216108702","operatorname":"Keolis Argenteuil Boucles de Seine","shortname":"L","bookingrules":null,"mode":"Bus","nom_commune":"Chatou","code_insee":"78146"}},{"type":"Feature","geometry":{"type":"Point","coordinates":[2.1750352558113275,48.90708511459551]},"properties":{"id":"IDFM:C02142","route_long_name":"L","stop_id":"IDFM:32133","stop_name":"\u00c9galit\u00e9","stop_lon":"2.1750352558113275","stop_lat":"48.90708511459551","operatorname":"Keolis Argenteuil Boucles de Seine","shortname":"L","bookingrules":null,"mode":"Bus","nom_commune":"Carri\u00e8res-sur-Seine","code_insee":"78124"}},{"type":"Feature","geometry":{"type":"Point","coordinates":[2.1769707164978467,48.91151412288015]},"properties":{"id":"IDFM:C02142","route_long_name":"L","stop_id":"IDFM:32087","stop_name":"Grande Rue","stop_lon":"2.1769707164978467","stop_lat":"48.91151412288015","operatorname":"Keolis Argenteuil Boucles de Seine","shortname":"L","bookingrules":null,"mode":"Bus","nom_commune":"Carri\u00e8res-sur-Seine","code_insee":"78124"}},{"type":"Feature","geometry":{"type":"Point","coordinates":[2.1842695401348915,48.913299740613105]},"properties":{"id":"IDFM:C02142","route_long_name":"L","stop_id":"IDFM:32372","stop_name":"Maurice Berteaux","stop_lon":"2.1842695401348915","stop_lat":"48.913299740613105","operatorname":"Keolis Argenteuil Boucles de Seine","shortname":"L","bookingrules":null,"mode":"Bus","nom_commune":"Carri\u00e8res-sur-Seine","code_insee":"78124"}},{"type":"Feature","geometry":{"type":"Point","coordinates":[2.160879794582938,48.889800444834314]},"properties":{"id":"IDFM:C02144","route_long_name":"T","stop_id":"IDFM:32200","stop_name":"Rue du Port","stop_lon":"2.160879794582938","stop_lat":"48.889800444834314","operatorname":"Keolis Argenteuil Boucles de Seine","shortname":"T","bookingrules":null,"mode":"Bus","nom_commune":"Chatou","code_insee":"78146"}},{"type":"Feature","geometry":{"type":"Point","coordinates":[2.1621965866408837,48.899504556006995]},"properties":{"id":"IDFM:C02144","route_long_name":"T","stop_id":"IDFM:32025","stop_name":"Carri\u00e8res Bellevue","stop_lon":"2.1621965866408837","stop_lat":"48.899504556006995","operatorname":"Keolis Argenteuil Boucles de Seine","shortname":"T","bookingrules":null,"mode":"Bus","nom_commune":"Chatou","code_insee":"78146"}},{"type":"Feature","geometry":{"type":"Point","coordinates":[2.1512222462296884,48.9024490533718]},"properties":{"id":"IDFM:C02144","route_long_name":"T","stop_id":"IDFM:32125","stop_name":"Maurice de Vlaminck","stop_lon":"2.1512222462296884","stop_lat":"48.9024490533718","operatorname":"Keolis Argenteuil Boucles de Seine","shortname":"T","bookingrules":null,"mode":"Bus","nom_commune":"Chatou","code_insee":"78146"}},{"type":"Feature","geometry":{"type":"Point","coordinates":[2.149854145469688,48.901854781919496]},"properties":{"id":"IDFM:C02144","route_long_name":"T","stop_id":"IDFM:32195","stop_name":"Ribot Barbier","stop_lon":"2.149854145469688","stop_lat":"48.901854781919496","operatorname":"Keolis Argenteuil Boucles de Seine","shortname":"T","bookingrules":null,"mode":"Bus","nom_commune":"Chatou","code_insee":"78146"}},{"type":"Feature","geometry":{"type":"Point","coordinates":[2.15771950962371,48.900525376820696]},"properties":{"id":"IDFM:C02144","route_long_name":"T","stop_id":"IDFM:41762","stop_name":"Marolles Bouvets","stop_lon":"2.15771950962371","stop_lat":"48.900525376820696","operatorname":"Keolis Argenteuil Boucles de Seine","shortname":"T","bookingrules":null,"mode":"Bus","nom_commune":"Chatou","code_insee":"78146"}},{"type":"Feature","geometry":{"type":"Point","coordinates":[2.1619992993686212,48.900744259440415]},"properties":{"id":"IDFM:C02144","route_long_name":"T","stop_id":"IDFM:32108","stop_name":"Jean Jaur\u00e8s","stop_lon":"2.1619992993686212","stop_lat":"48.900744259440415","operatorname":"Keolis Argenteuil Boucles de Seine","shortname":"T","bookingrules":null,"mode":"Bus","nom_commune":"Chatou","code_insee":"78146"}},{"type":"Feature","geometry":{"type":"Point","coordinates":[2.1639281560390393,48.89700750553382]},"properties":{"id":"IDFM:C02144","route_long_name":"T","stop_id":"IDFM:32072","stop_name":"Gambetta","stop_lon":"2.1639281560390393","stop_lat":"48.89700750553382","operatorname":"Keolis Argenteuil Boucles de Seine","shortname":"T","bookingrules":null,"mode":"Bus","nom_commune":"Chatou","code_insee":"78146"}},{"type":"Feature","geometry":{"type":"Point","coordinates":[2.1531625940469366,48.8905105585651]},"properties":{"id":"IDFM:C02145","route_long_name":"S3","stop_id":"IDFM:32163","stop_name":"Paul Bert","stop_lon":"2.1531625940469366","stop_lat":"48.8905105585651","operatorname":"Keolis Argenteuil Boucles de Seine","shortname":"S3","bookingrules":null,"mode":"Bus","nom_commune":"Chatou","code_insee":"78146"}},{"type":"Feature","geometry":{"type":"Point","coordinates":[2.1575133151178254,48.90062285351396]},"properties":{"id":"IDFM:C02145","route_long_name":"S3","stop_id":"IDFM:32130","stop_name":"Marolles Bouvets","stop_lon":"2.1575133151178254","stop_lat":"48.90062285351396","operatorname":"Keolis Argenteuil Boucles de Seine","shortname":"S3","bookingrules":null,"mode":"Bus","nom_commune":"Chatou","code_insee":"78146"}},{"type":"Feature","geometry":{"type":"Point","coordinates":[2.1556209896532272,48.90291182586972]},"properties":{"id":"IDFM:C02145","route_long_name":"S3","stop_id":"IDFM:32137","stop_name":"Renoir","stop_lon":"2.1556209896532272","stop_lat":"48.90291182586972","operatorname":"Keolis Argenteuil Boucles de Seine","shortname":"S3","bookingrules":null,"mode":"Bus","nom_commune":"Chatou","code_insee":"78146"}},{"type":"Feature","geometry":{"type":"Point","coordinates":[2.1512222462296884,48.9024490533718]},"properties":{"id":"IDFM:C02145","route_long_name":"S3","stop_id":"IDFM:32125","stop_name":"Maurice de Vlaminck","stop_lon":"2.1512222462296884","stop_lat":"48.9024490533718","operatorname":"Keolis Argenteuil Boucles de Seine","shortname":"S3","bookingrules":null,"mode":"Bus","nom_commune":"Chatou","code_insee":"78146"}},{"type":"Feature","geometry":{"type":"Point","coordinates":[2.1497573442126434,48.90193503500895]},"properties":{"id":"IDFM:C02145","route_long_name":"S3","stop_id":"IDFM:32194","stop_name":"Ribot Barbier","stop_lon":"2.1497573442126434","stop_lat":"48.90193503500895","operatorname":"Keolis Argenteuil Boucles de Seine","shortname":"S3","bookingrules":null,"mode":"Bus","nom_commune":"Chatou","code_insee":"78146"}},{"type":"Feature","geometry":{"type":"Point","coordinates":[2.147744575724744,48.90072461149277]},"properties":{"id":"IDFM:C02145","route_long_name":"S3","stop_id":"IDFM:32061","stop_name":"Place du Docteur Roux","stop_lon":"2.147744575724744","stop_lat":"48.90072461149277","operatorname":"Keolis Argenteuil Boucles de Seine","shortname":"S3","bookingrules":null,"mode":"Bus","nom_commune":"Chatou","code_insee":"78146"}},{"type":"Feature","geometry":{"type":"Point","coordinates":[2.1467624320937357,48.898226451102296]},"properties":{"id":"IDFM:C02145","route_long_name":"S3","stop_id":"IDFM:32050","stop_name":"Cormiers Ricard","stop_lon":"2.1467624320937357","stop_lat":"48.898226451102296","operatorname":"Keolis Argenteuil Boucles de Seine","shortname":"S3","bookingrules":null,"mode":"Bus","nom_commune":"Chatou","code_insee":"78146"}},{"type":"Feature","geometry":{"type":"Point","coordinates":[2.143453077309446,48.89873343807057]},"properties":{"id":"IDFM:C02145","route_long_name":"S3","stop_id":"IDFM:32114","stop_name":"Sabinettes","stop_lon":"2.143453077309446","stop_lat":"48.89873343807057","operatorname":"Keolis Argenteuil Boucles de Seine","shortname":"S3","bookingrules":null,"mode":"Bus","nom_commune":"Chatou","code_insee":"78146"}},{"type":"Feature","geometry":{"type":"Point","coordinates":[2.1420005255792973,48.90079151961542]},"properties":{"id":"IDFM:C02145","route_long_name":"S3","stop_id":"IDFM:32116","stop_name":"Stade Finalt\u00e9ri","stop_lon":"2.1420005255792973","stop_lat":"48.90079151961542","operatorname":"Keolis Argenteuil Boucles de Seine","shortname":"S3","bookingrules":null,"mode":"Bus","nom_commune":"Chatou","code_insee":"78146"}},{"type":"Feature","geometry":{"type":"Point","coordinates":[2.1292042438965946,48.90980943600082]},"properties":{"id":"IDFM:C02145","route_long_name":"S3","stop_id":"IDFM:32053","stop_name":"Cormeilles","stop_lon":"2.1292042438965946","stop_lat":"48.90980943600082","operatorname":"Keolis Argenteuil Boucles de Seine","shortname":"S3","bookingrules":null,"mode":"Bus","nom_commune":"Chatou","code_insee":"78146"}},{"type":"Feature","geometry":{"type":"Point","coordinates":[2.136843449390995,48.90988271209638]},"properties":{"id":"IDFM:C02145","route_long_name":"S3","stop_id":"IDFM:32204","stop_name":"Sablons Darcis","stop_lon":"2.136843449390995","stop_lat":"48.90988271209638","operatorname":"Keolis Argenteuil Boucles de Seine","shortname":"S3","bookingrules":null,"mode":"Bus","nom_commune":"Chatou","code_insee":"78146"}},{"type":"Feature","geometry":{"type":"Point","coordinates":[2.142012848258821,48.9041821066041]},"properties":{"id":"IDFM:C02145","route_long_name":"S3","stop_id":"IDFM:32112","stop_name":"Jules Ferry","stop_lon":"2.142012848258821","stop_lat":"48.9041821066041","operatorname":"Keolis Argenteuil Boucles de Seine","shortname":"S3","bookingrules":null,"mode":"Bus","nom_commune":"Chatou","code_insee":"78146"}},{"type":"Feature","geometry":{"type":"Point","coordinates":[2.1614368407744338,48.89924742451946]},"properties":{"id":"IDFM:C02145","route_long_name":"S3","stop_id":"IDFM:32024","stop_name":"Carri\u00e8res Bellevue","stop_lon":"2.1614368407744338","stop_lat":"48.89924742451946","operatorname":"Keolis Argenteuil Boucles de Seine","shortname":"S3","bookingrules":null,"mode":"Bus","nom_commune":"Chatou","code_insee":"78146"}},{"type":"Feature","geometry":{"type":"Point","coordinates":[2.191271930183885,48.93155832799179]},"properties":{"id":"IDFM:C02629","route_long_name":"N","stop_id":"IDFM:488666","stop_name":"Bruy\u00e8res - Desaix","stop_lon":"2.191271930183885","stop_lat":"48.93155832799179","operatorname":"Keolis Argenteuil Boucles de Seine","shortname":"N","bookingrules":null,"mode":"Bus","nom_commune":"Houilles","code_insee":"78311"}},{"type":"Feature","geometry":{"type":"Point","coordinates":[2.196470948973351,48.922807045436535]},"properties":{"id":"IDFM:C02629","route_long_name":"N","stop_id":"IDFM:490989","stop_name":"Sarrazin - Joffre","stop_lon":"2.196470948973351","stop_lat":"48.922807045436535","operatorname":"Keolis Argenteuil Boucles de Seine","shortname":"N","bookingrules":null,"mode":"Bus","nom_commune":"Houilles","code_insee":"78311"}},{"type":"Feature","geometry":{"type":"Point","coordinates":[2.1885592388274753,48.922582857415]},"properties":{"id":"IDFM:C02629","route_long_name":"N","stop_id":"IDFM:488638","stop_name":"Place du 14 Juillet","stop_lon":"2.1885592388274753","stop_lat":"48.922582857415","operatorname":"Keolis Argenteuil Boucles de Seine","shortname":"N","bookingrules":null,"mode":"Bus","nom_commune":"Houilles","code_insee":"78311"}},{"type":"Feature","geometry":{"type":"Point","coordinates":[2.1901071117865536,48.93010257697206]},"properties":{"id":"IDFM:C02629","route_long_name":"N","stop_id":"IDFM:492925","stop_name":"Champagne","stop_lon":"2.1901071117865536","stop_lat":"48.93010257697206","operatorname":"Keolis Argenteuil Boucles de Seine","shortname":"N","bookingrules":null,"mode":"Bus","nom_commune":"Houilles","code_insee":"78311"}},{"type":"Feature","geometry":{"type":"Point","coordinates":[2.176979927807846,48.92818754098379]},"properties":{"id":"IDFM:C02629","route_long_name":"N","stop_id":"IDFM:488660","stop_name":"Guimier","stop_lon":"2.176979927807846","stop_lat":"48.92818754098379","operatorname":"Keolis Argenteuil Boucles de Seine","shortname":"N","bookingrules":null,"mode":"Bus","nom_commune":"Houilles","code_insee":"78311"}},{"type":"Feature","geometry":{"type":"Point","coordinates":[2.1772243966141263,48.93516785071515]},"properties":{"id":"IDFM:C02730","route_long_name":"26","stop_id":"IDFM:479069","stop_name":"Tocqueville","stop_lon":"2.1772243966141263","stop_lat":"48.93516785071515","operatorname":"Keolis Argenteuil Boucles de Seine","shortname":"26","bookingrules":null,"mode":"Bus","nom_commune":"Sartrouville","code_insee":"78586"}},{"type":"Feature","geometry":{"type":"Point","coordinates":[2.182922416884755,48.94174475651688]},"properties":{"id":"IDFM:C02730","route_long_name":"26","stop_id":"IDFM:7690","stop_name":"Gr\u00e9try","stop_lon":"2.182922416884755","stop_lat":"48.94174475651688","operatorname":"Keolis Argenteuil Boucles de Seine","shortname":"26","bookingrules":null,"mode":"Bus","nom_commune":"Sartrouville","code_insee":"78586"}},{"type":"Feature","geometry":{"type":"Point","coordinates":[2.1862941375394884,48.95223547812471]},"properties":{"id":"IDFM:C02730","route_long_name":"26","stop_id":"IDFM:2238","stop_name":"Les Perriers","stop_lon":"2.1862941375394884","stop_lat":"48.95223547812471","operatorname":"Keolis Argenteuil Boucles de Seine","shortname":"26","bookingrules":null,"mode":"Bus","nom_commune":"Sartrouville","code_insee":"78586"}},{"type":"Feature","geometry":{"type":"Point","coordinates":[2.1828556544119997,48.95207719806858]},"properties":{"id":"IDFM:C02730","route_long_name":"26","stop_id":"IDFM:5370","stop_name":"Trembleaux","stop_lon":"2.1828556544119997","stop_lat":"48.95207719806858","operatorname":"Keolis Argenteuil Boucles de Seine","shortname":"26","bookingrules":null,"mode":"Bus","nom_commune":"Sartrouville","code_insee":"78586"}},{"type":"Feature","geometry":{"type":"Point","coordinates":[2.166002267927142,48.94378654441783]},"properties":{"id":"IDFM:C02730","route_long_name":"26","stop_id":"IDFM:7733","stop_name":"Temple","stop_lon":"2.166002267927142","stop_lat":"48.94378654441783","operatorname":"Keolis Argenteuil Boucles de Seine","shortname":"26","bookingrules":null,"mode":"Bus","nom_commune":"Sartrouville","code_insee":"78586"}},{"type":"Feature","geometry":{"type":"Point","coordinates":[2.161143207362507,48.94117164492694]},"properties":{"id":"IDFM:C02730","route_long_name":"26","stop_id":"IDFM:23983","stop_name":"Poste","stop_lon":"2.161143207362507","stop_lat":"48.94117164492694","operatorname":"Keolis Argenteuil Boucles de Seine","shortname":"26","bookingrules":null,"mode":"Bus","nom_commune":"Sartrouville","code_insee":"78586"}},{"type":"Feature","geometry":{"type":"Point","coordinates":[2.1578119645908873,48.93781186755499]},"properties":{"id":"IDFM:C02730","route_long_name":"26","stop_id":"IDFM:5387","stop_name":"Gare de Sartrouville","stop_lon":"2.1578119645908873","stop_lat":"48.93781186755499","operatorname":"Keolis Argenteuil Boucles de Seine","shortname":"26","bookingrules":null,"mode":"Bus","nom_commune":"Sartrouville","code_insee":"78586"}},{"type":"Feature","geometry":{"type":"Point","coordinates":[2.1658191812733145,48.944135997156025]},"properties":{"id":"IDFM:C02731","route_long_name":"25","stop_id":"IDFM:7734","stop_name":"Temple","stop_lon":"2.1658191812733145","stop_lat":"48.944135997156025","operatorname":"Keolis Argenteuil Boucles de Seine","shortname":"25","bookingrules":null,"mode":"Bus","nom_commune":"Sartrouville","code_insee":"78586"}},{"type":"Feature","geometry":{"type":"Point","coordinates":[2.1682846793478845,48.946194535473396]},"properties":{"id":"IDFM:C02731","route_long_name":"25","stop_id":"IDFM:7729","stop_name":"Docteur Roux","stop_lon":"2.1682846793478845","stop_lat":"48.946194535473396","operatorname":"Keolis Argenteuil Boucles de Seine","shortname":"25","bookingrules":null,"mode":"Bus","nom_commune":"Sartrouville","code_insee":"78586"}},{"type":"Feature","geometry":{"type":"Point","coordinates":[2.171326013289303,48.94725878171875]},"properties":{"id":"IDFM:C02731","route_long_name":"25","stop_id":"IDFM:5377","stop_name":"Martial Dechard","stop_lon":"2.171326013289303","stop_lat":"48.94725878171875","operatorname":"Keolis Argenteuil Boucles de Seine","shortname":"25","bookingrules":null,"mode":"Bus","nom_commune":"Sartrouville","code_insee":"78586"}},{"type":"Feature","geometry":{"type":"Point","coordinates":[2.1727551035615953,48.94668410960945]},"properties":{"id":"IDFM:C02731","route_long_name":"25","stop_id":"IDFM:5376","stop_name":"Mont Olivet","stop_lon":"2.1727551035615953","stop_lat":"48.94668410960945","operatorname":"Keolis Argenteuil Boucles de Seine","shortname":"25","bookingrules":null,"mode":"Bus","nom_commune":"Sartrouville","code_insee":"78586"}},{"type":"Feature","geometry":{"type":"Point","coordinates":[2.1762560668647817,48.94632152058592]},"properties":{"id":"IDFM:C02731","route_long_name":"25","stop_id":"IDFM:5373","stop_name":"Vendanges","stop_lon":"2.1762560668647817","stop_lat":"48.94632152058592","operatorname":"Keolis Argenteuil Boucles de Seine","shortname":"25","bookingrules":null,"mode":"Bus","nom_commune":"Sartrouville","code_insee":"78586"}},{"type":"Feature","geometry":{"type":"Point","coordinates":[2.1934001247694788,48.94923490213697]},"properties":{"id":"IDFM:C02731","route_long_name":"25","stop_id":"IDFM:7693","stop_name":"Jouhaux","stop_lon":"2.1934001247694788","stop_lat":"48.94923490213697","operatorname":"Keolis Argenteuil Boucles de Seine","shortname":"25","bookingrules":null,"mode":"Bus","nom_commune":"Sartrouville","code_insee":"78586"}},{"type":"Feature","geometry":{"type":"Point","coordinates":[2.1938097621646513,48.9421871889229]},"properties":{"id":"IDFM:C02731","route_long_name":"25","stop_id":"IDFM:7709","stop_name":"Paul Bert","stop_lon":"2.1938097621646513","stop_lat":"48.9421871889229","operatorname":"Keolis Argenteuil Boucles de Seine","shortname":"25","bookingrules":null,"mode":"Bus","nom_commune":"Sartrouville","code_insee":"78586"}},{"type":"Feature","geometry":{"type":"Point","coordinates":[2.1618925471816235,48.95397387874829]},"properties":{"id":"IDFM:C02683","route_long_name":"60","stop_id":"IDFM:34917","stop_name":"Les Trois Ch\u00eanes","stop_lon":"2.1618925471816235","stop_lat":"48.95397387874829","operatorname":"Keolis Argenteuil Boucles de Seine","shortname":"60","bookingrules":null,"mode":"Bus","nom_commune":"Maisons-Laffitte","code_insee":"78358"}},{"type":"Feature","geometry":{"type":"Point","coordinates":[2.1640672164900874,48.955454904181735]},"properties":{"id":"IDFM:C02683","route_long_name":"60","stop_id":"IDFM:34919","stop_name":"Place Charlemagne","stop_lon":"2.1640672164900874","stop_lat":"48.955454904181735","operatorname":"Keolis Argenteuil Boucles de Seine","shortname":"60","bookingrules":null,"mode":"Bus","nom_commune":"Maisons-Laffitte","code_insee":"78358"}},{"type":"Feature","geometry":{"type":"Point","coordinates":[2.166811570385431,48.958036978428666]},"properties":{"id":"IDFM:C02683","route_long_name":"60","stop_id":"IDFM:34920","stop_name":"Place Montaigne","stop_lon":"2.166811570385431","stop_lat":"48.958036978428666","operatorname":"Keolis Argenteuil Boucles de Seine","shortname":"60","bookingrules":null,"mode":"Bus","nom_commune":"Maisons-Laffitte","code_insee":"78358"}},{"type":"Feature","geometry":{"type":"Point","coordinates":[2.1640918205739514,48.92844006999559]},"properties":{"id":"IDFM:C02684","route_long_name":"61","stop_id":"IDFM:13112","stop_name":"Lyc\u00e9e Evariste Galois","stop_lon":"2.1640918205739514","stop_lat":"48.92844006999559","operatorname":"Keolis Argenteuil Boucles de Seine","shortname":"61","bookingrules":null,"mode":"Bus","nom_commune":"Sartrouville","code_insee":"78586"}},{"type":"Feature","geometry":{"type":"Point","coordinates":[2.1389878637276096,48.94437794003013]},"properties":{"id":"IDFM:C02685","route_long_name":"62","stop_id":"IDFM:34934","stop_name":"Rue des Loges","stop_lon":"2.1389878637276096","stop_lat":"48.94437794003013","operatorname":"Keolis Argenteuil Boucles de Seine","shortname":"62","bookingrules":null,"mode":"Bus","nom_commune":"Maisons-Laffitte","code_insee":"78358"}},{"type":"Feature","geometry":{"type":"Point","coordinates":[2.126510805307902,48.94185055420012]},"properties":{"id":"IDFM:C02685","route_long_name":"62","stop_id":"IDFM:420897","stop_name":"Cit\u00e9 des Tilleuls","stop_lon":"2.126510805307902","stop_lat":"48.94185055420012","operatorname":"Keolis Argenteuil Boucles de Seine","shortname":"62","bookingrules":null,"mode":"Bus","nom_commune":"Le Mesnil-le-Roi","code_insee":"78396"}},{"type":"Feature","geometry":{"type":"Point","coordinates":[2.130702469829048,48.93855359196849]},"properties":{"id":"IDFM:C02685","route_long_name":"62","stop_id":"IDFM:34945","stop_name":"Jean Jaur\u00e8s","stop_lon":"2.130702469829048","stop_lat":"48.93855359196849","operatorname":"Keolis Argenteuil Boucles de Seine","shortname":"62","bookingrules":null,"mode":"Bus","nom_commune":"Le Mesnil-le-Roi","code_insee":"78396"}},{"type":"Feature","geometry":{"type":"Point","coordinates":[2.150011131267904,48.946542986765444]},"properties":{"id":"IDFM:C02686","route_long_name":"63","stop_id":"IDFM:29232","stop_name":"Rue du Mesnil","stop_lon":"2.150011131267904","stop_lat":"48.946542986765444","operatorname":"Keolis Argenteuil Boucles de Seine","shortname":"63","bookingrules":null,"mode":"Bus","nom_commune":"Maisons-Laffitte","code_insee":"78358"}},{"type":"Feature","geometry":{"type":"Point","coordinates":[2.163629485091835,48.96059577737408]},"properties":{"id":"IDFM:C02686","route_long_name":"63","stop_id":"IDFM:34922","stop_name":"Mademoiselle Mars","stop_lon":"2.163629485091835","stop_lat":"48.96059577737408","operatorname":"Keolis Argenteuil Boucles de Seine","shortname":"63","bookingrules":null,"mode":"Bus","nom_commune":"Maisons-Laffitte","code_insee":"78358"}},{"type":"Feature","geometry":{"type":"Point","coordinates":[2.153765025510047,48.96001397391462]},"properties":{"id":"IDFM:C02686","route_long_name":"63","stop_id":"IDFM:34924","stop_name":"Place Napol\u00e9on","stop_lon":"2.153765025510047","stop_lat":"48.96001397391462","operatorname":"Keolis Argenteuil Boucles de Seine","shortname":"63","bookingrules":null,"mode":"Bus","nom_commune":"Maisons-Laffitte","code_insee":"78358"}},{"type":"Feature","geometry":{"type":"Point","coordinates":[2.137179527926197,48.95133450858187]},"properties":{"id":"IDFM:C02686","route_long_name":"63","stop_id":"IDFM:34928","stop_name":"Cocteau","stop_lon":"2.137179527926197","stop_lat":"48.95133450858187","operatorname":"Keolis Argenteuil Boucles de Seine","shortname":"63","bookingrules":null,"mode":"Bus","nom_commune":"Maisons-Laffitte","code_insee":"78358"}},{"type":"Feature","geometry":{"type":"Point","coordinates":[2.1332067201703935,48.9439225963491]},"properties":{"id":"IDFM:C02686","route_long_name":"63","stop_id":"IDFM:34936","stop_name":"Rue du Tir","stop_lon":"2.1332067201703935","stop_lat":"48.9439225963491","operatorname":"Keolis Argenteuil Boucles de Seine","shortname":"63","bookingrules":null,"mode":"Bus","nom_commune":"Maisons-Laffitte","code_insee":"78358"}},{"type":"Feature","geometry":{"type":"Point","coordinates":[2.1297589089421933,48.94354688676935]},"properties":{"id":"IDFM:C02686","route_long_name":"63","stop_id":"IDFM:34938","stop_name":"Rue de Romilly","stop_lon":"2.1297589089421933","stop_lat":"48.94354688676935","operatorname":"Keolis Argenteuil Boucles de Seine","shortname":"63","bookingrules":null,"mode":"Bus","nom_commune":"Maisons-Laffitte","code_insee":"78358"}},{"type":"Feature","geometry":{"type":"Point","coordinates":[2.1256392066989926,48.940099544481]},"properties":{"id":"IDFM:C02686","route_long_name":"63","stop_id":"IDFM:34944","stop_name":"Cit\u00e9 des Peupliers","stop_lon":"2.1256392066989926","stop_lat":"48.940099544481","operatorname":"Keolis Argenteuil Boucles de Seine","shortname":"63","bookingrules":null,"mode":"Bus","nom_commune":"Le Mesnil-le-Roi","code_insee":"78396"}},{"type":"Feature","geometry":{"type":"Point","coordinates":[2.1341589085268837,48.93757138590978]},"properties":{"id":"IDFM:C02686","route_long_name":"63","stop_id":"IDFM:35062","stop_name":"Croix Bosset","stop_lon":"2.1341589085268837","stop_lat":"48.93757138590978","operatorname":"Keolis Argenteuil Boucles de Seine","shortname":"63","bookingrules":null,"mode":"Bus","nom_commune":"Le Mesnil-le-Roi","code_insee":"78396"}},{"type":"Feature","geometry":{"type":"Point","coordinates":[2.1846236441510403,48.90985774078718]},"properties":{"id":"IDFM:C02146","route_long_name":"S4","stop_id":"IDFM:32103","stop_name":"Jardins Sportifs","stop_lon":"2.1846236441510403","stop_lat":"48.90985774078718","operatorname":"Keolis Argenteuil Boucles de Seine","shortname":"S4","bookingrules":null,"mode":"Bus","nom_commune":"Carri\u00e8res-sur-Seine","code_insee":"78124"}},{"type":"Feature","geometry":{"type":"Point","coordinates":[2.1334671144991755,48.922556822576276]},"properties":{"id":"IDFM:C02147","route_long_name":"S7","stop_id":"IDFM:32223","stop_name":"Th\u00e9ophile Roussel","stop_lon":"2.1334671144991755","stop_lat":"48.922556822576276","operatorname":"Keolis Argenteuil Boucles de Seine","shortname":"S7","bookingrules":null,"mode":"Bus","nom_commune":"Montesson","code_insee":"78418"}},{"type":"Feature","geometry":{"type":"Point","coordinates":[2.1480910168047718,48.93206852777294]},"properties":{"id":"IDFM:C02147","route_long_name":"S7","stop_id":"IDFM:460449","stop_name":"Montgolfier","stop_lon":"2.1480910168047718","stop_lat":"48.93206852777294","operatorname":"Keolis Argenteuil Boucles de Seine","shortname":"S7","bookingrules":null,"mode":"Bus","nom_commune":"Sartrouville","code_insee":"78586"}},{"type":"Feature","geometry":{"type":"Point","coordinates":[2.1435460587570576,48.929563022659664]},"properties":{"id":"IDFM:C02147","route_long_name":"S7","stop_id":"IDFM:460439","stop_name":"Centre Commercial","stop_lon":"2.1435460587570576","stop_lat":"48.929563022659664","operatorname":"Keolis Argenteuil Boucles de Seine","shortname":"S7","bookingrules":null,"mode":"Bus","nom_commune":"Montesson","code_insee":"78418"}},{"type":"Feature","geometry":{"type":"Point","coordinates":[2.1331261316612946,48.922545362878274]},"properties":{"id":"IDFM:C02147","route_long_name":"S7","stop_id":"IDFM:460477","stop_name":"Th\u00e9ophile Roussel","stop_lon":"2.1331261316612946","stop_lat":"48.922545362878274","operatorname":"Keolis Argenteuil Boucles de Seine","shortname":"S7","bookingrules":null,"mode":"Bus","nom_commune":"Montesson","code_insee":"78418"}},{"type":"Feature","geometry":{"type":"Point","coordinates":[2.141132312567678,48.92778309013487]},"properties":{"id":"IDFM:C02148","route_long_name":"S1","stop_id":"IDFM:32068","stop_name":"Ferdinand Buisson","stop_lon":"2.141132312567678","stop_lat":"48.92778309013487","operatorname":"Keolis Argenteuil Boucles de Seine","shortname":"S1","bookingrules":null,"mode":"Bus","nom_commune":"Montesson","code_insee":"78418"}},{"type":"Feature","geometry":{"type":"Point","coordinates":[2.1480910168047718,48.93206852777294]},"properties":{"id":"IDFM:C02148","route_long_name":"S1","stop_id":"IDFM:460449","stop_name":"Montgolfier","stop_lon":"2.1480910168047718","stop_lat":"48.93206852777294","operatorname":"Keolis Argenteuil Boucles de Seine","shortname":"S1","bookingrules":null,"mode":"Bus","nom_commune":"Sartrouville","code_insee":"78586"}},{"type":"Feature","geometry":{"type":"Point","coordinates":[2.1519730601086446,48.93423641845924]},"properties":{"id":"IDFM:C02148","route_long_name":"S1","stop_id":"IDFM:32218","stop_name":"Strasbourg","stop_lon":"2.1519730601086446","stop_lat":"48.93423641845924","operatorname":"Keolis Argenteuil Boucles de Seine","shortname":"S1","bookingrules":null,"mode":"Bus","nom_commune":"Sartrouville","code_insee":"78586"}},{"type":"Feature","geometry":{"type":"Point","coordinates":[2.1586342710838866,48.93761080259885]},"properties":{"id":"IDFM:C02149","route_long_name":"B","stop_id":"IDFM:32351","stop_name":"Gare de Sartrouville","stop_lon":"2.1586342710838866","stop_lat":"48.93761080259885","operatorname":"Keolis Argenteuil Boucles de Seine","shortname":"B","bookingrules":null,"mode":"Bus","nom_commune":"Sartrouville","code_insee":"78586"}},{"type":"Feature","geometry":{"type":"Point","coordinates":[2.1435460587570576,48.929563022659664]},"properties":{"id":"IDFM:C02149","route_long_name":"B","stop_id":"IDFM:460439","stop_name":"Centre Commercial","stop_lon":"2.1435460587570576","stop_lat":"48.929563022659664","operatorname":"Keolis Argenteuil Boucles de Seine","shortname":"B","bookingrules":null,"mode":"Bus","nom_commune":"Montesson","code_insee":"78418"}},{"type":"Feature","geometry":{"type":"Point","coordinates":[2.1510126612250313,48.90609886375309]},"properties":{"id":"IDFM:C02149","route_long_name":"B","stop_id":"IDFM:32371","stop_name":"Poste","stop_lon":"2.1510126612250313","stop_lat":"48.90609886375309","operatorname":"Keolis Argenteuil Boucles de Seine","shortname":"B","bookingrules":null,"mode":"Bus","nom_commune":"Montesson","code_insee":"78418"}},{"type":"Feature","geometry":{"type":"Point","coordinates":[2.1531625940469366,48.8905105585651]},"properties":{"id":"IDFM:C02149","route_long_name":"B","stop_id":"IDFM:32163","stop_name":"Paul Bert","stop_lon":"2.1531625940469366","stop_lat":"48.8905105585651","operatorname":"Keolis Argenteuil Boucles de Seine","shortname":"B","bookingrules":null,"mode":"Bus","nom_commune":"Chatou","code_insee":"78146"}},{"type":"Feature","geometry":{"type":"Point","coordinates":[2.1700363291868148,48.886905418316104]},"properties":{"id":"IDFM:C02149","route_long_name":"B","stop_id":"IDFM:492657","stop_name":"Gare de Rueil-Malmaison","stop_lon":"2.1700363291868148","stop_lat":"48.886905418316104","operatorname":"Keolis Argenteuil Boucles de Seine","shortname":"B","bookingrules":null,"mode":"Bus","nom_commune":"Rueil-Malmaison","code_insee":"92063"}},{"type":"Feature","geometry":{"type":"Point","coordinates":[2.1581320009614195,48.88935846492753]},"properties":{"id":"IDFM:C02149","route_long_name":"B","stop_id":"IDFM:26635","stop_name":"Mairie","stop_lon":"2.1581320009614195","stop_lat":"48.88935846492753","operatorname":"Keolis Argenteuil Boucles de Seine","shortname":"B","bookingrules":null,"mode":"Bus","nom_commune":"Chatou","code_insee":"78146"}},{"type":"Feature","geometry":{"type":"Point","coordinates":[2.157228626590139,48.91146679122544]},"properties":{"id":"IDFM:C02149","route_long_name":"B","stop_id":"IDFM:32217","stop_name":"Sainte-Honorine","stop_lon":"2.157228626590139","stop_lat":"48.91146679122544","operatorname":"Keolis Argenteuil Boucles de Seine","shortname":"B","bookingrules":null,"mode":"Bus","nom_commune":"Montesson","code_insee":"78418"}},{"type":"Feature","geometry":{"type":"Point","coordinates":[2.147153431872568,48.90599950092945]},"properties":{"id":"IDFM:C02149","route_long_name":"B","stop_id":"IDFM:32336","stop_name":"Aristide Briand","stop_lon":"2.147153431872568","stop_lat":"48.90599950092945","operatorname":"Keolis Argenteuil Boucles de Seine","shortname":"B","bookingrules":null,"mode":"Bus","nom_commune":"Montesson","code_insee":"78418"}},{"type":"Feature","geometry":{"type":"Point","coordinates":[2.152060763779523,48.91043206789756]},"properties":{"id":"IDFM:C02149","route_long_name":"B","stop_id":"IDFM:32230","stop_name":"Victor Hugo","stop_lon":"2.152060763779523","stop_lat":"48.91043206789756","operatorname":"Keolis Argenteuil Boucles de Seine","shortname":"B","bookingrules":null,"mode":"Bus","nom_commune":"Montesson","code_insee":"78418"}},{"type":"Feature","geometry":{"type":"Point","coordinates":[2.143010392570183,48.92893866625447]},"properties":{"id":"IDFM:C02149","route_long_name":"B","stop_id":"IDFM:460440","stop_name":"Centre Commercial","stop_lon":"2.143010392570183","stop_lat":"48.92893866625447","operatorname":"Keolis Argenteuil Boucles de Seine","shortname":"B","bookingrules":null,"mode":"Bus","nom_commune":"Montesson","code_insee":"78418"}},{"type":"Feature","geometry":{"type":"Point","coordinates":[2.1578119645908873,48.93781186755499]},"properties":{"id":"IDFM:C02149","route_long_name":"B","stop_id":"IDFM:5387","stop_name":"Gare de Sartrouville","stop_lon":"2.1578119645908873","stop_lat":"48.93781186755499","operatorname":"Keolis Argenteuil Boucles de Seine","shortname":"B","bookingrules":null,"mode":"Bus","nom_commune":"Sartrouville","code_insee":"78586"}},{"type":"Feature","geometry":{"type":"Point","coordinates":[2.1261686230881005,48.90777282347969]},"properties":{"id":"IDFM:C02150","route_long_name":"F","stop_id":"IDFM:32340","stop_name":"Roger Salengro","stop_lon":"2.1261686230881005","stop_lat":"48.90777282347969","operatorname":"Keolis Argenteuil Boucles de Seine","shortname":"F","bookingrules":null,"mode":"Bus","nom_commune":"Montesson","code_insee":"78418"}},{"type":"Feature","geometry":{"type":"Point","coordinates":[2.124361096485541,48.90654552159231]},"properties":{"id":"IDFM:C02150","route_long_name":"F","stop_id":"IDFM:32144","stop_name":"Stade des Merlettes","stop_lon":"2.124361096485541","stop_lat":"48.90654552159231","operatorname":"Keolis Argenteuil Boucles de Seine","shortname":"F","bookingrules":null,"mode":"Bus","nom_commune":"Montesson","code_insee":"78418"}},{"type":"Feature","geometry":{"type":"Point","coordinates":[2.124457491688169,48.90649226611713]},"properties":{"id":"IDFM:C02150","route_long_name":"F","stop_id":"IDFM:32145","stop_name":"Stade des Merlettes","stop_lon":"2.124457491688169","stop_lat":"48.90649226611713","operatorname":"Keolis Argenteuil Boucles de Seine","shortname":"F","bookingrules":null,"mode":"Bus","nom_commune":"Le V\u00e9sinet","code_insee":"78650"}},{"type":"Feature","geometry":{"type":"Point","coordinates":[2.1342418688425604,48.90962111812374]},"properties":{"id":"IDFM:C02150","route_long_name":"F","stop_id":"IDFM:32058","stop_name":"Curie Pages","stop_lon":"2.1342418688425604","stop_lat":"48.90962111812374","operatorname":"Keolis Argenteuil Boucles de Seine","shortname":"F","bookingrules":null,"mode":"Bus","nom_commune":"Chatou","code_insee":"78146"}},{"type":"Feature","geometry":{"type":"Point","coordinates":[2.1500491690130175,48.91246827997253]},"properties":{"id":"IDFM:C02150","route_long_name":"F","stop_id":"IDFM:474309","stop_name":"La Tour","stop_lon":"2.1500491690130175","stop_lat":"48.91246827997253","operatorname":"Keolis Argenteuil Boucles de Seine","shortname":"F","bookingrules":null,"mode":"Bus","nom_commune":"Montesson","code_insee":"78418"}},{"type":"Feature","geometry":{"type":"Point","coordinates":[2.1878394949292472,48.909241066390656]},"properties":{"id":"IDFM:C02151","route_long_name":"S5","stop_id":"IDFM:32368","stop_name":"3 Buttes","stop_lon":"2.1878394949292472","stop_lat":"48.909241066390656","operatorname":"Keolis Argenteuil Boucles de Seine","shortname":"S5","bookingrules":null,"mode":"Bus","nom_commune":"Carri\u00e8res-sur-Seine","code_insee":"78124"}},{"type":"Feature","geometry":{"type":"Point","coordinates":[2.1752223604660044,48.91766245737526]},"properties":{"id":"IDFM:C02151","route_long_name":"S5","stop_id":"IDFM:32289","stop_name":"Piscine","stop_lon":"2.1752223604660044","stop_lat":"48.91766245737526","operatorname":"Keolis Argenteuil Boucles de Seine","shortname":"S5","bookingrules":null,"mode":"Bus","nom_commune":"Carri\u00e8res-sur-Seine","code_insee":"78124"}},{"type":"Feature","geometry":{"type":"Point","coordinates":[2.1972496777195136,48.91479036247273]},"properties":{"id":"IDFM:C02151","route_long_name":"S5","stop_id":"IDFM:494770","stop_name":"Colombier","stop_lon":"2.1972496777195136","stop_lat":"48.91479036247273","operatorname":"Keolis Argenteuil Boucles de Seine","shortname":"S5","bookingrules":null,"mode":"Bus","nom_commune":"Carri\u00e8res-sur-Seine","code_insee":"78124"}},{"type":"Feature","geometry":{"type":"Point","coordinates":[2.132087649837766,48.90871519028165]},"properties":{"id":"IDFM:C02152","route_long_name":"P","stop_id":"IDFM:32221","stop_name":"Terres Blanches","stop_lon":"2.132087649837766","stop_lat":"48.90871519028165","operatorname":"Keolis Argenteuil Boucles de Seine","shortname":"P","bookingrules":null,"mode":"Bus","nom_commune":"Chatou","code_insee":"78146"}},{"type":"Feature","geometry":{"type":"Point","coordinates":[2.146324938024932,48.91159642990852]},"properties":{"id":"IDFM:C02152","route_long_name":"P","stop_id":"IDFM:32367","stop_name":"Cimeti\u00e8re","stop_lon":"2.146324938024932","stop_lat":"48.91159642990852","operatorname":"Keolis Argenteuil Boucles de Seine","shortname":"P","bookingrules":null,"mode":"Bus","nom_commune":"Montesson","code_insee":"78418"}},{"type":"Feature","geometry":{"type":"Point","coordinates":[2.154844539369084,48.90704328079454]},"properties":{"id":"IDFM:C02152","route_long_name":"P","stop_id":"IDFM:32036","stop_name":"Champs Roger","stop_lon":"2.154844539369084","stop_lat":"48.90704328079454","operatorname":"Keolis Argenteuil Boucles de Seine","shortname":"P","bookingrules":null,"mode":"Bus","nom_commune":"Montesson","code_insee":"78418"}},{"type":"Feature","geometry":{"type":"Point","coordinates":[2.1812056969865856,48.917244845560845]},"properties":{"id":"IDFM:C02152","route_long_name":"P","stop_id":"IDFM:23940","stop_name":"Gandillet","stop_lon":"2.1812056969865856","stop_lat":"48.917244845560845","operatorname":"Keolis Argenteuil Boucles de Seine","shortname":"P","bookingrules":null,"mode":"Bus","nom_commune":"Houilles","code_insee":"78311"}},{"type":"Feature","geometry":{"type":"Point","coordinates":[2.166369218966172,48.91152175583596]},"properties":{"id":"IDFM:C02152","route_long_name":"P","stop_id":"IDFM:32235","stop_name":"Konica JVC","stop_lon":"2.166369218966172","stop_lat":"48.91152175583596","operatorname":"Keolis Argenteuil Boucles de Seine","shortname":"P","bookingrules":null,"mode":"Bus","nom_commune":"Carri\u00e8res-sur-Seine","code_insee":"78124"}},{"type":"Feature","geometry":{"type":"Point","coordinates":[2.147153431872568,48.90599950092945]},"properties":{"id":"IDFM:C02152","route_long_name":"P","stop_id":"IDFM:32336","stop_name":"Aristide Briand","stop_lon":"2.147153431872568","stop_lat":"48.90599950092945","operatorname":"Keolis Argenteuil Boucles de Seine","shortname":"P","bookingrules":null,"mode":"Bus","nom_commune":"Montesson","code_insee":"78418"}},{"type":"Feature","geometry":{"type":"Point","coordinates":[2.132374125027662,48.90871726561633]},"properties":{"id":"IDFM:C02152","route_long_name":"P","stop_id":"IDFM:32220","stop_name":"Terres Blanches","stop_lon":"2.132374125027662","stop_lat":"48.90871726561633","operatorname":"Keolis Argenteuil Boucles de Seine","shortname":"P","bookingrules":null,"mode":"Bus","nom_commune":"Chatou","code_insee":"78146"}},{"type":"Feature","geometry":{"type":"Point","coordinates":[2.154844539369084,48.90704328079454]},"properties":{"id":"IDFM:C02153","route_long_name":"S2","stop_id":"IDFM:32036","stop_name":"Champs Roger","stop_lon":"2.154844539369084","stop_lat":"48.90704328079454","operatorname":"Keolis Argenteuil Boucles de Seine","shortname":"S2","bookingrules":null,"mode":"Bus","nom_commune":"Montesson","code_insee":"78418"}},{"type":"Feature","geometry":{"type":"Point","coordinates":[2.159223657844798,48.90874685269566]},"properties":{"id":"IDFM:C02153","route_long_name":"S2","stop_id":"IDFM:411958","stop_name":"Le Montoir","stop_lon":"2.159223657844798","stop_lat":"48.90874685269566","operatorname":"Keolis Argenteuil Boucles de Seine","shortname":"S2","bookingrules":null,"mode":"Bus","nom_commune":"Montesson","code_insee":"78418"}},{"type":"Feature","geometry":{"type":"Point","coordinates":[2.1531565964855783,48.911842771536946]},"properties":{"id":"IDFM:C02153","route_long_name":"S2","stop_id":"IDFM:32107","stop_name":"Jean Mac\u00e9","stop_lon":"2.1531565964855783","stop_lat":"48.911842771536946","operatorname":"Keolis Argenteuil Boucles de Seine","shortname":"S2","bookingrules":null,"mode":"Bus","nom_commune":"Montesson","code_insee":"78418"}},{"type":"Feature","geometry":{"type":"Point","coordinates":[2.152760963007997,48.911839974060904]},"properties":{"id":"IDFM:C02153","route_long_name":"S2","stop_id":"IDFM:32343","stop_name":"Jean Mac\u00e9","stop_lon":"2.152760963007997","stop_lat":"48.911839974060904","operatorname":"Keolis Argenteuil Boucles de Seine","shortname":"S2","bookingrules":null,"mode":"Bus","nom_commune":"Montesson","code_insee":"78418"}},{"type":"Feature","geometry":{"type":"Point","coordinates":[2.1506298321210906,48.906150109618196]},"properties":{"id":"IDFM:C02153","route_long_name":"S2","stop_id":"IDFM:32370","stop_name":"Poste","stop_lon":"2.1506298321210906","stop_lat":"48.906150109618196","operatorname":"Keolis Argenteuil Boucles de Seine","shortname":"S2","bookingrules":null,"mode":"Bus","nom_commune":"Montesson","code_insee":"78418"}},{"type":"Feature","geometry":{"type":"Point","coordinates":[2.1500491690130175,48.91246827997253]},"properties":{"id":"IDFM:C02153","route_long_name":"S2","stop_id":"IDFM:474309","stop_name":"La Tour","stop_lon":"2.1500491690130175","stop_lat":"48.91246827997253","operatorname":"Keolis Argenteuil Boucles de Seine","shortname":"S2","bookingrules":null,"mode":"Bus","nom_commune":"Montesson","code_insee":"78418"}},{"type":"Feature","geometry":{"type":"Point","coordinates":[2.2574492581830063,48.946420289919644]},"properties":{"id":"IDFM:C00303","route_long_name":"18","stop_id":"IDFM:7477","stop_name":"Gare d'Argenteuil","stop_lon":"2.2574492581830063","stop_lat":"48.946420289919644","operatorname":"Keolis Argenteuil Boucles de Seine","shortname":"18","bookingrules":null,"mode":"Bus","nom_commune":"Argenteuil","code_insee":"95018"}},{"type":"Feature","geometry":{"type":"Point","coordinates":[2.2521491026664173,48.96085677856653]},"properties":{"id":"IDFM:C00303","route_long_name":"18","stop_id":"IDFM:7445","stop_name":"Ch\u00e2taigniers","stop_lon":"2.2521491026664173","stop_lat":"48.96085677856653","operatorname":"Keolis Argenteuil Boucles de Seine","shortname":"18","bookingrules":null,"mode":"Bus","nom_commune":"Argenteuil","code_insee":"95018"}},{"type":"Feature","geometry":{"type":"Point","coordinates":[2.248301614482388,48.96059890969953]},"properties":{"id":"IDFM:C00303","route_long_name":"18","stop_id":"IDFM:7513","stop_name":"Morinval","stop_lon":"2.248301614482388","stop_lat":"48.96059890969953","operatorname":"Keolis Argenteuil Boucles de Seine","shortname":"18","bookingrules":null,"mode":"Bus","nom_commune":"Argenteuil","code_insee":"95018"}},{"type":"Feature","geometry":{"type":"Point","coordinates":[2.2541549322985888,48.95336029871794]},"properties":{"id":"IDFM:C00303","route_long_name":"18","stop_id":"IDFM:7427","stop_name":"Pont Blanc","stop_lon":"2.2541549322985888","stop_lat":"48.95336029871794","operatorname":"Keolis Argenteuil Boucles de Seine","shortname":"18","bookingrules":null,"mode":"Bus","nom_commune":"Argenteuil","code_insee":"95018"}},{"type":"Feature","geometry":{"type":"Point","coordinates":[2.2043737316969327,48.91469399590955]},"properties":{"id":"IDFM:C00306","route_long_name":"34","stop_id":"IDFM:23953","stop_name":"La Rivi\u00e8re","stop_lon":"2.2043737316969327","stop_lat":"48.91469399590955","operatorname":"Keolis Argenteuil Boucles de Seine","shortname":"34","bookingrules":null,"mode":"Bus","nom_commune":"Bezons","code_insee":"95063"}},{"type":"Feature","geometry":{"type":"Point","coordinates":[2.207535933757644,48.91581212339115]},"properties":{"id":"IDFM:C00306","route_long_name":"34","stop_id":"IDFM:23945","stop_name":"84 - 89 Salvador Allende","stop_lon":"2.207535933757644","stop_lat":"48.91581212339115","operatorname":"Keolis Argenteuil Boucles de Seine","shortname":"34","bookingrules":null,"mode":"Bus","nom_commune":"Bezons","code_insee":"95063"}},{"type":"Feature","geometry":{"type":"Point","coordinates":[2.2117045428357134,48.918060936353015]},"properties":{"id":"IDFM:C00306","route_long_name":"34","stop_id":"IDFM:23947","stop_name":"Marcel Paul","stop_lon":"2.2117045428357134","stop_lat":"48.918060936353015","operatorname":"Keolis Argenteuil Boucles de Seine","shortname":"34","bookingrules":null,"mode":"Bus","nom_commune":"Bezons","code_insee":"95063"}},{"type":"Feature","geometry":{"type":"Point","coordinates":[2.209523873541002,48.92058263572046]},"properties":{"id":"IDFM:C00306","route_long_name":"34","stop_id":"IDFM:23949","stop_name":"Germinal","stop_lon":"2.209523873541002","stop_lat":"48.92058263572046","operatorname":"Keolis Argenteuil Boucles de Seine","shortname":"34","bookingrules":null,"mode":"Bus","nom_commune":"Bezons","code_insee":"95063"}},{"type":"Feature","geometry":{"type":"Point","coordinates":[2.2122882461861533,48.921868872672086]},"properties":{"id":"IDFM:C00306","route_long_name":"34","stop_id":"IDFM:23950","stop_name":"Louis Rameau","stop_lon":"2.2122882461861533","stop_lat":"48.921868872672086","operatorname":"Keolis Argenteuil Boucles de Seine","shortname":"34","bookingrules":null,"mode":"Bus","nom_commune":"Bezons","code_insee":"95063"}},{"type":"Feature","geometry":{"type":"Point","coordinates":[2.215429144623291,48.93349054079447]},"properties":{"id":"IDFM:C00306","route_long_name":"34","stop_id":"IDFM:7585","stop_name":"Colonel Fabien","stop_lon":"2.215429144623291","stop_lat":"48.93349054079447","operatorname":"Keolis Argenteuil Boucles de Seine","shortname":"34","bookingrules":null,"mode":"Bus","nom_commune":"Bezons","code_insee":"95063"}},{"type":"Feature","geometry":{"type":"Point","coordinates":[2.217326922744473,48.93436627910216]},"properties":{"id":"IDFM:C00306","route_long_name":"34","stop_id":"IDFM:422819","stop_name":"Jean-S\u00e9bastien Bach","stop_lon":"2.217326922744473","stop_lat":"48.93436627910216","operatorname":"Keolis Argenteuil Boucles de Seine","shortname":"34","bookingrules":null,"mode":"Bus","nom_commune":"Bezons","code_insee":"95063"}},{"type":"Feature","geometry":{"type":"Point","coordinates":[2.2196564598575907,48.932852656905276]},"properties":{"id":"IDFM:C00306","route_long_name":"34","stop_id":"IDFM:17601","stop_name":"Brigadi\u00e8res","stop_lon":"2.2196564598575907","stop_lat":"48.932852656905276","operatorname":"Keolis Argenteuil Boucles de Seine","shortname":"34","bookingrules":null,"mode":"Bus","nom_commune":"Bezons","code_insee":"95063"}},{"type":"Feature","geometry":{"type":"Point","coordinates":[2.2297504039649736,48.942522449029944]},"properties":{"id":"IDFM:C00306","route_long_name":"34","stop_id":"IDFM:7554","stop_name":"Moulin Sarrazin","stop_lon":"2.2297504039649736","stop_lat":"48.942522449029944","operatorname":"Keolis Argenteuil Boucles de Seine","shortname":"34","bookingrules":null,"mode":"Bus","nom_commune":"Argenteuil","code_insee":"95018"}},{"type":"Feature","geometry":{"type":"Point","coordinates":[2.2319708666481284,48.95579219082078]},"properties":{"id":"IDFM:C00306","route_long_name":"34","stop_id":"IDFM:7450","stop_name":"Route de Cormeilles","stop_lon":"2.2319708666481284","stop_lat":"48.95579219082078","operatorname":"Keolis Argenteuil Boucles de Seine","shortname":"34","bookingrules":null,"mode":"Bus","nom_commune":"Argenteuil","code_insee":"95018"}},{"type":"Feature","geometry":{"type":"Point","coordinates":[2.2177141912593332,48.92313647741853]},"properties":{"id":"IDFM:C00306","route_long_name":"34","stop_id":"IDFM:16916","stop_name":"Pont de Bezons","stop_lon":"2.2177141912593332","stop_lat":"48.92313647741853","operatorname":"Keolis Argenteuil Boucles de Seine","shortname":"34","bookingrules":null,"mode":"Bus","nom_commune":"Bezons","code_insee":"95063"}},{"type":"Feature","geometry":{"type":"Point","coordinates":[2.216695561676443,48.92099845436102]},"properties":{"id":"IDFM:C00306","route_long_name":"34","stop_id":"IDFM:21517","stop_name":"Carasso","stop_lon":"2.216695561676443","stop_lat":"48.92099845436102","operatorname":"Keolis Argenteuil Boucles de Seine","shortname":"34","bookingrules":null,"mode":"Bus","nom_commune":"Bezons","code_insee":"95063"}},{"type":"Feature","geometry":{"type":"Point","coordinates":[2.2116297612045317,48.91759280018077]},"properties":{"id":"IDFM:C00306","route_long_name":"34","stop_id":"IDFM:23948","stop_name":"Marcel Paul","stop_lon":"2.2116297612045317","stop_lat":"48.91759280018077","operatorname":"Keolis Argenteuil Boucles de Seine","shortname":"34","bookingrules":null,"mode":"Bus","nom_commune":"Bezons","code_insee":"95063"}},{"type":"Feature","geometry":{"type":"Point","coordinates":[2.1968221328759077,48.920390244869964]},"properties":{"id":"IDFM:C00308","route_long_name":"6","stop_id":"IDFM:27036","stop_name":"La Fontaine","stop_lon":"2.1968221328759077","stop_lat":"48.920390244869964","operatorname":"Keolis Argenteuil Boucles de Seine","shortname":"6","bookingrules":null,"mode":"Bus","nom_commune":"Houilles","code_insee":"78311"}},{"type":"Feature","geometry":{"type":"Point","coordinates":[2.208852840934956,48.92432833811629]},"properties":{"id":"IDFM:C00308","route_long_name":"6","stop_id":"IDFM:21514","stop_name":"\u00c9mile Zola","stop_lon":"2.208852840934956","stop_lat":"48.92432833811629","operatorname":"Keolis Argenteuil Boucles de Seine","shortname":"6","bookingrules":null,"mode":"Bus","nom_commune":"Bezons","code_insee":"95063"}},{"type":"Feature","geometry":{"type":"Point","coordinates":[2.2232427166485222,48.927606033034856]},"properties":{"id":"IDFM:C00308","route_long_name":"6","stop_id":"IDFM:7587","stop_name":"Victor Hugo","stop_lon":"2.2232427166485222","stop_lat":"48.927606033034856","operatorname":"Keolis Argenteuil Boucles de Seine","shortname":"6","bookingrules":null,"mode":"Bus","nom_commune":"Bezons","code_insee":"95063"}},{"type":"Feature","geometry":{"type":"Point","coordinates":[2.1640918205739514,48.92844006999559]},"properties":{"id":"IDFM:C00309","route_long_name":"501 Scolaire","stop_id":"IDFM:13112","stop_name":"Lyc\u00e9e Evariste Galois","stop_lon":"2.1640918205739514","stop_lat":"48.92844006999559","operatorname":"Keolis Argenteuil Boucles de Seine","shortname":"501","bookingrules":null,"mode":"Bus","nom_commune":"Sartrouville","code_insee":"78586"}},{"type":"Feature","geometry":{"type":"Point","coordinates":[2.179494576525681,48.93749462535623]},"properties":{"id":"IDFM:C00309","route_long_name":"501 Scolaire","stop_id":"IDFM:7666","stop_name":"Courteline","stop_lon":"2.179494576525681","stop_lat":"48.93749462535623","operatorname":"Keolis Argenteuil Boucles de Seine","shortname":"501","bookingrules":null,"mode":"Bus","nom_commune":"Sartrouville","code_insee":"78586"}},{"type":"Feature","geometry":{"type":"Point","coordinates":[2.1906845265129564,48.93948621793289]},"properties":{"id":"IDFM:C00309","route_long_name":"501 Scolaire","stop_id":"IDFM:7651","stop_name":"Boulevard de Bezons","stop_lon":"2.1906845265129564","stop_lat":"48.93948621793289","operatorname":"Keolis Argenteuil Boucles de Seine","shortname":"501","bookingrules":null,"mode":"Bus","nom_commune":"Sartrouville","code_insee":"78586"}},{"type":"Feature","geometry":{"type":"Point","coordinates":[2.198070543595576,48.94209886143739]},"properties":{"id":"IDFM:C00309","route_long_name":"501 Scolaire","stop_id":"IDFM:7678","stop_name":"Florian","stop_lon":"2.198070543595576","stop_lat":"48.94209886143739","operatorname":"Keolis Argenteuil Boucles de Seine","shortname":"501","bookingrules":null,"mode":"Bus","nom_commune":"Sartrouville","code_insee":"78586"}},{"type":"Feature","geometry":{"type":"Point","coordinates":[2.1744319396423233,48.945121900308735]},"properties":{"id":"IDFM:C00310","route_long_name":"502 Scolaire","stop_id":"IDFM:7672","stop_name":"\u00c9glise","stop_lon":"2.1744319396423233","stop_lat":"48.945121900308735","operatorname":"Keolis Argenteuil Boucles de Seine","shortname":"502","bookingrules":null,"mode":"Bus","nom_commune":"Sartrouville","code_insee":"78586"}},{"type":"Feature","geometry":{"type":"Point","coordinates":[2.185566806884046,48.94113324386045]},"properties":{"id":"IDFM:C00310","route_long_name":"502 Scolaire","stop_id":"IDFM:7641","stop_name":"Alphonse Allais","stop_lon":"2.185566806884046","stop_lat":"48.94113324386045","operatorname":"Keolis Argenteuil Boucles de Seine","shortname":"502","bookingrules":null,"mode":"Bus","nom_commune":"Sartrouville","code_insee":"78586"}},{"type":"Feature","geometry":{"type":"Point","coordinates":[2.1974615497474836,48.93732850062532]},"properties":{"id":"IDFM:C00310","route_long_name":"502 Scolaire","stop_id":"IDFM:7727","stop_name":"Renoir","stop_lon":"2.1974615497474836","stop_lat":"48.93732850062532","operatorname":"Keolis Argenteuil Boucles de Seine","shortname":"502","bookingrules":null,"mode":"Bus","nom_commune":"Sartrouville","code_insee":"78586"}},{"type":"Feature","geometry":{"type":"Point","coordinates":[2.1906845265129564,48.93948621793289]},"properties":{"id":"IDFM:C00310","route_long_name":"502 Scolaire","stop_id":"IDFM:7651","stop_name":"Boulevard de Bezons","stop_lon":"2.1906845265129564","stop_lat":"48.93948621793289","operatorname":"Keolis Argenteuil Boucles de Seine","shortname":"502","bookingrules":null,"mode":"Bus","nom_commune":"Sartrouville","code_insee":"78586"}},{"type":"Feature","geometry":{"type":"Point","coordinates":[2.173442329551871,48.94553775046358]},"properties":{"id":"IDFM:C00310","route_long_name":"502 Scolaire","stop_id":"IDFM:7671","stop_name":"\u00c9glise","stop_lon":"2.173442329551871","stop_lat":"48.94553775046358","operatorname":"Keolis Argenteuil Boucles de Seine","shortname":"502","bookingrules":null,"mode":"Bus","nom_commune":"Sartrouville","code_insee":"78586"}},{"type":"Feature","geometry":{"type":"Point","coordinates":[2.172644004520744,48.94251060066163]},"properties":{"id":"IDFM:C00310","route_long_name":"502 Scolaire","stop_id":"IDFM:23981","stop_name":"\u00c9douard Vaillant","stop_lon":"2.172644004520744","stop_lat":"48.94251060066163","operatorname":"Keolis Argenteuil Boucles de Seine","shortname":"502","bookingrules":null,"mode":"Bus","nom_commune":"Sartrouville","code_insee":"78586"}},{"type":"Feature","geometry":{"type":"Point","coordinates":[2.1700974073208563,48.93783461246673]},"properties":{"id":"IDFM:C00310","route_long_name":"502 Scolaire","stop_id":"IDFM:13103","stop_name":"Milhaud","stop_lon":"2.1700974073208563","stop_lat":"48.93783461246673","operatorname":"Keolis Argenteuil Boucles de Seine","shortname":"502","bookingrules":null,"mode":"Bus","nom_commune":"Sartrouville","code_insee":"78586"}},{"type":"Feature","geometry":{"type":"Point","coordinates":[2.2003140797118976,48.9382468672946]},"properties":{"id":"IDFM:C00311","route_long_name":"503 Scolaire","stop_id":"IDFM:7644","stop_name":"Barian","stop_lon":"2.2003140797118976","stop_lat":"48.9382468672946","operatorname":"Keolis Argenteuil Boucles de Seine","shortname":"503","bookingrules":null,"mode":"Bus","nom_commune":"Sartrouville","code_insee":"78586"}},{"type":"Feature","geometry":{"type":"Point","coordinates":[2.1824204007444896,48.942415807537365]},"properties":{"id":"IDFM:C00311","route_long_name":"503 Scolaire","stop_id":"IDFM:7667","stop_name":"Joliot Curie","stop_lon":"2.1824204007444896","stop_lat":"48.942415807537365","operatorname":"Keolis Argenteuil Boucles de Seine","shortname":"503","bookingrules":null,"mode":"Bus","nom_commune":"Sartrouville","code_insee":"78586"}},{"type":"Feature","geometry":{"type":"Point","coordinates":[2.170408905190157,48.937989650562024]},"properties":{"id":"IDFM:C00311","route_long_name":"503 Scolaire","stop_id":"IDFM:13104","stop_name":"Milhaud","stop_lon":"2.170408905190157","stop_lat":"48.937989650562024","operatorname":"Keolis Argenteuil Boucles de Seine","shortname":"503","bookingrules":null,"mode":"Bus","nom_commune":"Sartrouville","code_insee":"78586"}},{"type":"Feature","geometry":{"type":"Point","coordinates":[2.1975421970924605,48.937409977695616]},"properties":{"id":"IDFM:C00311","route_long_name":"503 Scolaire","stop_id":"IDFM:7726","stop_name":"Renoir","stop_lon":"2.1975421970924605","stop_lat":"48.937409977695616","operatorname":"Keolis Argenteuil Boucles de Seine","shortname":"503","bookingrules":null,"mode":"Bus","nom_commune":"Sartrouville","code_insee":"78586"}},{"type":"Feature","geometry":{"type":"Point","coordinates":[2.1906845265129564,48.93948621793289]},"properties":{"id":"IDFM:C00311","route_long_name":"503 Scolaire","stop_id":"IDFM:7651","stop_name":"Boulevard de Bezons","stop_lon":"2.1906845265129564","stop_lat":"48.93948621793289","operatorname":"Keolis Argenteuil Boucles de Seine","shortname":"503","bookingrules":null,"mode":"Bus","nom_commune":"Sartrouville","code_insee":"78586"}},{"type":"Feature","geometry":{"type":"Point","coordinates":[2.2575605262900424,48.94627709319946]},"properties":{"id":"IDFM:C00312","route_long_name":"7","stop_id":"IDFM:7475","stop_name":"Gare d'Argenteuil","stop_lon":"2.2575605262900424","stop_lat":"48.94627709319946","operatorname":"Keolis Argenteuil Boucles de Seine","shortname":"7","bookingrules":null,"mode":"Bus","nom_commune":"Argenteuil","code_insee":"95018"}},{"type":"Feature","geometry":{"type":"Point","coordinates":[2.2825541690979376,48.956528194587165]},"properties":{"id":"IDFM:C00312","route_long_name":"7","stop_id":"IDFM:7439","stop_name":"Champgu\u00e9rin","stop_lon":"2.2825541690979376","stop_lat":"48.956528194587165","operatorname":"Keolis Argenteuil Boucles de Seine","shortname":"7","bookingrules":null,"mode":"Bus","nom_commune":"Argenteuil","code_insee":"95018"}},{"type":"Feature","geometry":{"type":"Point","coordinates":[2.3004032461890924,48.965572411338364]},"properties":{"id":"IDFM:C00312","route_long_name":"7","stop_id":"IDFM:2309","stop_name":"Limites des D\u00e9partements","stop_lon":"2.3004032461890924","stop_lat":"48.965572411338364","operatorname":"Keolis Argenteuil Boucles de Seine","shortname":"7","bookingrules":null,"mode":"Bus","nom_commune":"\u00c9pinay-sur-Seine","code_insee":"93031"}},{"type":"Feature","geometry":{"type":"Point","coordinates":[2.3059775763774204,48.96850043201454]},"properties":{"id":"IDFM:C00312","route_long_name":"7","stop_id":"IDFM:7604","stop_name":"Casino","stop_lon":"2.3059775763774204","stop_lat":"48.96850043201454","operatorname":"Keolis Argenteuil Boucles de Seine","shortname":"7","bookingrules":null,"mode":"Bus","nom_commune":"Enghien-les-Bains","code_insee":"95210"}},{"type":"Feature","geometry":{"type":"Point","coordinates":[2.262501092475319,48.95025544968913]},"properties":{"id":"IDFM:C00312","route_long_name":"7","stop_id":"IDFM:7566","stop_name":"Henri Vasseur","stop_lon":"2.262501092475319","stop_lat":"48.95025544968913","operatorname":"Keolis Argenteuil Boucles de Seine","shortname":"7","bookingrules":null,"mode":"Bus","nom_commune":"Argenteuil","code_insee":"95018"}},{"type":"Feature","geometry":{"type":"Point","coordinates":[2.2564151379022492,48.94903979436359]},"properties":{"id":"IDFM:C00312","route_long_name":"7","stop_id":"IDFM:413319","stop_name":"Aristide Briand","stop_lon":"2.2564151379022492","stop_lat":"48.94903979436359","operatorname":"Keolis Argenteuil Boucles de Seine","shortname":"7","bookingrules":null,"mode":"Bus","nom_commune":"Argenteuil","code_insee":"95018"}},{"type":"Feature","geometry":{"type":"Point","coordinates":[2.172625946759763,48.92733918452928]},"properties":{"id":"IDFM:C00316","route_long_name":"J","stop_id":"IDFM:7631","stop_name":"La Paix - La Passerelle","stop_lon":"2.172625946759763","stop_lat":"48.92733918452928","operatorname":"Keolis Argenteuil Boucles de Seine","shortname":"J","bookingrules":null,"mode":"Bus","nom_commune":"Houilles","code_insee":"78311"}},{"type":"Feature","geometry":{"type":"Point","coordinates":[2.16103607478512,48.92834677033379]},"properties":{"id":"IDFM:C00316","route_long_name":"J","stop_id":"IDFM:7708","stop_name":"Pavillons","stop_lon":"2.16103607478512","stop_lat":"48.92834677033379","operatorname":"Keolis Argenteuil Boucles de Seine","shortname":"J","bookingrules":null,"mode":"Bus","nom_commune":"Sartrouville","code_insee":"78586"}},{"type":"Feature","geometry":{"type":"Point","coordinates":[2.158251325642741,48.925845134406494]},"properties":{"id":"IDFM:C00316","route_long_name":"J","stop_id":"IDFM:7640","stop_name":"Aboukir","stop_lon":"2.158251325642741","stop_lat":"48.925845134406494","operatorname":"Keolis Argenteuil Boucles de Seine","shortname":"J","bookingrules":null,"mode":"Bus","nom_commune":"Sartrouville","code_insee":"78586"}},{"type":"Feature","geometry":{"type":"Point","coordinates":[2.1567823324047595,48.92806510609661]},"properties":{"id":"IDFM:C00316","route_long_name":"J","stop_id":"IDFM:7647","stop_name":"Claude Bernard","stop_lon":"2.1567823324047595","stop_lat":"48.92806510609661","operatorname":"Keolis Argenteuil Boucles de Seine","shortname":"J","bookingrules":null,"mode":"Bus","nom_commune":"Sartrouville","code_insee":"78586"}},{"type":"Feature","geometry":{"type":"Point","coordinates":[2.1566524235798643,48.9276595007122]},"properties":{"id":"IDFM:C00316","route_long_name":"J","stop_id":"IDFM:7646","stop_name":"Claude Bernard","stop_lon":"2.1566524235798643","stop_lat":"48.9276595007122","operatorname":"Keolis Argenteuil Boucles de Seine","shortname":"J","bookingrules":null,"mode":"Bus","nom_commune":"Sartrouville","code_insee":"78586"}},{"type":"Feature","geometry":{"type":"Point","coordinates":[2.150011131267904,48.946542986765444]},"properties":{"id":"IDFM:C01250","route_long_name":"262","stop_id":"IDFM:29232","stop_name":"Rue du Mesnil","stop_lon":"2.150011131267904","stop_lat":"48.946542986765444","operatorname":"Keolis Argenteuil Boucles de Seine","shortname":"262","bookingrules":null,"mode":"Bus","nom_commune":"Maisons-Laffitte","code_insee":"78358"}},{"type":"Feature","geometry":{"type":"Point","coordinates":[2.172759688501675,48.936953713107954]},"properties":{"id":"IDFM:C01250","route_long_name":"262","stop_id":"IDFM:483700","stop_name":"Madeleine Br\u00e8s","stop_lon":"2.172759688501675","stop_lat":"48.936953713107954","operatorname":"Keolis Argenteuil Boucles de Seine","shortname":"262","bookingrules":null,"mode":"Bus","nom_commune":"Sartrouville","code_insee":"78586"}},{"type":"Feature","geometry":{"type":"Point","coordinates":[2.208852840934956,48.92432833811629]},"properties":{"id":"IDFM:C01250","route_long_name":"262","stop_id":"IDFM:21514","stop_name":"\u00c9mile Zola","stop_lon":"2.208852840934956","stop_lat":"48.92432833811629","operatorname":"Keolis Argenteuil Boucles de Seine","shortname":"262","bookingrules":null,"mode":"Bus","nom_commune":"Bezons","code_insee":"95063"}},{"type":"Feature","geometry":{"type":"Point","coordinates":[2.214790264147657,48.92698438183331]},"properties":{"id":"IDFM:C01250","route_long_name":"262","stop_id":"IDFM:23952","stop_name":"La Gr\u00e2ce de Dieu","stop_lon":"2.214790264147657","stop_lat":"48.92698438183331","operatorname":"Keolis Argenteuil Boucles de Seine","shortname":"262","bookingrules":null,"mode":"Bus","nom_commune":"Bezons","code_insee":"95063"}},{"type":"Feature","geometry":{"type":"Point","coordinates":[2.1967094310527906,48.9250389389135]},"properties":{"id":"IDFM:C01250","route_long_name":"262","stop_id":"IDFM:23811","stop_name":"Paul Bert - Joseph Bara","stop_lon":"2.1967094310527906","stop_lat":"48.9250389389135","operatorname":"Keolis Argenteuil Boucles de Seine","shortname":"262","bookingrules":null,"mode":"Bus","nom_commune":"Houilles","code_insee":"78311"}},{"type":"Feature","geometry":{"type":"Point","coordinates":[2.1934136048077812,48.926356772517686]},"properties":{"id":"IDFM:C01250","route_long_name":"262","stop_id":"IDFM:23810","stop_name":"Les Blanches","stop_lon":"2.1934136048077812","stop_lat":"48.926356772517686","operatorname":"Keolis Argenteuil Boucles de Seine","shortname":"262","bookingrules":null,"mode":"Bus","nom_commune":"Houilles","code_insee":"78311"}},{"type":"Feature","geometry":{"type":"Point","coordinates":[2.18467486901987,48.93097404256673]},"properties":{"id":"IDFM:C01250","route_long_name":"262","stop_id":"IDFM:23813","stop_name":"Camille Pelletan","stop_lon":"2.18467486901987","stop_lat":"48.93097404256673","operatorname":"Keolis Argenteuil Boucles de Seine","shortname":"262","bookingrules":null,"mode":"Bus","nom_commune":"Houilles","code_insee":"78311"}},{"type":"Feature","geometry":{"type":"Point","coordinates":[2.1674541088291703,48.94008252478994]},"properties":{"id":"IDFM:C01250","route_long_name":"262","stop_id":"IDFM:8270","stop_name":"Jean Mermoz","stop_lon":"2.1674541088291703","stop_lat":"48.94008252478994","operatorname":"Keolis Argenteuil Boucles de Seine","shortname":"262","bookingrules":null,"mode":"Bus","nom_commune":"Sartrouville","code_insee":"78586"}},{"type":"Feature","geometry":{"type":"Point","coordinates":[2.1626622344705817,48.94263913424495]},"properties":{"id":"IDFM:C01250","route_long_name":"262","stop_id":"IDFM:29238","stop_name":"Stalingrad","stop_lon":"2.1626622344705817","stop_lat":"48.94263913424495","operatorname":"Keolis Argenteuil Boucles de Seine","shortname":"262","bookingrules":null,"mode":"Bus","nom_commune":"Sartrouville","code_insee":"78586"}},{"type":"Feature","geometry":{"type":"Point","coordinates":[2.1532320027510807,48.945783391105834]},"properties":{"id":"IDFM:C01250","route_long_name":"262","stop_id":"IDFM:29233","stop_name":"Ch\u00e2teau","stop_lon":"2.1532320027510807","stop_lat":"48.945783391105834","operatorname":"Keolis Argenteuil Boucles de Seine","shortname":"262","bookingrules":null,"mode":"Bus","nom_commune":"Maisons-Laffitte","code_insee":"78358"}},{"type":"Feature","geometry":{"type":"Point","coordinates":[2.1053116960785623,48.89495611574448]},"properties":{"id":"IDFM:C02360","route_long_name":"56","stop_id":"IDFM:34440","stop_name":"Brossolette","stop_lon":"2.1053116960785623","stop_lat":"48.89495611574448","operatorname":"Keolis Argenteuil Boucles de Seine","shortname":"56","bookingrules":null,"mode":"Bus","nom_commune":"Le Pecq","code_insee":"78481"}},{"type":"Feature","geometry":{"type":"Point","coordinates":[2.1329647549999216,48.883908676541594]},"properties":{"id":"IDFM:C02360","route_long_name":"56","stop_id":"IDFM:32273","stop_name":"Princesse Croissy","stop_lon":"2.1329647549999216","stop_lat":"48.883908676541594","operatorname":"Keolis Argenteuil Boucles de Seine","shortname":"56","bookingrules":null,"mode":"Bus","nom_commune":"Le V\u00e9sinet","code_insee":"78650"}},{"type":"Feature","geometry":{"type":"Point","coordinates":[2.1407488282164935,48.875798649295554]},"properties":{"id":"IDFM:C02360","route_long_name":"56","stop_id":"IDFM:32154","stop_name":"Les Moulins","stop_lon":"2.1407488282164935","stop_lat":"48.875798649295554","operatorname":"Keolis Argenteuil Boucles de Seine","shortname":"56","bookingrules":null,"mode":"Bus","nom_commune":"Croissy-sur-Seine","code_insee":"78190"}},{"type":"Feature","geometry":{"type":"Point","coordinates":[2.132055840414614,48.88444170252992]},"properties":{"id":"IDFM:C02360","route_long_name":"56","stop_id":"IDFM:32352","stop_name":"Princesse Croissy","stop_lon":"2.132055840414614","stop_lat":"48.88444170252992","operatorname":"Keolis Argenteuil Boucles de Seine","shortname":"56","bookingrules":null,"mode":"Bus","nom_commune":"Le V\u00e9sinet","code_insee":"78650"}},{"type":"Feature","geometry":{"type":"Point","coordinates":[2.13143901115018,48.854380454274725]},"properties":{"id":"IDFM:C02361","route_long_name":"57","stop_id":"IDFM:32170","stop_name":"Gare de Bougival","stop_lon":"2.13143901115018","stop_lat":"48.854380454274725","operatorname":"Keolis Argenteuil Boucles de Seine","shortname":"57","bookingrules":null,"mode":"Bus","nom_commune":"La Celle-Saint-Cloud","code_insee":"78126"}},{"type":"Feature","geometry":{"type":"Point","coordinates":[2.122655976387494,48.86363389626352]},"properties":{"id":"IDFM:C02361","route_long_name":"57","stop_id":"IDFM:32249","stop_name":"Montbuisson","stop_lon":"2.122655976387494","stop_lat":"48.86363389626352","operatorname":"Keolis Argenteuil Boucles de Seine","shortname":"57","bookingrules":null,"mode":"Bus","nom_commune":"Louveciennes","code_insee":"78350"}},{"type":"Feature","geometry":{"type":"Point","coordinates":[2.1108494786655916,48.87171303100186]},"properties":{"id":"IDFM:C02361","route_long_name":"57","stop_id":"IDFM:427465","stop_name":"Plains Champs","stop_lon":"2.1108494786655916","stop_lat":"48.87171303100186","operatorname":"Keolis Argenteuil Boucles de Seine","shortname":"57","bookingrules":null,"mode":"Bus","nom_commune":"Louveciennes","code_insee":"78350"}},{"type":"Feature","geometry":{"type":"Point","coordinates":[2.1287631089262047,48.85628566629064]},"properties":{"id":"IDFM:C02361","route_long_name":"57","stop_id":"IDFM:32258","stop_name":"3 For\u00eats","stop_lon":"2.1287631089262047","stop_lat":"48.85628566629064","operatorname":"Keolis Argenteuil Boucles de Seine","shortname":"57","bookingrules":null,"mode":"Bus","nom_commune":"Bougival","code_insee":"78092"}},{"type":"Feature","geometry":{"type":"Point","coordinates":[2.1323102700272973,48.848711692185255]},"properties":{"id":"IDFM:C02361","route_long_name":"57","stop_id":"IDFM:32088","stop_name":"Grande Terre","stop_lon":"2.1323102700272973","stop_lat":"48.848711692185255","operatorname":"Keolis Argenteuil Boucles de Seine","shortname":"57","bookingrules":null,"mode":"Bus","nom_commune":"La Celle-Saint-Cloud","code_insee":"78126"}},{"type":"Feature","geometry":{"type":"Point","coordinates":[2.1900780893288645,48.961775540255935]},"properties":{"id":"IDFM:C01681","route_long_name":"3","stop_id":"IDFM:5366","stop_name":"Fauvettes","stop_lon":"2.1900780893288645","stop_lat":"48.961775540255935","operatorname":"Keolis Argenteuil Boucles de Seine","shortname":"3","bookingrules":null,"mode":"Bus","nom_commune":"Cormeilles-en-Parisis","code_insee":"95176"}},{"type":"Feature","geometry":{"type":"Point","coordinates":[2.2168727715225445,48.93823929398077]},"properties":{"id":"IDFM:C01681","route_long_name":"3","stop_id":"IDFM:23962","stop_name":"Gibet","stop_lon":"2.2168727715225445","stop_lat":"48.93823929398077","operatorname":"Keolis Argenteuil Boucles de Seine","shortname":"3","bookingrules":null,"mode":"Bus","nom_commune":"Argenteuil","code_insee":"95018"}},{"type":"Feature","geometry":{"type":"Point","coordinates":[2.2170344628361724,48.935659361872]},"properties":{"id":"IDFM:C01681","route_long_name":"3","stop_id":"IDFM:23963","stop_name":"Justice","stop_lon":"2.2170344628361724","stop_lat":"48.935659361872","operatorname":"Keolis Argenteuil Boucles de Seine","shortname":"3","bookingrules":null,"mode":"Bus","nom_commune":"Bezons","code_insee":"95063"}},{"type":"Feature","geometry":{"type":"Point","coordinates":[2.2150406700837615,48.933002373706174]},"properties":{"id":"IDFM:C01681","route_long_name":"3","stop_id":"IDFM:7586","stop_name":"Colonel Fabien","stop_lon":"2.2150406700837615","stop_lat":"48.933002373706174","operatorname":"Keolis Argenteuil Boucles de Seine","shortname":"3","bookingrules":null,"mode":"Bus","nom_commune":"Bezons","code_insee":"95063"}},{"type":"Feature","geometry":{"type":"Point","coordinates":[2.213949296891298,48.93205994518057]},"properties":{"id":"IDFM:C01681","route_long_name":"3","stop_id":"IDFM:7593","stop_name":"Parmentier","stop_lon":"2.213949296891298","stop_lat":"48.93205994518057","operatorname":"Keolis Argenteuil Boucles de Seine","shortname":"3","bookingrules":null,"mode":"Bus","nom_commune":"Bezons","code_insee":"95063"}},{"type":"Feature","geometry":{"type":"Point","coordinates":[2.215504450648307,48.92759159545315]},"properties":{"id":"IDFM:C01681","route_long_name":"3","stop_id":"IDFM:23969","stop_name":"La Gr\u00e2ce de Dieu","stop_lon":"2.215504450648307","stop_lat":"48.92759159545315","operatorname":"Keolis Argenteuil Boucles de Seine","shortname":"3","bookingrules":null,"mode":"Bus","nom_commune":"Bezons","code_insee":"95063"}},{"type":"Feature","geometry":{"type":"Point","coordinates":[2.2174961319571502,48.92311706734463]},"properties":{"id":"IDFM:C01681","route_long_name":"3","stop_id":"IDFM:21515","stop_name":"Pont de Bezons","stop_lon":"2.2174961319571502","stop_lat":"48.92311706734463","operatorname":"Keolis Argenteuil Boucles de Seine","shortname":"3","bookingrules":null,"mode":"Bus","nom_commune":"Bezons","code_insee":"95063"}},{"type":"Feature","geometry":{"type":"Point","coordinates":[2.2025718288212186,48.959269345098626]},"properties":{"id":"IDFM:C01681","route_long_name":"3","stop_id":"IDFM:417887","stop_name":"Rond-Point du Cormier","stop_lon":"2.2025718288212186","stop_lat":"48.959269345098626","operatorname":"Keolis Argenteuil Boucles de Seine","shortname":"3","bookingrules":null,"mode":"Bus","nom_commune":"Cormeilles-en-Parisis","code_insee":"95176"}},{"type":"Feature","geometry":{"type":"Point","coordinates":[2.1891657149240653,48.95985390299325]},"properties":{"id":"IDFM:C01681","route_long_name":"3","stop_id":"IDFM:20537","stop_name":"Les \u00c9crivains","stop_lon":"2.1891657149240653","stop_lat":"48.95985390299325","operatorname":"Keolis Argenteuil Boucles de Seine","shortname":"3","bookingrules":null,"mode":"Bus","nom_commune":"Cormeilles-en-Parisis","code_insee":"95176"}},{"type":"Feature","geometry":{"type":"Point","coordinates":[2.1903091160246935,48.96184904294378]},"properties":{"id":"IDFM:C01681","route_long_name":"3","stop_id":"IDFM:5365","stop_name":"Fauvettes","stop_lon":"2.1903091160246935","stop_lat":"48.96184904294378","operatorname":"Keolis Argenteuil Boucles de Seine","shortname":"3","bookingrules":null,"mode":"Bus","nom_commune":"Cormeilles-en-Parisis","code_insee":"95176"}},{"type":"Feature","geometry":{"type":"Point","coordinates":[2.1991390849715917,48.96491193194617]},"properties":{"id":"IDFM:C01681","route_long_name":"3","stop_id":"IDFM:419824","stop_name":"Rue Charles Fourier","stop_lon":"2.1991390849715917","stop_lat":"48.96491193194617","operatorname":"Keolis Argenteuil Boucles de Seine","shortname":"3","bookingrules":null,"mode":"Bus","nom_commune":"Cormeilles-en-Parisis","code_insee":"95176"}},{"type":"Feature","geometry":{"type":"Point","coordinates":[2.2026541923904195,48.963694351582596]},"properties":{"id":"IDFM:C01681","route_long_name":"3","stop_id":"IDFM:419834","stop_name":"Boulevard des Eaux","stop_lon":"2.2026541923904195","stop_lat":"48.963694351582596","operatorname":"Keolis Argenteuil Boucles de Seine","shortname":"3","bookingrules":null,"mode":"Bus","nom_commune":"Cormeilles-en-Parisis","code_insee":"95176"}},{"type":"Feature","geometry":{"type":"Point","coordinates":[2.1356110166486766,48.94054958044816]},"properties":{"id":"IDFM:C01473","route_long_name":"2","stop_id":"IDFM:35019","stop_name":"Beaus\u00e9jour","stop_lon":"2.1356110166486766","stop_lat":"48.94054958044816","operatorname":"Keolis Argenteuil Boucles de Seine","shortname":"2","bookingrules":null,"mode":"Bus","nom_commune":"Maisons-Laffitte","code_insee":"78358"}},{"type":"Feature","geometry":{"type":"Point","coordinates":[2.1389878637276096,48.94437794003013]},"properties":{"id":"IDFM:C01473","route_long_name":"2","stop_id":"IDFM:34934","stop_name":"Rue des Loges","stop_lon":"2.1389878637276096","stop_lat":"48.94437794003013","operatorname":"Keolis Argenteuil Boucles de Seine","shortname":"2","bookingrules":null,"mode":"Bus","nom_commune":"Maisons-Laffitte","code_insee":"78358"}},{"type":"Feature","geometry":{"type":"Point","coordinates":[2.1332067201703935,48.9439225963491]},"properties":{"id":"IDFM:C01473","route_long_name":"2","stop_id":"IDFM:34936","stop_name":"Rue du Tir","stop_lon":"2.1332067201703935","stop_lat":"48.9439225963491","operatorname":"Keolis Argenteuil Boucles de Seine","shortname":"2","bookingrules":null,"mode":"Bus","nom_commune":"Maisons-Laffitte","code_insee":"78358"}},{"type":"Feature","geometry":{"type":"Point","coordinates":[2.1297589089421933,48.94354688676935]},"properties":{"id":"IDFM:C01473","route_long_name":"2","stop_id":"IDFM:34938","stop_name":"Rue de Romilly","stop_lon":"2.1297589089421933","stop_lat":"48.94354688676935","operatorname":"Keolis Argenteuil Boucles de Seine","shortname":"2","bookingrules":null,"mode":"Bus","nom_commune":"Maisons-Laffitte","code_insee":"78358"}},{"type":"Feature","geometry":{"type":"Point","coordinates":[2.133754821906147,48.937244714962745]},"properties":{"id":"IDFM:C01473","route_long_name":"2","stop_id":"IDFM:34947","stop_name":"Croix Bosset","stop_lon":"2.133754821906147","stop_lat":"48.937244714962745","operatorname":"Keolis Argenteuil Boucles de Seine","shortname":"2","bookingrules":null,"mode":"Bus","nom_commune":"Le Mesnil-le-Roi","code_insee":"78396"}},{"type":"Feature","geometry":{"type":"Point","coordinates":[2.098544041499989,48.89658714198616]},"properties":{"id":"IDFM:C01473","route_long_name":"2","stop_id":"IDFM:32172","stop_name":"Place Royale - Gambetta","stop_lon":"2.098544041499989","stop_lat":"48.89658714198616","operatorname":"Keolis Argenteuil Boucles de Seine","shortname":"2","bookingrules":null,"mode":"Bus","nom_commune":"Saint-Germain-en-Laye","code_insee":"78551"}},{"type":"Feature","geometry":{"type":"Point","coordinates":[2.096495997516836,48.897489041619565]},"properties":{"id":"IDFM:C01473","route_long_name":"2","stop_id":"IDFM:14026","stop_name":"Gare Saint-Germain-en-Laye - Rue Thiers","stop_lon":"2.096495997516836","stop_lat":"48.897489041619565","operatorname":"Keolis Argenteuil Boucles de Seine","shortname":"2","bookingrules":null,"mode":"Bus","nom_commune":"Saint-Germain-en-Laye","code_insee":"78551"}},{"type":"Feature","geometry":{"type":"Point","coordinates":[2.0647007114425153,48.89213661778024]},"properties":{"id":"IDFM:C01473","route_long_name":"2","stop_id":"IDFM:34898","stop_name":"Lyc\u00e9e L\u00e9onard de Vinci","stop_lon":"2.0647007114425153","stop_lat":"48.89213661778024","operatorname":"Keolis Argenteuil Boucles de Seine","shortname":"2","bookingrules":null,"mode":"Bus","nom_commune":"Saint-Germain-en-Laye","code_insee":"78551"}},{"type":"Feature","geometry":{"type":"Point","coordinates":[2.094727419084222,48.89878873097456]},"properties":{"id":"IDFM:C01473","route_long_name":"2","stop_id":"IDFM:35033","stop_name":"Gare de Saint-Germain-en-Laye","stop_lon":"2.094727419084222","stop_lat":"48.89878873097456","operatorname":"Keolis Argenteuil Boucles de Seine","shortname":"2","bookingrules":null,"mode":"Bus","nom_commune":"Saint-Germain-en-Laye","code_insee":"78551"}},{"type":"Feature","geometry":{"type":"Point","coordinates":[2.114808185633364,48.9219617721999]},"properties":{"id":"IDFM:C01473","route_long_name":"2","stop_id":"IDFM:34961","stop_name":"Strasbourg Curie","stop_lon":"2.114808185633364","stop_lat":"48.9219617721999","operatorname":"Keolis Argenteuil Boucles de Seine","shortname":"2","bookingrules":null,"mode":"Bus","nom_commune":"Le Mesnil-le-Roi","code_insee":"78396"}},{"type":"Feature","geometry":{"type":"Point","coordinates":[2.11465093867404,48.91917270274855]},"properties":{"id":"IDFM:C01473","route_long_name":"2","stop_id":"IDFM:34965","stop_name":"Belloy Parc","stop_lon":"2.11465093867404","stop_lat":"48.91917270274855","operatorname":"Keolis Argenteuil Boucles de Seine","shortname":"2","bookingrules":null,"mode":"Bus","nom_commune":"Le Mesnil-le-Roi","code_insee":"78396"}},{"type":"Feature","geometry":{"type":"Point","coordinates":[2.1206228252242583,48.925934623663885]},"properties":{"id":"IDFM:C01473","route_long_name":"2","stop_id":"IDFM:34958","stop_name":"Buisson Richard","stop_lon":"2.1206228252242583","stop_lat":"48.925934623663885","operatorname":"Keolis Argenteuil Boucles de Seine","shortname":"2","bookingrules":null,"mode":"Bus","nom_commune":"Le Mesnil-le-Roi","code_insee":"78396"}},{"type":"Feature","geometry":{"type":"Point","coordinates":[2.1249989574749315,48.935148669695224]},"properties":{"id":"IDFM:C01473","route_long_name":"2","stop_id":"IDFM:34952","stop_name":"Marronniers","stop_lon":"2.1249989574749315","stop_lat":"48.935148669695224","operatorname":"Keolis Argenteuil Boucles de Seine","shortname":"2","bookingrules":null,"mode":"Bus","nom_commune":"Le Mesnil-le-Roi","code_insee":"78396"}},{"type":"Feature","geometry":{"type":"Point","coordinates":[2.1338091573311515,48.94381903473034]},"properties":{"id":"IDFM:C01473","route_long_name":"2","stop_id":"IDFM:34937","stop_name":"Rue du Tir","stop_lon":"2.1338091573311515","stop_lat":"48.94381903473034","operatorname":"Keolis Argenteuil Boucles de Seine","shortname":"2","bookingrules":null,"mode":"Bus","nom_commune":"Maisons-Laffitte","code_insee":"78358"}},{"type":"Feature","geometry":{"type":"Point","coordinates":[2.1297589089421933,48.94354688676935]},"properties":{"id":"IDFM:C01476","route_long_name":"6","stop_id":"IDFM:34938","stop_name":"Rue de Romilly","stop_lon":"2.1297589089421933","stop_lat":"48.94354688676935","operatorname":"Keolis Argenteuil Boucles de Seine","shortname":"6","bookingrules":null,"mode":"Bus","nom_commune":"Maisons-Laffitte","code_insee":"78358"}},{"type":"Feature","geometry":{"type":"Point","coordinates":[2.1376453376279105,48.942182982482294]},"properties":{"id":"IDFM:C01476","route_long_name":"6","stop_id":"IDFM:35059","stop_name":"R\u00e9publique","stop_lon":"2.1376453376279105","stop_lat":"48.942182982482294","operatorname":"Keolis Argenteuil Boucles de Seine","shortname":"6","bookingrules":null,"mode":"Bus","nom_commune":"Maisons-Laffitte","code_insee":"78358"}},{"type":"Feature","geometry":{"type":"Point","coordinates":[2.136173831869594,48.93871905266561]},"properties":{"id":"IDFM:C01476","route_long_name":"6","stop_id":"IDFM:35058","stop_name":"Procession","stop_lon":"2.136173831869594","stop_lat":"48.93871905266561","operatorname":"Keolis Argenteuil Boucles de Seine","shortname":"6","bookingrules":null,"mode":"Bus","nom_commune":"Le Mesnil-le-Roi","code_insee":"78396"}},{"type":"Feature","geometry":{"type":"Point","coordinates":[2.1320327642488004,48.93982226323184]},"properties":{"id":"IDFM:C01476","route_long_name":"6","stop_id":"IDFM:34946","stop_name":"Jean Jaur\u00e8s","stop_lon":"2.1320327642488004","stop_lat":"48.93982226323184","operatorname":"Keolis Argenteuil Boucles de Seine","shortname":"6","bookingrules":null,"mode":"Bus","nom_commune":"Le Mesnil-le-Roi","code_insee":"78396"}},{"type":"Feature","geometry":{"type":"Point","coordinates":[2.137179527926197,48.95133450858187]},"properties":{"id":"IDFM:C01476","route_long_name":"6","stop_id":"IDFM:34928","stop_name":"Cocteau","stop_lon":"2.137179527926197","stop_lat":"48.95133450858187","operatorname":"Keolis Argenteuil Boucles de Seine","shortname":"6","bookingrules":null,"mode":"Bus","nom_commune":"Maisons-Laffitte","code_insee":"78358"}},{"type":"Feature","geometry":{"type":"Point","coordinates":[2.143660433149654,48.94583230663279]},"properties":{"id":"IDFM:C01476","route_long_name":"6","stop_id":"IDFM:35081","stop_name":"Gare de Maisons-Laffitte","stop_lon":"2.143660433149654","stop_lat":"48.94583230663279","operatorname":"Keolis Argenteuil Boucles de Seine","shortname":"6","bookingrules":null,"mode":"Bus","nom_commune":"Maisons-Laffitte","code_insee":"78358"}},{"type":"Feature","geometry":{"type":"Point","coordinates":[2.1640672164900874,48.955454904181735]},"properties":{"id":"IDFM:C01478","route_long_name":"12","stop_id":"IDFM:34919","stop_name":"Place Charlemagne","stop_lon":"2.1640672164900874","stop_lat":"48.955454904181735","operatorname":"Keolis Argenteuil Boucles de Seine","shortname":"12","bookingrules":null,"mode":"Bus","nom_commune":"Maisons-Laffitte","code_insee":"78358"}},{"type":"Feature","geometry":{"type":"Point","coordinates":[2.1684386480185274,48.95620473333791]},"properties":{"id":"IDFM:C01478","route_long_name":"12","stop_id":"IDFM:493502","stop_name":"Hippodrome","stop_lon":"2.1684386480185274","stop_lat":"48.95620473333791","operatorname":"Keolis Argenteuil Boucles de Seine","shortname":"12","bookingrules":null,"mode":"Bus","nom_commune":"Maisons-Laffitte","code_insee":"78358"}},{"type":"Feature","geometry":{"type":"Point","coordinates":[2.1598080342800765,48.957907172023305]},"properties":{"id":"IDFM:C01478","route_long_name":"12","stop_id":"IDFM:34923","stop_name":"Place Colbert","stop_lon":"2.1598080342800765","stop_lat":"48.957907172023305","operatorname":"Keolis Argenteuil Boucles de Seine","shortname":"12","bookingrules":null,"mode":"Bus","nom_commune":"Maisons-Laffitte","code_insee":"78358"}},{"type":"Feature","geometry":{"type":"Point","coordinates":[2.136144688156562,48.950337829649044]},"properties":{"id":"IDFM:C01478","route_long_name":"12","stop_id":"IDFM:34929","stop_name":"Cimeti\u00e8re","stop_lon":"2.136144688156562","stop_lat":"48.950337829649044","operatorname":"Keolis Argenteuil Boucles de Seine","shortname":"12","bookingrules":null,"mode":"Bus","nom_commune":"Maisons-Laffitte","code_insee":"78358"}},{"type":"Feature","geometry":{"type":"Point","coordinates":[2.136452997177397,48.94657198766537]},"properties":{"id":"IDFM:C01478","route_long_name":"12","stop_id":"IDFM:34931","stop_name":"Saint-Nicolas","stop_lon":"2.136452997177397","stop_lat":"48.94657198766537","operatorname":"Keolis Argenteuil Boucles de Seine","shortname":"12","bookingrules":null,"mode":"Bus","nom_commune":"Maisons-Laffitte","code_insee":"78358"}},{"type":"Feature","geometry":{"type":"Point","coordinates":[2.209550844181164,48.948452182047944]},"properties":{"id":"IDFM:C01822","route_long_name":"17","stop_id":"IDFM:20147","stop_name":"Charles Michels","stop_lon":"2.209550844181164","stop_lat":"48.948452182047944","operatorname":"Keolis Argenteuil Boucles de Seine","shortname":"17","bookingrules":null,"mode":"Bus","nom_commune":"Argenteuil","code_insee":"95018"}},{"type":"Feature","geometry":{"type":"Point","coordinates":[2.2174996895139505,48.94919678233608]},"properties":{"id":"IDFM:C01822","route_long_name":"17","stop_id":"IDFM:7440","stop_name":"Chanteloup","stop_lon":"2.2174996895139505","stop_lat":"48.94919678233608","operatorname":"Keolis Argenteuil Boucles de Seine","shortname":"17","bookingrules":null,"mode":"Bus","nom_commune":"Argenteuil","code_insee":"95018"}},{"type":"Feature","geometry":{"type":"Point","coordinates":[2.2320291910395116,48.95091844655486]},"properties":{"id":"IDFM:C01822","route_long_name":"17","stop_id":"IDFM:13101","stop_name":"Gare du Val d'Argenteuil","stop_lon":"2.2320291910395116","stop_lat":"48.95091844655486","operatorname":"Keolis Argenteuil Boucles de Seine","shortname":"17","bookingrules":null,"mode":"Bus","nom_commune":"Argenteuil","code_insee":"95018"}},{"type":"Feature","geometry":{"type":"Point","coordinates":[2.1156300273534936,48.89769482221307]},"properties":{"id":"IDFM:C00337","route_long_name":"G","stop_id":"IDFM:32192","stop_name":"R\u00e9publique","stop_lon":"2.1156300273534936","stop_lat":"48.89769482221307","operatorname":"Keolis Argenteuil Boucles de Seine","shortname":"G","bookingrules":null,"mode":"Bus","nom_commune":"Le V\u00e9sinet","code_insee":"78650"}},{"type":"Feature","geometry":{"type":"Point","coordinates":[2.120706621157122,48.91128521987783]},"properties":{"id":"IDFM:C00337","route_long_name":"G","stop_id":"IDFM:460476","stop_name":"Berges de Montesson","stop_lon":"2.120706621157122","stop_lat":"48.91128521987783","operatorname":"Keolis Argenteuil Boucles de Seine","shortname":"G","bookingrules":null,"mode":"Bus","nom_commune":"Montesson","code_insee":"78418"}},{"type":"Feature","geometry":{"type":"Point","coordinates":[2.1165535739782158,48.907576387488284]},"properties":{"id":"IDFM:C00337","route_long_name":"G","stop_id":"IDFM:460451","stop_name":"Hameau de Palfour","stop_lon":"2.1165535739782158","stop_lat":"48.907576387488284","operatorname":"Keolis Argenteuil Boucles de Seine","shortname":"G","bookingrules":null,"mode":"Bus","nom_commune":"Montesson","code_insee":"78418"}},{"type":"Feature","geometry":{"type":"Point","coordinates":[2.1613890093639028,48.9284661514053]},"properties":{"id":"IDFM:C00316","route_long_name":"J","stop_id":"IDFM:7707","stop_name":"Pavillons","stop_lon":"2.1613890093639028","stop_lat":"48.9284661514053","operatorname":"Keolis Argenteuil Boucles de Seine","shortname":"J","bookingrules":null,"mode":"Bus","nom_commune":"Sartrouville","code_insee":"78586"}},{"type":"Feature","geometry":{"type":"Point","coordinates":[2.1636893864925897,48.930550644236]},"properties":{"id":"IDFM:C00316","route_long_name":"J","stop_id":"IDFM:7705","stop_name":"Parmentier","stop_lon":"2.1636893864925897","stop_lat":"48.930550644236","operatorname":"Keolis Argenteuil Boucles de Seine","shortname":"J","bookingrules":null,"mode":"Bus","nom_commune":"Sartrouville","code_insee":"78586"}},{"type":"Feature","geometry":{"type":"Point","coordinates":[2.1792274041464,48.92414705661919]},"properties":{"id":"IDFM:C00317","route_long_name":"H","stop_id":"IDFM:19901","stop_name":"Diderot","stop_lon":"2.1792274041464","stop_lat":"48.92414705661919","operatorname":"Keolis Argenteuil Boucles de Seine","shortname":"H","bookingrules":null,"mode":"Bus","nom_commune":"Houilles","code_insee":"78311"}},{"type":"Feature","geometry":{"type":"Point","coordinates":[2.1975421970924605,48.937409977695616]},"properties":{"id":"IDFM:C00317","route_long_name":"H","stop_id":"IDFM:7726","stop_name":"Renoir","stop_lon":"2.1975421970924605","stop_lat":"48.937409977695616","operatorname":"Keolis Argenteuil Boucles de Seine","shortname":"H","bookingrules":null,"mode":"Bus","nom_commune":"Sartrouville","code_insee":"78586"}},{"type":"Feature","geometry":{"type":"Point","coordinates":[2.1860451210460132,48.93412193635513]},"properties":{"id":"IDFM:C00317","route_long_name":"H","stop_id":"IDFM:7621","stop_name":"\u00c9coles","stop_lon":"2.1860451210460132","stop_lat":"48.93412193635513","operatorname":"Keolis Argenteuil Boucles de Seine","shortname":"H","bookingrules":null,"mode":"Bus","nom_commune":"Houilles","code_insee":"78311"}},{"type":"Feature","geometry":{"type":"Point","coordinates":[2.1753270536999985,48.92913844011897]},"properties":{"id":"IDFM:C00317","route_long_name":"H","stop_id":"IDFM:7626","stop_name":"Lavoisier","stop_lon":"2.1753270536999985","stop_lat":"48.92913844011897","operatorname":"Keolis Argenteuil Boucles de Seine","shortname":"H","bookingrules":null,"mode":"Bus","nom_commune":"Houilles","code_insee":"78311"}},{"type":"Feature","geometry":{"type":"Point","coordinates":[2.172988974428475,48.927683429105734]},"properties":{"id":"IDFM:C00317","route_long_name":"H","stop_id":"IDFM:7633","stop_name":"Solf\u00e9rino","stop_lon":"2.172988974428475","stop_lat":"48.927683429105734","operatorname":"Keolis Argenteuil Boucles de Seine","shortname":"H","bookingrules":null,"mode":"Bus","nom_commune":"Houilles","code_insee":"78311"}},{"type":"Feature","geometry":{"type":"Point","coordinates":[2.1755499417266533,48.92196345284447]},"properties":{"id":"IDFM:C00317","route_long_name":"H","stop_id":"IDFM:462905","stop_name":"Arsenal","stop_lon":"2.1755499417266533","stop_lat":"48.92196345284447","operatorname":"Keolis Argenteuil Boucles de Seine","shortname":"H","bookingrules":null,"mode":"Bus","nom_commune":"Houilles","code_insee":"78311"}},{"type":"Feature","geometry":{"type":"Point","coordinates":[2.1065164178745417,48.89779805039364]},"properties":{"id":"IDFM:C00324","route_long_name":"1","stop_id":"IDFM:411959","stop_name":"Pont du Pecq","stop_lon":"2.1065164178745417","stop_lat":"48.89779805039364","operatorname":"Keolis Argenteuil Boucles de Seine","shortname":"1","bookingrules":null,"mode":"Bus","nom_commune":"Le Pecq","code_insee":"78481"}},{"type":"Feature","geometry":{"type":"Point","coordinates":[2.11179477743879,48.897828320900416]},"properties":{"id":"IDFM:C00324","route_long_name":"1","stop_id":"IDFM:34438","stop_name":"Jean Jaur\u00e8s","stop_lon":"2.11179477743879","stop_lat":"48.897828320900416","operatorname":"Keolis Argenteuil Boucles de Seine","shortname":"1","bookingrules":null,"mode":"Bus","nom_commune":"Le Pecq","code_insee":"78481"}},{"type":"Feature","geometry":{"type":"Point","coordinates":[2.135960488203651,48.89732161087038]},"properties":{"id":"IDFM:C00324","route_long_name":"1","stop_id":"IDFM:32198","stop_name":"Rond-Point Royal","stop_lon":"2.135960488203651","stop_lat":"48.89732161087038","operatorname":"Keolis Argenteuil Boucles de Seine","shortname":"1","bookingrules":null,"mode":"Bus","nom_commune":"Le V\u00e9sinet","code_insee":"78650"}},{"type":"Feature","geometry":{"type":"Point","coordinates":[2.1530731097649163,48.896850289633385]},"properties":{"id":"IDFM:C00324","route_long_name":"1","stop_id":"IDFM:32187","stop_name":"R\u00e9publique Leclerc","stop_lon":"2.1530731097649163","stop_lat":"48.896850289633385","operatorname":"Keolis Argenteuil Boucles de Seine","shortname":"1","bookingrules":null,"mode":"Bus","nom_commune":"Chatou","code_insee":"78146"}},{"type":"Feature","geometry":{"type":"Point","coordinates":[2.1609212177544634,48.90246343437718]},"properties":{"id":"IDFM:C00324","route_long_name":"1","stop_id":"IDFM:32033","stop_name":"Coll\u00e8ge Auguste Renoir","stop_lon":"2.1609212177544634","stop_lat":"48.90246343437718","operatorname":"Keolis Argenteuil Boucles de Seine","shortname":"1","bookingrules":null,"mode":"Bus","nom_commune":"Chatou","code_insee":"78146"}},{"type":"Feature","geometry":{"type":"Point","coordinates":[2.1702453867765743,48.905451222470056]},"properties":{"id":"IDFM:C00324","route_long_name":"1","stop_id":"IDFM:32017","stop_name":"Bercail","stop_lon":"2.1702453867765743","stop_lat":"48.905451222470056","operatorname":"Keolis Argenteuil Boucles de Seine","shortname":"1","bookingrules":null,"mode":"Bus","nom_commune":"Carri\u00e8res-sur-Seine","code_insee":"78124"}},{"type":"Feature","geometry":{"type":"Point","coordinates":[2.1731170740829633,48.88698968792305]},"properties":{"id":"IDFM:C00324","route_long_name":"1","stop_id":"IDFM:483034","stop_name":"Gare de Rueil-Malmaison","stop_lon":"2.1731170740829633","stop_lat":"48.88698968792305","operatorname":"Keolis Argenteuil Boucles de Seine","shortname":"1","bookingrules":null,"mode":"Bus","nom_commune":"Rueil-Malmaison","code_insee":"92063"}},{"type":"Feature","geometry":{"type":"Point","coordinates":[2.1765636070422243,48.909649721026085]},"properties":{"id":"IDFM:C00324","route_long_name":"1","stop_id":"IDFM:32323","stop_name":"G\u00e9n\u00e9ral Leclerc","stop_lon":"2.1765636070422243","stop_lat":"48.909649721026085","operatorname":"Keolis Argenteuil Boucles de Seine","shortname":"1","bookingrules":null,"mode":"Bus","nom_commune":"Carri\u00e8res-sur-Seine","code_insee":"78124"}},{"type":"Feature","geometry":{"type":"Point","coordinates":[2.1747875734270483,48.907218307798715]},"properties":{"id":"IDFM:C00324","route_long_name":"1","stop_id":"IDFM:32132","stop_name":"\u00c9galit\u00e9","stop_lon":"2.1747875734270483","stop_lat":"48.907218307798715","operatorname":"Keolis Argenteuil Boucles de Seine","shortname":"1","bookingrules":null,"mode":"Bus","nom_commune":"Carri\u00e8res-sur-Seine","code_insee":"78124"}},{"type":"Feature","geometry":{"type":"Point","coordinates":[2.1500491690130175,48.91246827997253]},"properties":{"id":"IDFM:C00324","route_long_name":"1","stop_id":"IDFM:474309","stop_name":"La Tour","stop_lon":"2.1500491690130175","stop_lat":"48.91246827997253","operatorname":"Keolis Argenteuil Boucles de Seine","shortname":"1","bookingrules":null,"mode":"Bus","nom_commune":"Montesson","code_insee":"78418"}},{"type":"Feature","geometry":{"type":"Point","coordinates":[2.142012848258821,48.9041821066041]},"properties":{"id":"IDFM:C00324","route_long_name":"1","stop_id":"IDFM:32112","stop_name":"Jules Ferry","stop_lon":"2.142012848258821","stop_lat":"48.9041821066041","operatorname":"Keolis Argenteuil Boucles de Seine","shortname":"1","bookingrules":null,"mode":"Bus","nom_commune":"Chatou","code_insee":"78146"}},{"type":"Feature","geometry":{"type":"Point","coordinates":[2.1335221766530403,48.90449870498602]},"properties":{"id":"IDFM:C00324","route_long_name":"1","stop_id":"IDFM:32281","stop_name":"Acacias","stop_lon":"2.1335221766530403","stop_lat":"48.90449870498602","operatorname":"Keolis Argenteuil Boucles de Seine","shortname":"1","bookingrules":null,"mode":"Bus","nom_commune":"Le V\u00e9sinet","code_insee":"78650"}},{"type":"Feature","geometry":{"type":"Point","coordinates":[2.124457491688169,48.90649226611713]},"properties":{"id":"IDFM:C00324","route_long_name":"1","stop_id":"IDFM:32145","stop_name":"Stade des Merlettes","stop_lon":"2.124457491688169","stop_lat":"48.90649226611713","operatorname":"Keolis Argenteuil Boucles de Seine","shortname":"1","bookingrules":null,"mode":"Bus","nom_commune":"Le V\u00e9sinet","code_insee":"78650"}},{"type":"Feature","geometry":{"type":"Point","coordinates":[2.096495997516836,48.897489041619565]},"properties":{"id":"IDFM:C00324","route_long_name":"1","stop_id":"IDFM:14026","stop_name":"Gare Saint-Germain-en-Laye - Rue Thiers","stop_lon":"2.096495997516836","stop_lat":"48.897489041619565","operatorname":"Keolis Argenteuil Boucles de Seine","shortname":"1","bookingrules":null,"mode":"Bus","nom_commune":"Saint-Germain-en-Laye","code_insee":"78551"}},{"type":"Feature","geometry":{"type":"Point","coordinates":[2.0616201655611315,48.897328765925856]},"properties":{"id":"IDFM:C00324","route_long_name":"1","stop_id":"IDFM:483810","stop_name":"Lyc\u00e9e International","stop_lon":"2.0616201655611315","stop_lat":"48.897328765925856","operatorname":"Keolis Argenteuil Boucles de Seine","shortname":"1","bookingrules":null,"mode":"Bus","nom_commune":"Saint-Germain-en-Laye","code_insee":"78551"}},{"type":"Feature","geometry":{"type":"Point","coordinates":[2.1619992993686212,48.900744259440415]},"properties":{"id":"IDFM:C00325","route_long_name":"12","stop_id":"IDFM:32108","stop_name":"Jean Jaur\u00e8s","stop_lon":"2.1619992993686212","stop_lat":"48.900744259440415","operatorname":"Keolis Argenteuil Boucles de Seine","shortname":"12","bookingrules":null,"mode":"Bus","nom_commune":"Chatou","code_insee":"78146"}},{"type":"Feature","geometry":{"type":"Point","coordinates":[2.1614368407744338,48.89924742451946]},"properties":{"id":"IDFM:C00325","route_long_name":"12","stop_id":"IDFM:32024","stop_name":"Carri\u00e8res Bellevue","stop_lon":"2.1614368407744338","stop_lat":"48.89924742451946","operatorname":"Keolis Argenteuil Boucles de Seine","shortname":"12","bookingrules":null,"mode":"Bus","nom_commune":"Chatou","code_insee":"78146"}},{"type":"Feature","geometry":{"type":"Point","coordinates":[2.1558239562100696,48.88534911327494]},"properties":{"id":"IDFM:C00325","route_long_name":"12","stop_id":"IDFM:32359","stop_name":"Gare de Chatou - Croissy","stop_lon":"2.1558239562100696","stop_lat":"48.88534911327494","operatorname":"Keolis Argenteuil Boucles de Seine","shortname":"12","bookingrules":null,"mode":"Bus","nom_commune":"Chatou","code_insee":"78146"}},{"type":"Feature","geometry":{"type":"Point","coordinates":[2.1600038495693545,48.890837542543544]},"properties":{"id":"IDFM:C00325","route_long_name":"12","stop_id":"IDFM:32060","stop_name":"Docteur Rochefort","stop_lon":"2.1600038495693545","stop_lat":"48.890837542543544","operatorname":"Keolis Argenteuil Boucles de Seine","shortname":"12","bookingrules":null,"mode":"Bus","nom_commune":"Chatou","code_insee":"78146"}},{"type":"Feature","geometry":{"type":"Point","coordinates":[2.1575133151178254,48.90062285351396]},"properties":{"id":"IDFM:C00325","route_long_name":"12","stop_id":"IDFM:32130","stop_name":"Marolles Bouvets","stop_lon":"2.1575133151178254","stop_lat":"48.90062285351396","operatorname":"Keolis Argenteuil Boucles de Seine","shortname":"12","bookingrules":null,"mode":"Bus","nom_commune":"Chatou","code_insee":"78146"}},{"type":"Feature","geometry":{"type":"Point","coordinates":[2.143453077309446,48.89873343807057]},"properties":{"id":"IDFM:C00325","route_long_name":"12","stop_id":"IDFM:32114","stop_name":"Sabinettes","stop_lon":"2.143453077309446","stop_lat":"48.89873343807057","operatorname":"Keolis Argenteuil Boucles de Seine","shortname":"12","bookingrules":null,"mode":"Bus","nom_commune":"Chatou","code_insee":"78146"}},{"type":"Feature","geometry":{"type":"Point","coordinates":[2.115430448041923,48.89659614823104]},"properties":{"id":"IDFM:C00325","route_long_name":"12","stop_id":"IDFM:32290","stop_name":"Route de Croissy","stop_lon":"2.115430448041923","stop_lat":"48.89659614823104","operatorname":"Keolis Argenteuil Boucles de Seine","shortname":"12","bookingrules":null,"mode":"Bus","nom_commune":"Le Pecq","code_insee":"78481"}},{"type":"Feature","geometry":{"type":"Point","coordinates":[2.136800792654629,48.88283918467546]},"properties":{"id":"IDFM:C00325","route_long_name":"12","stop_id":"IDFM:32276","stop_name":"Carrefour de la Croix","stop_lon":"2.136800792654629","stop_lat":"48.88283918467546","operatorname":"Keolis Argenteuil Boucles de Seine","shortname":"12","bookingrules":null,"mode":"Bus","nom_commune":"Croissy-sur-Seine","code_insee":"78190"}},{"type":"Feature","geometry":{"type":"Point","coordinates":[2.1426874489152734,48.878960298588275]},"properties":{"id":"IDFM:C00325","route_long_name":"12","stop_id":"IDFM:32156","stop_name":"Patte d'Oie","stop_lon":"2.1426874489152734","stop_lat":"48.878960298588275","operatorname":"Keolis Argenteuil Boucles de Seine","shortname":"12","bookingrules":null,"mode":"Bus","nom_commune":"Croissy-sur-Seine","code_insee":"78190"}},{"type":"Feature","geometry":{"type":"Point","coordinates":[2.136678084048126,48.902578927462294]},"properties":{"id":"IDFM:C00330","route_long_name":"A","stop_id":"IDFM:32035","stop_name":"Charmettes","stop_lon":"2.136678084048126","stop_lat":"48.902578927462294","operatorname":"Keolis Argenteuil Boucles de Seine","shortname":"A","bookingrules":null,"mode":"Bus","nom_commune":"Le V\u00e9sinet","code_insee":"78650"}},{"type":"Feature","geometry":{"type":"Point","coordinates":[2.139934052115303,48.90284517354759]},"properties":{"id":"IDFM:C00330","route_long_name":"A","stop_id":"IDFM:32119","stop_name":"Landes","stop_lon":"2.139934052115303","stop_lat":"48.90284517354759","operatorname":"Keolis Argenteuil Boucles de Seine","shortname":"A","bookingrules":null,"mode":"Bus","nom_commune":"Chatou","code_insee":"78146"}},{"type":"Feature","geometry":{"type":"Point","coordinates":[2.1526798310589497,48.90257628756355]},"properties":{"id":"IDFM:C00330","route_long_name":"A","stop_id":"IDFM:32126","stop_name":"Maurice de Vlaminck","stop_lon":"2.1526798310589497","stop_lat":"48.90257628756355","operatorname":"Keolis Argenteuil Boucles de Seine","shortname":"A","bookingrules":null,"mode":"Bus","nom_commune":"Chatou","code_insee":"78146"}},{"type":"Feature","geometry":{"type":"Point","coordinates":[2.1556909408925464,48.90280439885476]},"properties":{"id":"IDFM:C00330","route_long_name":"A","stop_id":"IDFM:474311","stop_name":"Renoir","stop_lon":"2.1556909408925464","stop_lat":"48.90280439885476","operatorname":"Keolis Argenteuil Boucles de Seine","shortname":"A","bookingrules":null,"mode":"Bus","nom_commune":"Chatou","code_insee":"78146"}},{"type":"Feature","geometry":{"type":"Point","coordinates":[2.1750352558113275,48.90708511459551]},"properties":{"id":"IDFM:C00330","route_long_name":"A","stop_id":"IDFM:32133","stop_name":"\u00c9galit\u00e9","stop_lon":"2.1750352558113275","stop_lat":"48.90708511459551","operatorname":"Keolis Argenteuil Boucles de Seine","shortname":"A","bookingrules":null,"mode":"Bus","nom_commune":"Carri\u00e8res-sur-Seine","code_insee":"78124"}},{"type":"Feature","geometry":{"type":"Point","coordinates":[2.1842257921601504,48.91347930720114]},"properties":{"id":"IDFM:C00330","route_long_name":"A","stop_id":"IDFM:32373","stop_name":"Maurice Berteaux","stop_lon":"2.1842257921601504","stop_lat":"48.91347930720114","operatorname":"Keolis Argenteuil Boucles de Seine","shortname":"A","bookingrules":null,"mode":"Bus","nom_commune":"Carri\u00e8res-sur-Seine","code_insee":"78124"}},{"type":"Feature","geometry":{"type":"Point","coordinates":[2.180124683232546,48.911373872150584]},"properties":{"id":"IDFM:C00330","route_long_name":"A","stop_id":"IDFM:32245","stop_name":"Mar\u00e9chal Juin","stop_lon":"2.180124683232546","stop_lat":"48.911373872150584","operatorname":"Keolis Argenteuil Boucles de Seine","shortname":"A","bookingrules":null,"mode":"Bus","nom_commune":"Carri\u00e8res-sur-Seine","code_insee":"78124"}},{"type":"Feature","geometry":{"type":"Point","coordinates":[2.1772873331624862,48.91219978440529]},"properties":{"id":"IDFM:C00330","route_long_name":"A","stop_id":"IDFM:32086","stop_name":"Grande Rue","stop_lon":"2.1772873331624862","stop_lat":"48.91219978440529","operatorname":"Keolis Argenteuil Boucles de Seine","shortname":"A","bookingrules":null,"mode":"Bus","nom_commune":"Carri\u00e8res-sur-Seine","code_insee":"78124"}},{"type":"Feature","geometry":{"type":"Point","coordinates":[2.168052091581511,48.90440177737852]},"properties":{"id":"IDFM:C00330","route_long_name":"A","stop_id":"IDFM:32146","stop_name":"Monceau","stop_lon":"2.168052091581511","stop_lat":"48.90440177737852","operatorname":"Keolis Argenteuil Boucles de Seine","shortname":"A","bookingrules":null,"mode":"Bus","nom_commune":"Carri\u00e8res-sur-Seine","code_insee":"78124"}},{"type":"Feature","geometry":{"type":"Point","coordinates":[2.163562079026413,48.901114918028746]},"properties":{"id":"IDFM:C00330","route_long_name":"A","stop_id":"IDFM:32105","stop_name":"Parc de l'Europe","stop_lon":"2.163562079026413","stop_lat":"48.901114918028746","operatorname":"Keolis Argenteuil Boucles de Seine","shortname":"A","bookingrules":null,"mode":"Bus","nom_commune":"Chatou","code_insee":"78146"}},{"type":"Feature","geometry":{"type":"Point","coordinates":[2.1400425791033415,48.90288192627981]},"properties":{"id":"IDFM:C00330","route_long_name":"A","stop_id":"IDFM:32118","stop_name":"Landes","stop_lon":"2.1400425791033415","stop_lat":"48.90288192627981","operatorname":"Keolis Argenteuil Boucles de Seine","shortname":"A","bookingrules":null,"mode":"Bus","nom_commune":"Chatou","code_insee":"78146"}},{"type":"Feature","geometry":{"type":"Point","coordinates":[2.1269700217834657,48.88439573192478]},"properties":{"id":"IDFM:C00332","route_long_name":"E","stop_id":"IDFM:32229","stop_name":"Henri R\u00e9gnault","stop_lon":"2.1269700217834657","stop_lat":"48.88439573192478","operatorname":"Keolis Argenteuil Boucles de Seine","shortname":"E","bookingrules":null,"mode":"Bus","nom_commune":"Le V\u00e9sinet","code_insee":"78650"}},{"type":"Feature","geometry":{"type":"Point","coordinates":[2.129809563449095,48.87605239029258]},"properties":{"id":"IDFM:C00332","route_long_name":"E","stop_id":"IDFM:32041","stop_name":"Rue Eug\u00e8ne Labiche","stop_lon":"2.129809563449095","stop_lat":"48.87605239029258","operatorname":"Keolis Argenteuil Boucles de Seine","shortname":"E","bookingrules":null,"mode":"Bus","nom_commune":"Croissy-sur-Seine","code_insee":"78190"}},{"type":"Feature","geometry":{"type":"Point","coordinates":[2.13230112898713,48.87463150052275]},"properties":{"id":"IDFM:C00332","route_long_name":"E","stop_id":"IDFM:474318","stop_name":"Lucien Guitry","stop_lon":"2.13230112898713","stop_lat":"48.87463150052275","operatorname":"Keolis Argenteuil Boucles de Seine","shortname":"E","bookingrules":null,"mode":"Bus","nom_commune":"Croissy-sur-Seine","code_insee":"78190"}},{"type":"Feature","geometry":{"type":"Point","coordinates":[2.1424150670570614,48.8789403605375]},"properties":{"id":"IDFM:C00332","route_long_name":"E","stop_id":"IDFM:32157","stop_name":"Patte d'Oie","stop_lon":"2.1424150670570614","stop_lat":"48.8789403605375","operatorname":"Keolis Argenteuil Boucles de Seine","shortname":"E","bookingrules":null,"mode":"Bus","nom_commune":"Croissy-sur-Seine","code_insee":"78190"}},{"type":"Feature","geometry":{"type":"Point","coordinates":[2.1558239562100696,48.88534911327494]},"properties":{"id":"IDFM:C00332","route_long_name":"E","stop_id":"IDFM:32359","stop_name":"Gare de Chatou - Croissy","stop_lon":"2.1558239562100696","stop_lat":"48.88534911327494","operatorname":"Keolis Argenteuil Boucles de Seine","shortname":"E","bookingrules":null,"mode":"Bus","nom_commune":"Chatou","code_insee":"78146"}},{"type":"Feature","geometry":{"type":"Point","coordinates":[2.148026451739136,48.880167574978834]},"properties":{"id":"IDFM:C00332","route_long_name":"E","stop_id":"IDFM:32196","stop_name":"La Roseraie","stop_lon":"2.148026451739136","stop_lat":"48.880167574978834","operatorname":"Keolis Argenteuil Boucles de Seine","shortname":"E","bookingrules":null,"mode":"Bus","nom_commune":"Croissy-sur-Seine","code_insee":"78190"}},{"type":"Feature","geometry":{"type":"Point","coordinates":[2.137087864802486,48.872921343062416]},"properties":{"id":"IDFM:C00332","route_long_name":"E","stop_id":"IDFM:494355","stop_name":"Augier","stop_lon":"2.137087864802486","stop_lat":"48.872921343062416","operatorname":"Keolis Argenteuil Boucles de Seine","shortname":"E","bookingrules":null,"mode":"Bus","nom_commune":"Croissy-sur-Seine","code_insee":"78190"}},{"type":"Feature","geometry":{"type":"Point","coordinates":[2.1348156719014635,48.88659314045647]},"properties":{"id":"IDFM:C00332","route_long_name":"E","stop_id":"IDFM:32184","stop_name":"Pr\u00e9sident Roosevelt","stop_lon":"2.1348156719014635","stop_lat":"48.88659314045647","operatorname":"Keolis Argenteuil Boucles de Seine","shortname":"E","bookingrules":null,"mode":"Bus","nom_commune":"Le V\u00e9sinet","code_insee":"78650"}},{"type":"Feature","geometry":{"type":"Point","coordinates":[2.1847204063741144,48.90977746010932]},"properties":{"id":"IDFM:C00334","route_long_name":"K","stop_id":"IDFM:32104","stop_name":"Jardins Sportifs","stop_lon":"2.1847204063741144","stop_lat":"48.90977746010932","operatorname":"Keolis Argenteuil Boucles de Seine","shortname":"K","bookingrules":null,"mode":"Bus","nom_commune":"Carri\u00e8res-sur-Seine","code_insee":"78124"}},{"type":"Feature","geometry":{"type":"Point","coordinates":[2.1878687431344748,48.90911535912226]},"properties":{"id":"IDFM:C00334","route_long_name":"K","stop_id":"IDFM:32369","stop_name":"3 Buttes","stop_lon":"2.1878687431344748","stop_lat":"48.90911535912226","operatorname":"Keolis Argenteuil Boucles de Seine","shortname":"K","bookingrules":null,"mode":"Bus","nom_commune":"Carri\u00e8res-sur-Seine","code_insee":"78124"}},{"type":"Feature","geometry":{"type":"Point","coordinates":[2.198071275814693,48.91194501788723]},"properties":{"id":"IDFM:C00334","route_long_name":"K","stop_id":"IDFM:32231","stop_name":"Z.I. des Amandiers","stop_lon":"2.198071275814693","stop_lat":"48.91194501788723","operatorname":"Keolis Argenteuil Boucles de Seine","shortname":"K","bookingrules":null,"mode":"Bus","nom_commune":"Carri\u00e8res-sur-Seine","code_insee":"78124"}},{"type":"Feature","geometry":{"type":"Point","coordinates":[2.2013842625588036,48.917444004910806]},"properties":{"id":"IDFM:C00334","route_long_name":"K","stop_id":"IDFM:494768","stop_name":"Colombier","stop_lon":"2.2013842625588036","stop_lat":"48.917444004910806","operatorname":"Keolis Argenteuil Boucles de Seine","shortname":"K","bookingrules":null,"mode":"Bus","nom_commune":"Bezons","code_insee":"95063"}},{"type":"Feature","geometry":{"type":"Point","coordinates":[2.174885950782925,48.91478231312707]},"properties":{"id":"IDFM:C00335","route_long_name":"C","stop_id":"IDFM:474297","stop_name":"Cerisier","stop_lon":"2.174885950782925","stop_lat":"48.91478231312707","operatorname":"Keolis Argenteuil Boucles de Seine","shortname":"C","bookingrules":null,"mode":"Bus","nom_commune":"Carri\u00e8res-sur-Seine","code_insee":"78124"}},{"type":"Feature","geometry":{"type":"Point","coordinates":[2.1500491690130175,48.91246827997253]},"properties":{"id":"IDFM:C00335","route_long_name":"C","stop_id":"IDFM:474309","stop_name":"La Tour","stop_lon":"2.1500491690130175","stop_lat":"48.91246827997253","operatorname":"Keolis Argenteuil Boucles de Seine","shortname":"C","bookingrules":null,"mode":"Bus","nom_commune":"Montesson","code_insee":"78418"}},{"type":"Feature","geometry":{"type":"Point","coordinates":[2.148026451739136,48.880167574978834]},"properties":{"id":"IDFM:C00336","route_long_name":"M","stop_id":"IDFM:32196","stop_name":"La Roseraie","stop_lon":"2.148026451739136","stop_lat":"48.880167574978834","operatorname":"Keolis Argenteuil Boucles de Seine","shortname":"M","bookingrules":null,"mode":"Bus","nom_commune":"Croissy-sur-Seine","code_insee":"78190"}},{"type":"Feature","geometry":{"type":"Point","coordinates":[2.132520489823439,48.884382115370514]},"properties":{"id":"IDFM:C00336","route_long_name":"M","stop_id":"IDFM:32182","stop_name":"Princesse Croissy","stop_lon":"2.132520489823439","stop_lat":"48.884382115370514","operatorname":"Keolis Argenteuil Boucles de Seine","shortname":"M","bookingrules":null,"mode":"Bus","nom_commune":"Le V\u00e9sinet","code_insee":"78650"}},{"type":"Feature","geometry":{"type":"Point","coordinates":[2.1294268234883904,48.89160842123366]},"properties":{"id":"IDFM:C00336","route_long_name":"M","stop_id":"IDFM:32325","stop_name":"\u00c9mile Thi\u00e9baut","stop_lon":"2.1294268234883904","stop_lat":"48.89160842123366","operatorname":"Keolis Argenteuil Boucles de Seine","shortname":"M","bookingrules":null,"mode":"Bus","nom_commune":"Le V\u00e9sinet","code_insee":"78650"}},{"type":"Feature","geometry":{"type":"Point","coordinates":[2.1214161837396897,48.89834896402686]},"properties":{"id":"IDFM:C00336","route_long_name":"M","stop_id":"IDFM:460450","stop_name":"Gare du V\u00e9sinet - Le Pecq","stop_lon":"2.1214161837396897","stop_lat":"48.89834896402686","operatorname":"Keolis Argenteuil Boucles de Seine","shortname":"M","bookingrules":null,"mode":"Bus","nom_commune":"Le V\u00e9sinet","code_insee":"78650"}},{"type":"Feature","geometry":{"type":"Point","coordinates":[2.143799284949786,48.881000797432385]},"properties":{"id":"IDFM:C00336","route_long_name":"M","stop_id":"IDFM:32227","stop_name":"Verdun","stop_lon":"2.143799284949786","stop_lat":"48.881000797432385","operatorname":"Keolis Argenteuil Boucles de Seine","shortname":"M","bookingrules":null,"mode":"Bus","nom_commune":"Croissy-sur-Seine","code_insee":"78190"}},{"type":"Feature","geometry":{"type":"Point","coordinates":[2.1490818707881876,48.879833326755325]},"properties":{"id":"IDFM:C00336","route_long_name":"M","stop_id":"IDFM:32197","stop_name":"La Roseraie","stop_lon":"2.1490818707881876","stop_lat":"48.879833326755325","operatorname":"Keolis Argenteuil Boucles de Seine","shortname":"M","bookingrules":null,"mode":"Bus","nom_commune":"Croissy-sur-Seine","code_insee":"78190"}}]}